0.0,0.0,0.0,0.9999999057869288,-2.7052538186627314e-05,-0.00034250535741876245,-0.0002653005348309855,0.9999997840480933,1.8460719792497066e-05,0.00032664279548399365,0.0005699714492089781,0.9999999232045563,0.0,0.0,-0.0001943811467877551,0.9999999654758848,2.751469810483959e-05,-0.00018774254120656968,-0.00018177983634974266,0.0,0.0,0.9999998876906698,-6.119768351835829e-06,0.00027482460025143423,0.0003860733547374275,0.9999999844866544,0.0,0.0,-0.00010534273365722772,0.9999982998151143,-0.00011350720596726493,0.0018400854576626955,3.960433567272604e-05,0.0,0.0,1.0,0.0,0.0,0.0,1.0,0.0,0.0,0.0,1.0,0.0,0.0,0.0,0.0,0.0,0.0,1.0,0.0,0.0,0.0,1.0,0.0,0.0,0.0,0.0,0.0,0.0
0.0,0.0,0.0,0.9999999057869288,-2.7052538186627314e-05,-0.00034250535741876245,-0.0002653005348309855,0.9999997840480933,1.8460719792497066e-05,0.00032664279548399365,0.0005699714492089781,0.9999999232045563,0.0,0.0,-0.0001943811467877551,0.9999999654758848,2.751469810483959e-05,-0.00018774254120656968,-0.00018177983634974266,0.0,0.0,0.9999998876906698,-6.119768351835829e-06,0.00027482460025143423,0.0003860733547374275,0.9999999844866544,0.0,0.0,-0.00010534273365722772,0.9999982998151143,-0.00011350720596726493,0.0018400854576626955,3.960433567272604e-05,0.0,0.0,1.0,0.0,0.0,0.0,1.0,0.0,0.0,0.0,1.0,0.0,0.0,0.0,0.0,0.0,0.0,1.0,0.0,0.0,0.0,1.0,0.0,0.0,0.0,0.0,0.0,0.0
0.0,0.0,0.0,0.9999999144457993,-1.0666372709669604e-05,-0.0003471068603383212,-0.00022474752530170637,0.999999802482311,4.5182811476150864e-06,0.00033419210229439065,0.0005322880450311756,0.9999999237355917,0.0,0.0,-0.00019725194610775454,0.9999999689375753,4.287250535605279e-06,-0.0001922101412110524,-0.0001586244922758077,0.0,0.0,0.9999999010136935,-2.2508122426387115e-05,0.00027942942902792564,0.00034552160841031887,0.9999999844866544,0.0,0.0,-0.00010534273365722772,0.999998306878959,-0.0001138443712505479,0.0018361939255005916,4.087226954328718e-05,0.0,0.0,1.0,0.0,0.0,0.0,1.0,0.0,0.0,0.0,1.0,0.0,0.0,0.0,0.0,0.0,0.0,1.0,0.0,0.0,0.0,1.0,0.0,0.0,0.0,0.0,0.0,0.0
0.0,0.0,0.0,0.9999999144457993,-1.0666372709669604e-05,-0.0003471068603383212,-0.00022474752530170637,0.999999802482311,4.5182811476150864e-06,0.00033419210229439065,0.0005322880450311756,0.9999999237355917,0.0,0.0,-0.00019725194610775454,0.9999999689375753,4.287250535605279e-06,-0.0001922101412110524,-0.0001586244922758077,0.0,0.0,0.9999999010136935,-2.2508122426387115e-05,0.00027942942902792564,0.00034552160841031887,0.9999999844866544,0.0,0.0,-0.00010534273365722772,0.999998306878959,-0.0001138443712505479,0.0018361939255005916,4.087226954328718e-05,0.0,0.0,1.0,0.0,0.0,0.0,1.0,0.0,0.0,0.0,1.0,0.0,0.0,0.0,0.0,0.0,0.0,1.0,0.0,0.0,0.0,1.0,0.0,0.0,0.0,0.0,0.0,0.0
0.0,0.0,0.0,0.9999999144457993,-1.0666372709669604e-05,-0.0003471068603383212,-0.00022474752530170637,0.999999802482311,4.5182811476150864e-06,0.00033419210229439065,0.0005322880450311756,0.9999999221076732,0.0,0.0,-0.00020606757359426656,0.9999999736828052,2.7913005204746544e-05,-0.00018932332263441555,-0.00012653826547418144,0.0,0.0,0.9999999010136935,-2.2508122426387115e-05,0.00027942942902792564,0.00034552160841031887,0.9999999845847586,0.0,0.0,-0.00011044583121319573,0.9999983278906318,-7.526433820896142e-05,0.0018271671127723323,3.4002316936716727e-06,0.0,0.0,1.0,0.0,0.0,0.0,1.0,0.0,0.0,0.0,1.0,0.0,0.0,0.0,0.0,0.0,0.0,1.0,0.0,0.0,0.0,1.0,0.0,0.0,0.0,0.0,0.0,0.0
0.0,0.0,0.0,0.9999999144457993,-1.0666372709669604e-05,-0.0003471068603383212,-0.00022474752530170637,0.999999802482311,4.5182811476150864e-06,0.00033419210229439065,0.0005322880450311756,0.9999999221076732,0.0,0.0,-0.00020606757359426656,0.9999999736828052,2.7913005204746544e-05,-0.00018932332263441555,-0.00012653826547418144,0.0,0.0,0.9999999010136935,-2.2508122426387115e-05,0.00027942942902792564,0.00034552160841031887,0.9999999845847586,0.0,0.0,-0.00011044583121319573,0.9999983278906318,-7.526433820896142e-05,0.0018271671127723323,3.4002316936716727e-06,0.0,0.0,1.0,0.0,0.0,0.0,1.0,0.0,0.0,0.0,1.0,0.0,0.0,0.0,0.0,0.0,0.0,1.0,0.0,0.0,0.0,1.0,0.0,0.0,0.0,0.0,0.0,0.0
0.0,0.0,0.0,0.9999999142808872,7.040568998022558e-06,-0.0003486278261765109,-0.00022326506135521922,0.9999997922756136,-2.0744240819920666e-05,0.0003515102572634082,0.0005398693776978812,0.9999999252170332,0.0,0.0,-0.00021512597885102087,0.9999999736828052,2.7913005204746544e-05,-0.00018932332263441555,-0.00012653826547418144,0.0,0.0,0.9999999005422999,-4.021498058871056e-05,0.00028095258247495125,0.0003440403932084186,0.9999999844651174,0.0,0.0,-0.00012451331990808478,0.9999983198467808,-6.300149966768113e-05,0.001831946652067222,1.748972555075295e-05,0.0,0.0,1.0,0.0,0.0,0.0,1.0,0.0,0.0,0.0,1.0,0.0,0.0,0.0,0.0,0.0,0.0,1.0,0.0,0.0,0.0,1.0,0.0,0.0,0.0,0.0,0.0,0.0
0.0,0.0,0.0,0.9999999142808872,7.040568998022558e-06,-0.0003486278261765109,-0.00022326506135521922,0.9999997922756136,-2.0744240819920666e-05,0.0003515102572634082,0.0005398693776978812,0.9999999252170332,0.0,0.0,-0.00021512597885102087,0.9999999736828052,2.7913005204746544e-05,-0.00018932332263441555,-0.00012653826547418144,0.0,0.0,0.9999999005422999,-4.021498058871056e-05,0.00028095258247495125,0.0003440403932084186,0.9999999844651174,0.0,0.0,-0.00012451331990808478,0.9999983198467808,-6.300149966768113e-05,0.001831946652067222,1.748972555075295e-05,0.0,0.0,1.0,0.0,0.0,0.0,1.0,0.0,0.0,0.0,1.0,0.0,0.0,0.0,0.0,0.0,0.0,1.0,0.0,0.0,0.0,1.0,0.0,0.0,0.0,0.0,0.0,0.0
0.0,0.0,0.0,0.9999999196044355,6.270849895209439e-06,-0.00034086862345302594,-0.00021109329833481603,0.9999998014857411,-1.997694329456826e-05,0.0003437509793856821,0.0005276975120124671,0.9999999243071007,0.0,0.0,-0.00021672877443067873,0.9999999707519532,4.128372742259188e-05,-0.00019297984342642966,-0.00013982319724213652,0.0,0.0,0.9999999062322482,-3.606998522501823e-05,0.00027752480734956895,0.00033047606909229543,0.9999999849725517,0.0,0.0,-0.00012312157280013452,0.9999983198467808,-6.300149966768113e-05,0.001831946652067222,1.748972555075295e-05,0.0,0.0,1.0,0.0,0.0,0.0,1.0,0.0,0.0,0.0,1.0,0.0,0.0,0.0,0.0,0.0,0.0,1.0,0.0,0.0,0.0,1.0,0.0,0.0,0.0,0.0,0.0,0.0
0.0,0.0,0.0,0.9999999196044355,6.270849895209439e-06,-0.00034086862345302594,-0.00021109329833481603,0.9999998014857411,-1.997694329456826e-05,0.0003437509793856821,0.0005276975120124671,0.9999999243071007,0.0,0.0,-0.00021672877443067873,0.9999999707519532,4.128372742259188e-05,-0.00019297984342642966,-0.00013982319724213652,0.0,0.0,0.9999999062322482,-3.606998522501823e-05,0.00027752480734956895,0.00033047606909229543,0.9999999849725517,0.0,0.0,-0.00012312157280013452,0.9999983198467808,-6.300149966768113e-05,0.001831946652067222,1.748972555075295e-05,0.0,0.0,1.0,0.0,0.0,0.0,1.0,0.0,0.0,0.0,1.0,0.0,0.0,0.0,0.0,0.0,0.0,1.0,0.0,0.0,0.0,1.0,0.0,0.0,0.0,0.0,0.0,0.0
0.0,0.0,0.0,0.9999999196044355,6.270849895209439e-06,-0.00034086862345302594,-0.00021109329833481603,0.9999997955431411,-2.2526767350524984e-05,0.0003585738075720288,0.0005289905908903343,0.9999999309143787,0.0,0.0,-0.00020846790519972761,0.9999999689413356,5.100665560650066e-05,-0.00019288073225418652,-0.0001493742683819388,0.0,0.0,0.9999998992606456,-4.69342529233128e-05,0.00027449394934306537,0.0003520354335882062,0.9999999807742789,0.0,0.0,-0.0001446783950199378,0.9999983261299121,-6.463023673531097e-05,0.0018280337782663584,4.304429929890813e-05,0.0,0.0,1.0,0.0,0.0,0.0,1.0,0.0,0.0,0.0,1.0,0.0,0.0,0.0,0.0,0.0,0.0,1.0,0.0,0.0,0.0,1.0,0.0,0.0,0.0,0.0,0.0,0.0
0.0,0.0,0.0,0.9999999196044355,6.270849895209439e-06,-0.00034086862345302594,-0.00021109329833481603,0.9999997955431411,-2.2526767350524984e-05,0.0003585738075720288,0.0005289905908903343,0.9999999309143787,0.0,0.0,-0.00020846790519972761,0.9999999689413356,5.100665560650066e-05,-0.00019288073225418652,-0.0001493742683819388,0.0,0.0,0.9999998992606456,-4.69342529233128e-05,0.00027449394934306537,0.0003520354335882062,0.9999999807742789,0.0,0.0,-0.0001446783950199378,0.9999983261299121,-6.463023673531097e-05,0.0018280337782663584,4.304429929890813e-05,0.0,0.0,1.0,0.0,0.0,0.0,1.0,0.0,0.0,0.0,1.0,0.0,0.0,0.0,0.0,0.0,0.0,1.0,0.0,0.0,0.0,1.0,0.0,0.0,0.0,0.0,0.0,0.0
0.0,0.0,0.0,0.9999999211597242,-8.877920013007354e-07,-0.00034328262045525855,-0.00019959158204678162,0.9999998206827749,5.225360651404494e-06,0.0003545461555945326,0.0004826014268369187,0.9999999357371697,0.0,0.0,-0.00017359407002003687,0.9999999695274872,4.6977641265366526e-05,-0.00020053083750227706,-0.00013610844693307946,0.0,0.0,0.999999902888595,-3.977603431748854e-05,0.00027690740577138504,0.000340533340882249,0.9999999807742789,0.0,0.0,-0.0001446783950199378,0.9999983455773804,-6.303831094991342e-05,0.0018160354370999154,8.296965986318678e-05,0.0,0.0,1.0,0.0,0.0,0.0,1.0,0.0,0.0,0.0,1.0,0.0,0.0,0.0,0.0,0.0,0.0,1.0,0.0,0.0,0.0,1.0,0.0,0.0,0.0,0.0,0.0,0.0
0.0,0.0,0.0,0.9999999211597242,-8.877920013007354e-07,-0.00034328262045525855,-0.00019959158204678162,0.9999998206827749,5.225360651404494e-06,0.0003545461555945326,0.0004826014268369187,0.9999999357371697,0.0,0.0,-0.00017359407002003687,0.9999999695274872,4.6977641265366526e-05,-0.00020053083750227706,-0.00013610844693307946,0.0,0.0,0.999999902888595,-3.977603431748854e-05,0.00027690740577138504,0.000340533340882249,0.9999999807742789,0.0,0.0,-0.0001446783950199378,0.9999983455773804,-6.303831094991342e-05,0.0018160354370999154,8.296965986318678e-05,0.0,0.0,1.0,0.0,0.0,0.0,1.0,0.0,0.0,0.0,1.0,0.0,0.0,0.0,0.0,0.0,0.0,1.0,0.0,0.0,0.0,1.0,0.0,0.0,0.0,0.0,0.0,0.0
0.0,0.0,0.0,0.9999999194827096,3.4773468580764003e-06,-0.00034043532153402514,-0.00021242945717683912,0.9999998154230851,8.592715498114457e-07,0.0003517001466191549,0.0004954392638930786,0.9999999357371697,0.0,0.0,-0.00017359407002003687,0.9999999695274872,4.6977641265366526e-05,-0.00020053083750227706,-0.00013610844693307946,0.0,0.0,0.9999998992940123,-5.087871397734435e-05,0.0002788121726182816,0.00034797570929455,0.9999999805417458,0.0,0.0,-0.00013928056899652878,0.9999983455773804,-6.303831094991342e-05,0.0018160354370999154,8.296965986318678e-05,0.0,0.0,1.0,0.0,0.0,0.0,1.0,0.0,0.0,0.0,1.0,0.0,0.0,0.0,0.0,0.0,0.0,1.0,0.0,0.0,0.0,1.0,0.0,0.0,0.0,0.0,0.0,0.0
0.0,0.0,0.0,0.9999999194827096,3.4773468580764003e-06,-0.00034043532153402514,-0.00021242945717683912,0.9999998154230851,8.592715498114457e-07,0.0003517001466191549,0.0004954392638930786,0.9999999357371697,0.0,0.0,-0.00017359407002003687,0.9999999695274872,4.6977641265366526e-05,-0.00020053083750227706,-0.00013610844693307946,0.0,0.0,0.9999998992940123,-5.087871397734435e-05,0.0002788121726182816,0.00034797570929455,0.9999999805417458,0.0,0.0,-0.00013928056899652878,0.9999983455773804,-6.303831094991342e-05,0.0018160354370999154,8.296965986318678e-05,0.0,0.0,1.0,0.0,0.0,0.0,1.0,0.0,0.0,0.0,1.0,0.0,0.0,0.0,0.0,0.0,0.0,1.0,0.0,0.0,0.0,1.0,0.0,0.0,0.0,0.0,0.0,0.0
0.0,0.0,0.0,0.9999999194827096,3.4773468580764003e-06,-0.00034043532153402514,-0.00021242945717683912,0.9999998154230851,8.592715498114457e-07,0.0003517001466191549,0.0004954392638930786,0.9999999352092271,0.0,0.0,-0.0001682590689284961,0.999999971056619,4.879294898878005e-05,-0.00020361228800445027,-0.00011852445092430967,0.0,0.0,0.9999998967456073,-6.085894149264958e-05,0.000289441254185757,0.00034500539752903585,0.9999999798326866,0.0,0.0,-0.0001341689106255624,0.9999983351268082,-6.971456996344011e-05,0.001821394827292586,8.604866972223126e-05,0.0,0.0,1.0,0.0,0.0,0.0,1.0,0.0,0.0,0.0,1.0,0.0,0.0,0.0,0.0,0.0,0.0,1.0,0.0,0.0,0.0,1.0,0.0,0.0,0.0,0.0,0.0,0.0
0.0,0.0,0.0,0.9999999194827096,3.4773468580764003e-06,-0.00034043532153402514,-0.00021242945717683912,0.9999998154230851,8.592715498114457e-07,0.0003517001466191549,0.0004954392638930786,0.9999999352092271,0.0,0.0,-0.0001682590689284961,0.999999971056619,4.879294898878005e-05,-0.00020361228800445027,-0.00011852445092430967,0.0,0.0,0.9999998967456073,-6.085894149264958e-05,0.000289441254185757,0.00034500539752903585,0.9999999798326866,0.0,0.0,-0.0001341689106255624,0.9999983351268082,-6.971456996344011e-05,0.001821394827292586,8.604866972223126e-05,0.0,0.0,1.0,0.0,0.0,0.0,1.0,0.0,0.0,0.0,1.0,0.0,0.0,0.0,0.0,0.0,0.0,1.0,0.0,0.0,0.0,1.0,0.0,0.0,0.0,0.0,0.0,0.0
0.0,0.0,0.0,0.9999999194827096,3.4773468580764003e-06,-0.00034043532153402514,-0.00021242945717683912,0.9999998129187129,-1.0639099092389596e-06,0.00035502644279625397,0.0004981140755589887,0.9999999289675564,0.0,0.0,-0.000194248022049214,0.9999999736373233,2.4570524648979148e-05,-0.00020848893318385457,-9.302691473976217e-05,0.0,0.0,0.9999998967456073,-6.085894149264958e-05,0.000289441254185757,0.00034500539752903585,0.9999999811899947,0.0,0.0,-0.0001251559469089282,0.9999983384943825,-6.87495140818587e-05,0.001819985494336677,7.70375189802394e-05,0.0,0.0,1.0,0.0,0.0,0.0,1.0,0.0,0.0,0.0,1.0,0.0,0.0,0.0,0.0,0.0,0.0,1.0,0.0,0.0,0.0,1.0,0.0,0.0,0.0,0.0,0.0,0.0
0.0,0.0,0.0,0.9999999194827096,3.4773468580764003e-06,-0.00034043532153402514,-0.00021242945717683912,0.9999998129187129,-1.0639099092389596e-06,0.00035502644279625397,0.0004981140755589887,0.9999999289675564,0.0,0.0,-0.000194248022049214,0.9999999736373233,2.4570524648979148e-05,-0.00020848893318385457,-9.302691473976217e-05,0.0,0.0,0.9999998967456073,-6.085894149264958e-05,0.000289441254185757,0.00034500539752903585,0.9999999811899947,0.0,0.0,-0.0001251559469089282,0.9999983384943825,-6.87495140818587e-05,0.001819985494336677,7.70375189802394e-05,0.0,0.0,1.0,0.0,0.0,0.0,1.0,0.0,0.0,0.0,1.0,0.0,0.0,0.0,0.0,0.0,0.0,1.0,0.0,0.0,0.0,1.0,0.0,0.0,0.0,0.0,0.0,0.0
0.0,0.0,0.0,0.9999999210873123,-8.595233910744813e-06,-0.0003316242899604057,-0.00021857909707311175,0.9999998177821529,6.940202664030249e-06,0.00035224083101701326,0.0004902182083768493,0.9999999335476665,0.0,0.0,-0.0001801995780930439,0.9999999736373233,2.4570524648979148e-05,-0.00020848893318385457,-9.302691473976217e-05,0.0,0.0,0.9999998977792496,-4.8787215391770506e-05,0.0002806282691177364,0.00035115391599346233,0.9999999811899947,0.0,0.0,-0.0001251559469089282,0.9999983292159668,-4.630322863771895e-05,0.001827396846427387,6.484714846706089e-06,0.0,0.0,1.0,0.0,0.0,0.0,1.0,0.0,0.0,0.0,1.0,0.0,0.0,0.0,0.0,0.0,0.0,1.0,0.0,0.0,0.0,1.0,0.0,0.0,0.0,0.0,0.0,0.0
0.0,0.0,0.0,0.9999999210873123,-8.595233910744813e-06,-0.0003316242899604057,-0.00021857909707311175,0.9999998177821529,6.940202664030249e-06,0.00035224083101701326,0.0004902182083768493,0.9999999335476665,0.0,0.0,-0.0001801995780930439,0.9999999736373233,2.4570524648979148e-05,-0.00020848893318385457,-9.302691473976217e-05,0.0,0.0,0.9999998977792496,-4.8787215391770506e-05,0.0002806282691177364,0.00035115391599346233,0.9999999811899947,0.0,0.0,-0.0001251559469089282,0.9999983292159668,-4.630322863771895e-05,0.001827396846427387,6.484714846706089e-06,0.0,0.0,1.0,0.0,0.0,0.0,1.0,0.0,0.0,0.0,1.0,0.0,0.0,0.0,0.0,0.0,0.0,1.0,0.0,0.0,0.0,1.0,0.0,0.0,0.0,0.0,0.0,0.0
0.0,0.0,0.0,0.9999999229343983,8.522544843538215e-06,-0.000340981969293037,-0.00019439614297839532,0.9999998259755135,-1.0174534918484603e-05,0.00036160320197928204,0.0004660349190131752,0.9999999346050704,0.0,0.0,-0.00017837773122502155,0.9999999740723517,1.8682019054034705e-05,-0.00020617919371636857,-9.484944955052253e-05,0.0,0.0,0.9999999035985604,-6.218480645494551e-05,0.00028838761218734485,0.00032522070180182567,0.9999999819918668,0.0,0.0,-0.000123405345203328,0.9999983292159668,-4.630322863771895e-05,0.001827396846427387,6.484714846706089e-06,0.0,0.0,1.0,0.0,0.0,0.0,1.0,0.0,0.0,0.0,1.0,0.0,0.0,0.0,0.0,0.0,0.0,1.0,0.0,0.0,0.0,1.0,0.0,0.0,0.0,0.0,0.0,0.0
0.0,0.0,0.0,0.9999999229343983,8.522544843538215e-06,-0.000340981969293037,-0.00019439614297839532,0.9999998259755135,-1.0174534918484603e-05,0.00036160320197928204,0.0004660349190131752,0.9999999346050704,0.0,0.0,-0.00017837773122502155,0.9999999740723517,1.8682019054034705e-05,-0.00020617919371636857,-9.484944955052253e-05,0.0,0.0,0.9999999035985604,-6.218480645494551e-05,0.00028838761218734485,0.00032522070180182567,0.9999999819918668,0.0,0.0,-0.000123405345203328,0.9999983292159668,-4.630322863771895e-05,0.001827396846427387,6.484714846706089e-06,0.0,0.0,1.0,0.0,0.0,0.0,1.0,0.0,0.0,0.0,1.0,0.0,0.0,0.0,0.0,0.0,0.0,1.0,0.0,0.0,0.0,1.0,0.0,0.0,0.0,0.0,0.0,0.0
0.0,0.0,0.0,0.9999999229343983,8.522544843538215e-06,-0.000340981969293037,-0.00019439614297839532,0.9999998298655922,-1.2288175726405886e-05,0.0003541759586353308,0.00046333268558314814,0.999999932711712,0.0,0.0,-0.00017567401169547812,0.9999999726841956,4.722131146748279e-05,-0.0002017662508948971,-0.00010813017968102129,0.0,0.0,0.9999999063241185,-6.0749559360640676e-05,0.0003060966460256957,0.00029994347575223914,0.9999999843188526,0.0,0.0,-0.00011194141879664877,0.9999983089322784,-4.191987983524968e-05,0.0018384656683390196,2.0476657965047075e-05,0.0,0.0,1.0,0.0,0.0,0.0,1.0,0.0,0.0,0.0,1.0,0.0,0.0,0.0,0.0,0.0,0.0,1.0,0.0,0.0,0.0,1.0,0.0,0.0,0.0,0.0,0.0,0.0
0.0,0.0,0.0,0.9999999229343983,8.522544843538215e-06,-0.000340981969293037,-0.00019439614297839532,0.9999998298655922,-1.2288175726405886e-05,0.0003541759586353308,0.00046333268558314814,0.999999932711712,0.0,0.0,-0.00017567401169547812,0.9999999726841956,4.722131146748279e-05,-0.0002017662508948971,-0.00010813017968102129,0.0,0.0,0.9999999063241185,-6.0749559360640676e-05,0.0003060966460256957,0.00029994347575223914,0.9999999843188526,0.0,0.0,-0.00011194141879664877,0.9999983089322784,-4.191987983524968e-05,0.0018384656683390196,2.0476657965047075e-05,0.0,0.0,1.0,0.0,0.0,0.0,1.0,0.0,0.0,0.0,1.0,0.0,0.0,0.0,0.0,0.0,0.0,1.0,0.0,0.0,0.0,1.0,0.0,0.0,0.0,0.0,0.0,0.0
0.0,0.0,0.0,0.9999999229343983,8.522544843538215e-06,-0.000340981969293037,-0.00019439614297839532,0.9999998298655922,-1.2288175726405886e-05,0.0003541759586353308,0.00046333268558314814,0.9999999257672569,0.0,0.0,-0.0001981503801951029,0.9999999755695516,1.539128317882668e-05,-0.00021675250883035707,-4.0525975764677766e-05,0.0,0.0,0.9999999063241185,-6.0749559360640676e-05,0.0003060966460256957,0.00029994347575223914,0.9999999830831494,0.0,0.0,-0.00012655934499436656,0.9999983015867193,-3.589753479924015e-05,0.0018423633414584913,3.5105013061413953e-05,0.0,0.0,1.0,0.0,0.0,0.0,1.0,0.0,0.0,0.0,1.0,0.0,0.0,0.0,0.0,0.0,0.0,1.0,0.0,0.0,0.0,1.0,0.0,0.0,0.0,0.0,0.0,0.0
0.0,0.0,0.0,0.9999999229343983,8.522544843538215e-06,-0.000340981969293037,-0.00019439614297839532,0.9999998298655922,-1.2288175726405886e-05,0.0003541759586353308,0.00046333268558314814,0.9999999257672569,0.0,0.0,-0.0001981503801951029,0.9999999755695516,1.539128317882668e-05,-0.00021675250883035707,-4.0525975764677766e-05,0.0,0.0,0.9999999063241185,-6.0749559360640676e-05,0.0003060966460256957,0.00029994347575223914,0.9999999830831494,0.0,0.0,-0.00012655934499436656,0.9999983015867193,-3.589753479924015e-05,0.0018423633414584913,3.5105013061413953e-05,0.0,0.0,1.0,0.0,0.0,0.0,1.0,0.0,0.0,0.0,1.0,0.0,0.0,0.0,0.0,0.0,0.0,1.0,0.0,0.0,0.0,1.0,0.0,0.0,0.0,0.0,0.0,0.0
0.0,0.0,0.0,0.9999999229343983,8.522544843538215e-06,-0.000340981969293037,-0.00019439614297839532,0.9999998328098363,-1.7403614164603881e-06,0.0003515336028736295,0.00045913113221505275,0.9999999256768816,0.0,0.0,-0.00019395602056779306,0.9999999755695516,1.539128317882668e-05,-0.00021675250883035707,-4.0525975764677766e-05,0.0,0.0,0.9999999063241185,-6.0749559360640676e-05,0.0003060966460256957,0.00029994347575223914,0.9999999830831494,0.0,0.0,-0.00012655934499436656,0.9999983015301241,-2.7923429994832702e-05,0.001841743289656681,6.433353615313538e-05,0.0,0.0,1.0,0.0,0.0,0.0,1.0,0.0,0.0,0.0,1.0,0.0,0.0,0.0,0.0,0.0,0.0,1.0,0.0,0.0,0.0,1.0,0.0,0.0,0.0,0.0,0.0,0.0
0.0,0.0,0.0,0.9999999229343983,8.522544843538215e-06,-0.000340981969293037,-0.00019439614297839532,0.9999998328098363,-1.7403614164603881e-06,0.0003515336028736295,0.00045913113221505275,0.9999999256768816,0.0,0.0,-0.00019395602056779306,0.9999999755695516,1.539128317882668e-05,-0.00021675250883035707,-4.0525975764677766e-05,0.0,0.0,0.9999999063241185,-6.0749559360640676e-05,0.0003060966460256957,0.00029994347575223914,0.9999999830831494,0.0,0.0,-0.00012655934499436656,0.9999983015301241,-2.7923429994832702e-05,0.001841743289656681,6.433353615313538e-05,0.0,0.0,1.0,0.0,0.0,0.0,1.0,0.0,0.0,0.0,1.0,0.0,0.0,0.0,0.0,0.0,0.0,1.0,0.0,0.0,0.0,1.0,0.0,0.0,0.0,0.0,0.0,0.0
0.0,0.0,0.0,0.9999999265521984,3.672958170663072e-05,-0.000341099124419273,-0.00017087399709621277,0.9999998428424091,-2.994711813564976e-05,0.0003516580680348137,0.00043560868980219473,0.9999999257039894,0.0,0.0,-0.00019940172584335397,0.9999999755526938,2.7576661153676462e-05,-0.00021368149879084502,-4.974290531029744e-05,0.0,0.0,0.9999999106245009,-9.859298734377412e-05,0.0003018503627651024,0.0002791357582241052,0.9999999828092727,0.0,0.0,-0.00012865003369389434,0.9999983058432783,-2.1499058717119605e-05,0.0018395074135444905,6.372471452533234e-05,0.0,0.0,1.0,0.0,0.0,0.0,1.0,0.0,0.0,0.0,1.0,0.0,0.0,0.0,0.0,0.0,0.0,1.0,0.0,0.0,0.0,1.0,0.0,0.0,0.0,0.0,0.0,0.0
0.0,0.0,0.0,0.9999999265521984,3.672958170663072e-05,-0.000341099124419273,-0.00017087399709621277,0.9999998428424091,-2.994711813564976e-05,0.0003516580680348137,0.00043560868980219473,0.9999999257039894,0.0,0.0,-0.00019940172584335397,0.9999999755526938,2.7576661153676462e-05,-0.00021368149879084502,-4.974290531029744e-05,0.0,0.0,0.9999999106245009,-9.859298734377412e-05,0.0003018503627651024,0.0002791357582241052,0.9999999828092727,0.0,0.0,-0.00012865003369389434,0.9999983058432783,-2.1499058717119605e-05,0.0018395074135444905,6.372471452533234e-05,0.0,0.0,1.0,0.0,0.0,0.0,1.0,0.0,0.0,0.0,1.0,0.0,0.0,0.0,0.0,0.0,0.0,1.0,0.0,0.0,0.0,1.0,0.0,0.0,0.0,0.0,0.0,0.0
0.0,0.0,0.0,0.9999999260670432,4.467667565441994e-05,-0.00034159020957360257,-0.0001708391980008586,0.9999998446219498,-3.09218277194743e-05,0.0003500675523203663,0.0004327269643740449,0.9999999310842911,0.0,0.0,-0.00018523013814549,0.9999999771645184,2.625967092780593e-05,-0.000203104757231994,-6.10724966934144e-05,0.0,0.0,0.9999999071194242,-0.00011505316856901462,0.00031456980596220296,0.0002712374390615282,0.9999999819777834,0.0,0.0,-0.00012078387080723475,0.9999983028730659,-2.7267141744510286e-05,0.0018411904635971738,5.9373122264425406e-05,0.0,0.0,1.0,0.0,0.0,0.0,1.0,0.0,0.0,0.0,1.0,0.0,0.0,0.0,0.0,0.0,0.0,1.0,0.0,0.0,0.0,1.0,0.0,0.0,0.0,0.0,0.0,0.0
0.0,0.0,0.0,0.9999999260670432,4.467667565441994e-05,-0.00034159020957360257,-0.0001708391980008586,0.9999998446219498,-3.09218277194743e-05,0.0003500675523203663,0.0004327269643740449,0.9999999310842911,0.0,0.0,-0.00018523013814549,0.9999999771645184,2.625967092780593e-05,-0.000203104757231994,-6.10724966934144e-05,0.0,0.0,0.9999999071194242,-0.00011505316856901462,0.00031456980596220296,0.0002712374390615282,0.9999999819777834,0.0,0.0,-0.00012078387080723475,0.9999983028730659,-2.7267141744510286e-05,0.0018411904635971738,5.9373122264425406e-05,0.0,0.0,1.0,0.0,0.0,0.0,1.0,0.0,0.0,0.0,1.0,0.0,0.0,0.0,0.0,0.0,0.0,1.0,0.0,0.0,0.0,1.0,0.0,0.0,0.0,0.0,0.0,0.0
0.0,0.0,0.0,0.9999999260670432,4.467667565441994e-05,-0.00034159020957360257,-0.0001708391980008586,0.9999998330807901,-3.11914725566027e-05,0.00036482670219155204,0.0004469529742346974,0.9999999329825634,0.0,0.0,-0.0001994567469442546,0.9999999721810953,6.338627164703549e-05,-0.0001967569592914656,-0.00011360760625110518,0.0,0.0,0.9999999071194242,-0.00011505316856901462,0.00031456980596220296,0.0002712374390615282,0.9999999728253848,0.0,0.0,-0.000141216241049929,0.9999982622104282,-0.00011872282853351143,0.0018597702634268881,5.2302780808924334e-05,0.0,0.0,1.0,0.0,0.0,0.0,1.0,0.0,0.0,0.0,1.0,0.0,0.0,0.0,0.0,0.0,0.0,1.0,0.0,0.0,0.0,1.0,0.0,0.0,0.0,0.0,0.0,0.0
0.0,0.0,0.0,0.9999999260670432,4.467667565441994e-05,-0.00034159020957360257,-0.0001708391980008586,0.9999998330807901,-3.11914725566027e-05,0.00036482670219155204,0.0004469529742346974,0.9999999329825634,0.0,0.0,-0.0001994567469442546,0.9999999721810953,6.338627164703549e-05,-0.0001967569592914656,-0.00011360760625110518,0.0,0.0,0.9999999071194242,-0.00011505316856901462,0.00031456980596220296,0.0002712374390615282,0.9999999728253848,0.0,0.0,-0.000141216241049929,0.9999982622104282,-0.00011872282853351143,0.0018597702634268881,5.2302780808924334e-05,0.0,0.0,1.0,0.0,0.0,0.0,1.0,0.0,0.0,0.0,1.0,0.0,0.0,0.0,0.0,0.0,0.0,1.0,0.0,0.0,0.0,1.0,0.0,0.0,0.0,0.0,0.0,0.0
0.0,0.0,0.0,0.999999929971202,3.259683545039571e-05,-0.00033753435873953066,-0.00015832117373343506,0.9999998403737952,-1.9112461972188357e-05,0.00036076734844873103,0.0004344352863711345,0.99999993021046,0.0,0.0,-0.00020437915161631464,0.9999999714828471,6.533907413350908e-05,-0.00020236782084811567,-0.00010868475265839841,0.0,0.0,0.9999999150495962,-9.895241169617843e-05,0.0003074919744855017,0.00025604278205446654,0.9999999740952749,0.0,0.0,-0.00013854137091854902,0.9999982622104282,-0.00011872282853351143,0.0018597702634268881,5.2302780808924334e-05,0.0,0.0,1.0,0.0,0.0,0.0,1.0,0.0,0.0,0.0,1.0,0.0,0.0,0.0,0.0,0.0,0.0,1.0,0.0,0.0,0.0,1.0,0.0,0.0,0.0,0.0,0.0,0.0
0.0,0.0,0.0,0.999999929971202,3.259683545039571e-05,-0.00033753435873953066,-0.00015832117373343506,0.9999998403737952,-1.9112461972188357e-05,0.00036076734844873103,0.0004344352863711345,0.99999993021046,0.0,0.0,-0.00020437915161631464,0.9999999714828471,6.533907413350908e-05,-0.00020236782084811567,-0.00010868475265839841,0.0,0.0,0.9999999150495962,-9.895241169617843e-05,0.0003074919744855017,0.00025604278205446654,0.9999999740952749,0.0,0.0,-0.00013854137091854902,0.9999982622104282,-0.00011872282853351143,0.0018597702634268881,5.2302780808924334e-05,0.0,0.0,1.0,0.0,0.0,0.0,1.0,0.0,0.0,0.0,1.0,0.0,0.0,0.0,0.0,0.0,0.0,1.0,0.0,0.0,0.0,1.0,0.0,0.0,0.0,0.0,0.0,0.0
0.0,0.0,0.0,0.999999929971202,3.259683545039571e-05,-0.00033753435873953066,-0.00015832117373343506,0.9999998403737952,-1.9112461972188357e-05,0.00036076734844873103,0.0004344352863711345,0.99999993021046,0.0,0.0,-0.00020437915161631464,0.9999999784854099,1.818085835462418e-05,-0.00020608262105445283,-1.511917705213604e-05,0.0,0.0,0.9999999150495962,-9.895241169617843e-05,0.0003074919744855017,0.00025604278205446654,0.9999999740952749,0.0,0.0,-0.00013854137091854902,0.999998270130817,-0.00011603165785116981,0.001855711658772213,5.105161435528895e-05,0.0,0.0,1.0,0.0,0.0,0.0,1.0,0.0,0.0,0.0,1.0,0.0,0.0,0.0,0.0,0.0,0.0,1.0,0.0,0.0,0.0,1.0,0.0,0.0,0.0,0.0,0.0,0.0
0.0,0.0,0.0,0.999999929971202,3.259683545039571e-05,-0.00033753435873953066,-0.00015832117373343506,0.9999998403737952,-1.9112461972188357e-05,0.00036076734844873103,0.0004344352863711345,0.99999993021046,0.0,0.0,-0.00020437915161631464,0.9999999784854099,1.818085835462418e-05,-0.00020608262105445283,-1.511917705213604e-05,0.0,0.0,0.9999999150495962,-9.895241169617843e-05,0.0003074919744855017,0.00025604278205446654,0.9999999740952749,0.0,0.0,-0.00013854137091854902,0.999998270130817,-0.00011603165785116981,0.001855711658772213,5.105161435528895e-05,0.0,0.0,1.0,0.0,0.0,0.0,1.0,0.0,0.0,0.0,1.0,0.0,0.0,0.0,0.0,0.0,0.0,1.0,0.0,0.0,0.0,1.0,0.0,0.0,0.0,0.0,0.0,0.0
0.0,0.0,0.0,0.9999999243066385,4.889372315132488e-06,-0.00034229997909308743,-0.00018491494149955562,0.99999982625584,5.965635800911498e-06,0.0003712427261721788,0.0004578553691433705,0.9999999357368888,0.0,0.0,-0.00019635556536775576,0.9999999798229384,1.1586252847682813e-05,-0.00019955245529158607,-1.996744964491986e-05,0.0,0.0,0.9999999068721642,-5.0061853718306166e-05,0.0003009033053552626,0.00030529768193060893,0.9999999747325173,0.0,0.0,-0.00016120919309577716,0.999998270130817,-0.00011603165785116981,0.001855711658772213,5.105161435528895e-05,0.0,0.0,1.0,0.0,0.0,0.0,1.0,0.0,0.0,0.0,1.0,0.0,0.0,0.0,0.0,0.0,0.0,1.0,0.0,0.0,0.0,1.0,0.0,0.0,0.0,0.0,0.0,0.0
0.0,0.0,0.0,0.9999999243066385,4.889372315132488e-06,-0.00034229997909308743,-0.00018491494149955562,0.99999982625584,5.965635800911498e-06,0.0003712427261721788,0.0004578553691433705,0.9999999357368888,0.0,0.0,-0.00019635556536775576,0.9999999798229384,1.1586252847682813e-05,-0.00019955245529158607,-1.996744964491986e-05,0.0,0.0,0.9999999068721642,-5.0061853718306166e-05,0.0003009033053552626,0.00030529768193060893,0.9999999747325173,0.0,0.0,-0.00016120919309577716,0.999998270130817,-0.00011603165785116981,0.001855711658772213,5.105161435528895e-05,0.0,0.0,1.0,0.0,0.0,0.0,1.0,0.0,0.0,0.0,1.0,0.0,0.0,0.0,0.0,0.0,0.0,1.0,0.0,0.0,0.0,1.0,0.0,0.0,0.0,0.0,0.0,0.0
0.0,0.0,0.0,0.9999999243066385,4.889372315132488e-06,-0.00034229997909308743,-0.00018491494149955562,0.99999982625584,5.965635800911498e-06,0.0003712427261721788,0.0004578553691433705,0.9999999357368888,0.0,0.0,-0.00019635556536775576,0.9999999798229384,1.1586252847682813e-05,-0.00019955245529158607,-1.996744964491986e-05,0.0,0.0,0.9999999068721642,-5.0061853718306166e-05,0.0003009033053552626,0.00030529768193060893,0.9999999752562652,0.0,0.0,-0.00016757212713208362,0.9999982820359152,-4.06588206553712e-05,0.0018527025486606145,4.2016003823098846e-05,0.0,0.0,1.0,0.0,0.0,0.0,1.0,0.0,0.0,0.0,1.0,0.0,0.0,0.0,0.0,0.0,0.0,1.0,0.0,0.0,0.0,1.0,0.0,0.0,0.0,0.0,0.0,0.0
0.0,0.0,0.0,0.9999999243066385,4.889372315132488e-06,-0.00034229997909308743,-0.00018491494149955562,0.99999982625584,5.965635800911498e-06,0.0003712427261721788,0.0004578553691433705,0.9999999357368888,0.0,0.0,-0.00019635556536775576,0.9999999798229384,1.1586252847682813e-05,-0.00019955245529158607,-1.996744964491986e-05,0.0,0.0,0.9999999068721642,-5.0061853718306166e-05,0.0003009033053552626,0.00030529768193060893,0.9999999752562652,0.0,0.0,-0.00016757212713208362,0.9999982820359152,-4.06588206553712e-05,0.0018527025486606145,4.2016003823098846e-05,0.0,0.0,1.0,0.0,0.0,0.0,1.0,0.0,0.0,0.0,1.0,0.0,0.0,0.0,0.0,0.0,0.0,1.0,0.0,0.0,0.0,1.0,0.0,0.0,0.0,0.0,0.0,0.0
0.0,0.0,0.0,0.9999999243066385,4.889372315132488e-06,-0.00034229997909308743,-0.00018491494149955562,0.9999998138834626,8.686646514587339e-06,0.00038854758711486095,0.0004703066605347661,0.9999999382065484,0.0,0.0,-0.00020880882873209374,0.9999999783726031,2.490864462219789e-05,-0.0002017675059594626,-4.386600377094435e-05,0.0,0.0,0.9999999068721642,-5.0061853718306166e-05,0.0003009033053552626,0.00030529768193060893,0.9999999723369819,0.0,0.0,-0.00017511287205539805,0.9999982755952798,-5.104220261950959e-05,0.0018557335915419142,4.9537840495788355e-05,0.0,0.0,1.0,0.0,0.0,0.0,1.0,0.0,0.0,0.0,1.0,0.0,0.0,0.0,0.0,0.0,0.0,1.0,0.0,0.0,0.0,1.0,0.0,0.0,0.0,0.0,0.0,0.0
0.0,0.0,0.0,0.9999999243066385,4.889372315132488e-06,-0.00034229997909308743,-0.00018491494149955562,0.9999998138834626,8.686646514587339e-06,0.00038854758711486095,0.0004703066605347661,0.9999999382065484,0.0,0.0,-0.00020880882873209374,0.9999999783726031,2.490864462219789e-05,-0.0002017675059594626,-4.386600377094435e-05,0.0,0.0,0.9999999068721642,-5.0061853718306166e-05,0.0003009033053552626,0.00030529768193060893,0.9999999723369819,0.0,0.0,-0.00017511287205539805,0.9999982755952798,-5.104220261950959e-05,0.0018557335915419142,4.9537840495788355e-05,0.0,0.0,1.0,0.0,0.0,0.0,1.0,0.0,0.0,0.0,1.0,0.0,0.0,0.0,0.0,0.0,0.0,1.0,0.0,0.0,0.0,1.0,0.0,0.0,0.0,0.0,0.0,0.0
0.0,0.0,0.0,0.9999999212754731,1.5109406881773122e-06,-0.00034690538257428107,-0.00019262248100524156,0.9999998083940561,1.2066035900181017e-05,0.0003931521300207688,0.0004780142929713113,0.9999999399054577,0.0,0.0,-0.00021000482120569965,0.9999999797817241,2.7098806003091133e-05,-0.00019463166862599443,-4.2669891678183304e-05,0.0,0.0,0.999999897721554,-5.195492334575656e-05,0.00030842272798118427,0.00032670015088970115,0.9999999688859359,0.0,0.0,-0.00018880615817669981,0.9999982755952798,-5.104220261950959e-05,0.0018557335915419142,4.9537840495788355e-05,0.0,0.0,1.0,0.0,0.0,0.0,1.0,0.0,0.0,0.0,1.0,0.0,0.0,0.0,0.0,0.0,0.0,1.0,0.0,0.0,0.0,1.0,0.0,0.0,0.0,0.0,0.0,0.0
0.0,0.0,0.0,0.9999999212754731,1.5109406881773122e-06,-0.00034690538257428107,-0.00019262248100524156,0.9999998083940561,1.2066035900181017e-05,0.0003931521300207688,0.0004780142929713113,0.9999999399054577,0.0,0.0,-0.00021000482120569965,0.9999999797817241,2.7098806003091133e-05,-0.00019463166862599443,-4.2669891678183304e-05,0.0,0.0,0.999999897721554,-5.195492334575656e-05,0.00030842272798118427,0.00032670015088970115,0.9999999688859359,0.0,0.0,-0.00018880615817669981,0.9999982755952798,-5.104220261950959e-05,0.0018557335915419142,4.9537840495788355e-05,0.0,0.0,1.0,0.0,0.0,0.0,1.0,0.0,0.0,0.0,1.0,0.0,0.0,0.0,0.0,0.0,0.0,1.0,0.0,0.0,0.0,1.0,0.0,0.0,0.0,0.0,0.0,0.0
0.0,0.0,0.0,0.9999999236810034,2.4381508347701213e-05,-0.0003438773120754805,-0.00018382579712166962,0.9999998137586119,-1.0804988178413826e-05,0.0003901304683022714,0.0004692165933614427,0.9999999399054577,0.0,0.0,-0.00021000482120569965,0.9999999748747092,4.102295812494135e-05,-0.00019030629083206262,-0.00011113601325332002,0.0,0.0,0.9999998996730292,-7.735623989026504e-05,0.0002974614573570842,0.000325862892879563,0.9999999674435079,0.0,0.0,-0.00019676484160509328,0.9999982741041156,-5.195464992893585e-05,0.0018565519390381546,4.800418833731554e-05,0.0,0.0,1.0,0.0,0.0,0.0,1.0,0.0,0.0,0.0,1.0,0.0,0.0,0.0,0.0,0.0,0.0,1.0,0.0,0.0,0.0,1.0,0.0,0.0,0.0,0.0,0.0,0.0
0.0,0.0,0.0,0.9999999236810034,2.4381508347701213e-05,-0.0003438773120754805,-0.00018382579712166962,0.9999998137586119,-1.0804988178413826e-05,0.0003901304683022714,0.0004692165933614427,0.9999999399054577,0.0,0.0,-0.00021000482120569965,0.9999999748747092,4.102295812494135e-05,-0.00019030629083206262,-0.00011113601325332002,0.0,0.0,0.9999998996730292,-7.735623989026504e-05,0.0002974614573570842,0.000325862892879563,0.9999999674435079,0.0,0.0,-0.00019676484160509328,0.9999982741041156,-5.195464992893585e-05,0.0018565519390381546,4.800418833731554e-05,0.0,0.0,1.0,0.0,0.0,0.0,1.0,0.0,0.0,0.0,1.0,0.0,0.0,0.0,0.0,0.0,0.0,1.0,0.0,0.0,0.0,1.0,0.0,0.0,0.0,0.0,0.0,0.0
0.0,0.0,0.0,0.9999999236810034,2.4381508347701213e-05,-0.0003438773120754805,-0.00018382579712166962,0.9999998095124041,-1.4229612524744212e-05,0.00039914065117403915,0.00047059474531615646,0.9999999502933334,0.0,0.0,-0.00017220738527254028,0.9999999702957405,3.8749683024973675e-05,-0.0001879200243049526,-0.00015030982851354035,0.0,0.0,0.9999998996730292,-7.735623989026504e-05,0.0002974614573570842,0.000325862892879563,0.9999999654839516,0.0,0.0,-0.00020020641435995255,0.9999982512431611,-0.0001233286058973546,0.0018638164860888837,9.213458065208969e-05,0.0,0.0,1.0,0.0,0.0,0.0,1.0,0.0,0.0,0.0,1.0,0.0,0.0,0.0,0.0,0.0,0.0,1.0,0.0,0.0,0.0,1.0,0.0,0.0,0.0,0.0,0.0,0.0
0.0,0.0,0.0,0.9999999236810034,2.4381508347701213e-05,-0.0003438773120754805,-0.00018382579712166962,0.9999998095124041,-1.4229612524744212e-05,0.00039914065117403915,0.00047059474531615646,0.9999999502933334,0.0,0.0,-0.00017220738527254028,0.9999999702957405,3.8749683024973675e-05,-0.0001879200243049526,-0.00015030982851354035,0.0,0.0,0.9999998996730292,-7.735623989026504e-05,0.0002974614573570842,0.000325862892879563,0.9999999654839516,0.0,0.0,-0.00020020641435995255,0.9999982512431611,-0.0001233286058973546,0.0018638164860888837,9.213458065208969e-05,0.0,0.0,1.0,0.0,0.0,0.0,1.0,0.0,0.0,0.0,1.0,0.0,0.0,0.0,0.0,0.0,0.0,1.0,0.0,0.0,0.0,1.0,0.0,0.0,0.0,0.0,0.0,0.0
0.0,0.0,0.0,0.9999999211371832,3.5260053320686846e-05,-0.00034879690639555774,-0.00018660941619639965,0.9999998103820039,-1.971347738184984e-05,0.00039502058425724436,0.00047202338175663945,0.9999999480115247,0.0,0.0,-0.00017085630471311405,0.9999999731285175,2.668362217619803e-05,-0.0001893314450602849,-0.00013108986331382514,0.0,0.0,0.9999998964769732,-8.254713587635435e-05,0.000305174356499707,0.00032726231869981354,0.9999999638309078,0.0,0.0,-0.0002110489042015512,0.999998245399469,-0.0001231367927281157,0.001866318318024169,0.00010436114813831089,0.0,0.0,1.0,0.0,0.0,0.0,1.0,0.0,0.0,0.0,1.0,0.0,0.0,0.0,0.0,0.0,0.0,1.0,0.0,0.0,0.0,1.0,0.0,0.0,0.0,0.0,0.0,0.0
0.0,0.0,0.0,0.9999999211371832,3.5260053320686846e-05,-0.00034879690639555774,-0.00018660941619639965,0.9999998103820039,-1.971347738184984e-05,0.00039502058425724436,0.00047202338175663945,0.9999999480115247,0.0,0.0,-0.00017085630471311405,0.9999999731285175,2.668362217619803e-05,-0.0001893314450602849,-0.00013108986331382514,0.0,0.0,0.9999998964769732,-8.254713587635435e-05,0.000305174356499707,0.00032726231869981354,0.9999999638309078,0.0,0.0,-0.0002110489042015512,0.999998245399469,-0.0001231367927281157,0.001866318318024169,0.00010436114813831089,0.0,0.0,1.0,0.0,0.0,0.0,1.0,0.0,0.0,0.0,1.0,0.0,0.0,0.0,0.0,0.0,0.0,1.0,0.0,0.0,0.0,1.0,0.0,0.0,0.0,0.0,0.0,0.0
0.0,0.0,0.0,0.9999999211371832,3.5260053320686846e-05,-0.00034879690639555774,-0.00018660941619639965,0.9999998103820039,-1.971347738184984e-05,0.00039502058425724436,0.00047202338175663945,0.9999999462317848,0.0,0.0,-0.00017777368199859957,0.9999999767242915,2.1025459284755138e-05,-0.00019515354396162793,-8.957924196150682e-05,0.0,0.0,0.9999999022393008,-7.61734562594602e-05,0.0003036132719612979,0.0003123107019847466,0.9999999679308573,0.0,0.0,-0.000196098913838165,0.999998245399469,-0.0001231367927281157,0.001866318318024169,0.00010436114813831089,0.0,0.0,1.0,0.0,0.0,0.0,1.0,0.0,0.0,0.0,1.0,0.0,0.0,0.0,0.0,0.0,0.0,1.0,0.0,0.0,0.0,1.0,0.0,0.0,0.0,0.0,0.0,0.0
0.0,0.0,0.0,0.9999999211371832,3.5260053320686846e-05,-0.00034879690639555774,-0.00018660941619639965,0.9999998103820039,-1.971347738184984e-05,0.00039502058425724436,0.00047202338175663945,0.9999999462317848,0.0,0.0,-0.00017777368199859957,0.9999999767242915,2.1025459284755138e-05,-0.00019515354396162793,-8.957924196150682e-05,0.0,0.0,0.9999999022393008,-7.61734562594602e-05,0.0003036132719612979,0.0003123107019847466,0.9999999679308573,0.0,0.0,-0.000196098913838165,0.999998245399469,-0.0001231367927281157,0.001866318318024169,0.00010436114813831089,0.0,0.0,1.0,0.0,0.0,0.0,1.0,0.0,0.0,0.0,1.0,0.0,0.0,0.0,0.0,0.0,0.0,1.0,0.0,0.0,0.0,1.0,0.0,0.0,0.0,0.0,0.0,0.0
0.0,0.0,0.0,0.9999999182653492,2.256155932124156e-05,-0.00036151281598347955,-0.00017963506011987017,0.9999998070682383,-7.877049396198367e-06,0.0004097287823435612,0.00046682305355102706,0.9999999401439205,0.0,0.0,-0.00020103072714805733,0.9999999768685288,1.2994962214276462e-05,-0.000203609980159057,-6.809587835634827e-05,0.0,0.0,0.9999999013387542,-6.347367916624724e-05,0.0003163278712486023,0.0003053362928078484,0.9999999708741558,0.0,0.0,-0.00019107690860542211,0.9999982516149581,-0.00011005115954058179,0.0018640769332189065,9.936275032320879e-05,0.0,0.0,1.0,0.0,0.0,0.0,1.0,0.0,0.0,0.0,1.0,0.0,0.0,0.0,0.0,0.0,0.0,1.0,0.0,0.0,0.0,1.0,0.0,0.0,0.0,0.0,0.0,0.0
0.0,0.0,0.0,0.9999999182653492,2.256155932124156e-05,-0.00036151281598347955,-0.00017963506011987017,0.9999998070682383,-7.877049396198367e-06,0.0004097287823435612,0.00046682305355102706,0.9999999401439205,0.0,0.0,-0.00020103072714805733,0.9999999768685288,1.2994962214276462e-05,-0.000203609980159057,-6.809587835634827e-05,0.0,0.0,0.9999999013387542,-6.347367916624724e-05,0.0003163278712486023,0.0003053362928078484,0.9999999708741558,0.0,0.0,-0.00019107690860542211,0.9999982516149581,-0.00011005115954058179,0.0018640769332189065,9.936275032320879e-05,0.0,0.0,1.0,0.0,0.0,0.0,1.0,0.0,0.0,0.0,1.0,0.0,0.0,0.0,0.0,0.0,0.0,1.0,0.0,0.0,0.0,1.0,0.0,0.0,0.0,0.0,0.0,0.0
0.0,0.0,0.0,0.9999999182653492,2.256155932124156e-05,-0.00036151281598347955,-0.00017963506011987017,0.9999997911036841,-6.16608985098132e-06,0.00040839839125720125,0.0005009643916453843,0.9999999323061942,0.0,0.0,-0.00023517322083835515,0.9999999768685288,1.2994962214276462e-05,-0.000203609980159057,-6.809587835634827e-05,0.0,0.0,0.9999999013387542,-6.347367916624724e-05,0.0003163278712486023,0.0003053362928078484,0.9999999708741558,0.0,0.0,-0.00019107690860542211,0.9999982419954825,-0.00011813948324732695,0.0018680931171736333,0.00011080213265863687,0.0,0.0,1.0,0.0,0.0,0.0,1.0,0.0,0.0,0.0,1.0,0.0,0.0,0.0,0.0,0.0,0.0,1.0,0.0,0.0,0.0,1.0,0.0,0.0,0.0,0.0,0.0,0.0
0.0,0.0,0.0,0.9999999182653492,2.256155932124156e-05,-0.00036151281598347955,-0.00017963506011987017,0.9999997911036841,-6.16608985098132e-06,0.00040839839125720125,0.0005009643916453843,0.9999999323061942,0.0,0.0,-0.00023517322083835515,0.9999999768685288,1.2994962214276462e-05,-0.000203609980159057,-6.809587835634827e-05,0.0,0.0,0.9999999013387542,-6.347367916624724e-05,0.0003163278712486023,0.0003053362928078484,0.9999999708741558,0.0,0.0,-0.00019107690860542211,0.9999982419954825,-0.00011813948324732695,0.0018680931171736333,0.00011080213265863687,0.0,0.0,1.0,0.0,0.0,0.0,1.0,0.0,0.0,0.0,1.0,0.0,0.0,0.0,0.0,0.0,0.0,1.0,0.0,0.0,0.0,1.0,0.0,0.0,0.0,0.0,0.0,0.0
0.0,0.0,0.0,0.9999999182653492,2.256155932124156e-05,-0.00036151281598347955,-0.00017963506011987017,0.9999997911036841,-6.16608985098132e-06,0.00040839839125720125,0.0005009643916453843,0.9999999323061942,0.0,0.0,-0.00023517322083835515,0.999999974163877,2.4364040576396378e-05,-0.00020741112097014537,-8.977341340812419e-05,0.0,0.0,0.9999999013387542,-6.347367916624724e-05,0.0003163278712486023,0.0003053362928078484,0.9999999760009969,0.0,0.0,-0.00016757183462526065,0.9999982575590303,-8.478574110287167e-05,0.001864755168991985,1.9453562635153485e-05,0.0,0.0,1.0,0.0,0.0,0.0,1.0,0.0,0.0,0.0,1.0,0.0,0.0,0.0,0.0,0.0,0.0,1.0,0.0,0.0,0.0,1.0,0.0,0.0,0.0,0.0,0.0,0.0
0.0,0.0,0.0,0.9999999182653492,2.256155932124156e-05,-0.00036151281598347955,-0.00017963506011987017,0.9999997911036841,-6.16608985098132e-06,0.00040839839125720125,0.0005009643916453843,0.9999999323061942,0.0,0.0,-0.00023517322083835515,0.999999974163877,2.4364040576396378e-05,-0.00020741112097014537,-8.977341340812419e-05,0.0,0.0,0.9999999013387542,-6.347367916624724e-05,0.0003163278712486023,0.0003053362928078484,0.9999999760009969,0.0,0.0,-0.00016757183462526065,0.9999982575590303,-8.478574110287167e-05,0.001864755168991985,1.9453562635153485e-05,0.0,0.0,1.0,0.0,0.0,0.0,1.0,0.0,0.0,0.0,1.0,0.0,0.0,0.0,0.0,0.0,0.0,1.0,0.0,0.0,0.0,1.0,0.0,0.0,0.0,0.0,0.0,0.0
0.0,0.0,0.0,0.9999999173852557,2.4357095287776703e-05,-0.0003636635487955137,-0.00017995843108106806,0.9999997900481085,-7.960949786537669e-06,0.0004105497061521774,0.0005012876431096359,0.9999999312364684,0.0,0.0,-0.00023377104942291183,0.9999999716540556,5.4647414738779914e-05,-0.00020544079933412318,-0.00010723630935424358,0.0,0.0,0.9999999004416334,-6.526893015342362e-05,0.00031847881650498664,0.00030565983288457225,0.9999999760009969,0.0,0.0,-0.00016757183462526065,0.9999982575590303,-8.478574110287167e-05,0.001864755168991985,1.9453562635153485e-05,0.0,0.0,1.0,0.0,0.0,0.0,1.0,0.0,0.0,0.0,1.0,0.0,0.0,0.0,0.0,0.0,0.0,1.0,0.0,0.0,0.0,1.0,0.0,0.0,0.0,0.0,0.0,0.0
0.0,0.0,0.0,0.9999999173852557,2.4357095287776703e-05,-0.0003636635487955137,-0.00017995843108106806,0.9999997900481085,-7.960949786537669e-06,0.0004105497061521774,0.0005012876431096359,0.9999999312364684,0.0,0.0,-0.00023377104942291183,0.9999999716540556,5.4647414738779914e-05,-0.00020544079933412318,-0.00010723630935424358,0.0,0.0,0.9999999004416334,-6.526893015342362e-05,0.00031847881650498664,0.00030565983288457225,0.9999999760009969,0.0,0.0,-0.00016757183462526065,0.9999982575590303,-8.478574110287167e-05,0.001864755168991985,1.9453562635153485e-05,0.0,0.0,1.0,0.0,0.0,0.0,1.0,0.0,0.0,0.0,1.0,0.0,0.0,0.0,0.0,0.0,0.0,1.0,0.0,0.0,0.0,1.0,0.0,0.0,0.0,0.0,0.0,0.0
0.0,0.0,0.0,0.9999999262104916,1.730870782135537e-06,-0.00035493519047455184,-0.00014695926687150441,0.9999998059146609,2.1290257966976547e-05,0.000402886962638067,0.00047476253108228155,0.9999999298231564,0.0,0.0,-0.00024024846738050673,0.9999999716540556,5.4647414738779914e-05,-0.00020544079933412318,-0.00010723630935424358,0.0,0.0,0.9999999138507225,-4.296155951520188e-05,0.00031312704859533274,0.0002690804773576029,0.9999999763524157,0.0,0.0,-0.00016399265164157158,0.9999982575590303,-8.478574110287167e-05,0.001864755168991985,1.9453562635153485e-05,0.0,0.0,1.0,0.0,0.0,0.0,1.0,0.0,0.0,0.0,1.0,0.0,0.0,0.0,0.0,0.0,0.0,1.0,0.0,0.0,0.0,1.0,0.0,0.0,0.0,0.0,0.0,0.0
0.0,0.0,0.0,0.9999999262104916,1.730870782135537e-06,-0.00035493519047455184,-0.00014695926687150441,0.9999998059146609,2.1290257966976547e-05,0.000402886962638067,0.00047476253108228155,0.9999999298231564,0.0,0.0,-0.00024024846738050673,0.9999999716540556,5.4647414738779914e-05,-0.00020544079933412318,-0.00010723630935424358,0.0,0.0,0.9999999138507225,-4.296155951520188e-05,0.00031312704859533274,0.0002690804773576029,0.9999999763524157,0.0,0.0,-0.00016399265164157158,0.9999982575590303,-8.478574110287167e-05,0.001864755168991985,1.9453562635153485e-05,0.0,0.0,1.0,0.0,0.0,0.0,1.0,0.0,0.0,0.0,1.0,0.0,0.0,0.0,0.0,0.0,0.0,1.0,0.0,0.0,0.0,1.0,0.0,0.0,0.0,0.0,0.0,0.0
0.0,0.0,0.0,0.9999999262104916,1.730870782135537e-06,-0.00035493519047455184,-0.00014695926687150441,0.9999998059146609,2.1290257966976547e-05,0.000402886962638067,0.00047476253108228155,0.9999999265100699,0.0,0.0,-0.0002497023589459521,0.9999999715905158,6.407274266402646e-05,-0.00020773157837595434,-9.778160685442526e-05,0.0,0.0,0.9999999140271559,-6.510428343932933e-05,0.0002935159305139655,0.0002855792559292512,0.9999999703790475,0.0,0.0,-0.0001888429918519275,0.9999982535124616,-7.01890073611018e-05,0.0018675139865290797,2.090549452451804e-05,0.0,0.0,1.0,0.0,0.0,0.0,1.0,0.0,0.0,0.0,1.0,0.0,0.0,0.0,0.0,0.0,0.0,1.0,0.0,0.0,0.0,1.0,0.0,0.0,0.0,0.0,0.0,0.0
0.0,0.0,0.0,0.9999999262104916,1.730870782135537e-06,-0.00035493519047455184,-0.00014695926687150441,0.9999998059146609,2.1290257966976547e-05,0.000402886962638067,0.00047476253108228155,0.9999999265100699,0.0,0.0,-0.0002497023589459521,0.9999999715905158,6.407274266402646e-05,-0.00020773157837595434,-9.778160685442526e-05,0.0,0.0,0.9999999140271559,-6.510428343932933e-05,0.0002935159305139655,0.0002855792559292512,0.9999999703790475,0.0,0.0,-0.0001888429918519275,0.9999982535124616,-7.01890073611018e-05,0.0018675139865290797,2.090549452451804e-05,0.0,0.0,1.0,0.0,0.0,0.0,1.0,0.0,0.0,0.0,1.0,0.0,0.0,0.0,0.0,0.0,0.0,1.0,0.0,0.0,0.0,1.0,0.0,0.0,0.0,0.0,0.0,0.0
0.0,0.0,0.0,0.9999999262104916,1.730870782135537e-06,-0.00035493519047455184,-0.00014695926687150441,0.999999805974395,1.9687242797126235e-05,0.0003999497388464246,0.0004771831842778599,0.9999999251166861,0.0,0.0,-0.0002521218463142044,0.9999999715905158,6.407274266402646e-05,-0.00020773157837595434,-9.778160685442526e-05,0.0,0.0,0.9999999140271559,-6.510428343932933e-05,0.0002935159305139655,0.0002855792559292512,0.9999999674009693,0.0,0.0,-0.0001918820463463562,0.9999982232296915,-8.03364900093088e-05,0.0018832182847740963,2.3924891733243026e-05,0.0,0.0,1.0,0.0,0.0,0.0,1.0,0.0,0.0,0.0,1.0,0.0,0.0,0.0,0.0,0.0,0.0,1.0,0.0,0.0,0.0,1.0,0.0,0.0,0.0,0.0,0.0,0.0
0.0,0.0,0.0,0.9999999262104916,1.730870782135537e-06,-0.00035493519047455184,-0.00014695926687150441,0.999999805974395,1.9687242797126235e-05,0.0003999497388464246,0.0004771831842778599,0.9999999251166861,0.0,0.0,-0.0002521218463142044,0.9999999715905158,6.407274266402646e-05,-0.00020773157837595434,-9.778160685442526e-05,0.0,0.0,0.9999999140271559,-6.510428343932933e-05,0.0002935159305139655,0.0002855792559292512,0.9999999674009693,0.0,0.0,-0.0001918820463463562,0.9999982232296915,-8.03364900093088e-05,0.0018832182847740963,2.3924891733243026e-05,0.0,0.0,1.0,0.0,0.0,0.0,1.0,0.0,0.0,0.0,1.0,0.0,0.0,0.0,0.0,0.0,0.0,1.0,0.0,0.0,0.0,1.0,0.0,0.0,0.0,0.0,0.0,0.0
0.0,0.0,0.0,0.9999999229345965,1.9820129051285466e-05,-0.00036392405517268956,-0.00014593575919876866,0.9999998030173352,1.600999943005658e-06,0.0004089445547319574,0.00047615866983676566,0.999999927772579,0.0,0.0,-0.000250799493817093,0.9999999747024865,5.251298918404561e-05,-0.00019732206499607685,-9.434731030050068e-05,0.0,0.0,0.999999910297693,-8.319235827712661e-05,0.00030250736733849196,0.00028455742885925644,0.9999999674009693,0.0,0.0,-0.0001918820463463562,0.9999982233141668,-0.00014436440384955643,0.0018776672101281106,8.302576038033752e-05,0.0,0.0,1.0,0.0,0.0,0.0,1.0,0.0,0.0,0.0,1.0,0.0,0.0,0.0,0.0,0.0,0.0,1.0,0.0,0.0,0.0,1.0,0.0,0.0,0.0,0.0,0.0,0.0
0.0,0.0,0.0,0.9999999229345965,1.9820129051285466e-05,-0.00036392405517268956,-0.00014593575919876866,0.9999998030173352,1.600999943005658e-06,0.0004089445547319574,0.00047615866983676566,0.999999927772579,0.0,0.0,-0.000250799493817093,0.9999999747024865,5.251298918404561e-05,-0.00019732206499607685,-9.434731030050068e-05,0.0,0.0,0.999999910297693,-8.319235827712661e-05,0.00030250736733849196,0.00028455742885925644,0.9999999674009693,0.0,0.0,-0.0001918820463463562,0.9999982233141668,-0.00014436440384955643,0.0018776672101281106,8.302576038033752e-05,0.0,0.0,1.0,0.0,0.0,0.0,1.0,0.0,0.0,0.0,1.0,0.0,0.0,0.0,0.0,0.0,0.0,1.0,0.0,0.0,0.0,1.0,0.0,0.0,0.0,0.0,0.0,0.0
0.0,0.0,0.0,0.9999999212520497,1.7376662087859856e-05,-0.00036128080625916366,-0.0001633099045008255,0.9999997956642077,4.042811824653107e-06,0.00040630086918005254,0.0004935329799179449,0.999999927772579,0.0,0.0,-0.000250799493817093,0.9999999763485599,5.807193003332238e-05,-0.00018752833826299122,-9.361438533435014e-05,0.0,0.0,0.999999903702251,-8.277385411159028e-05,0.0003026804976006502,0.00030680367341580605,0.9999999659539862,0.0,0.0,-0.0001967537715911678,0.9999982233141668,-0.00014436440384955643,0.0018776672101281106,8.302576038033752e-05,0.0,0.0,1.0,0.0,0.0,0.0,1.0,0.0,0.0,0.0,1.0,0.0,0.0,0.0,0.0,0.0,0.0,1.0,0.0,0.0,0.0,1.0,0.0,0.0,0.0,0.0,0.0,0.0
0.0,0.0,0.0,0.9999999212520497,1.7376662087859856e-05,-0.00036128080625916366,-0.0001633099045008255,0.9999997956642077,4.042811824653107e-06,0.00040630086918005254,0.0004935329799179449,0.999999927772579,0.0,0.0,-0.000250799493817093,0.9999999763485599,5.807193003332238e-05,-0.00018752833826299122,-9.361438533435014e-05,0.0,0.0,0.999999903702251,-8.277385411159028e-05,0.0003026804976006502,0.00030680367341580605,0.9999999659539862,0.0,0.0,-0.0001967537715911678,0.9999982233141668,-0.00014436440384955643,0.0018776672101281106,8.302576038033752e-05,0.0,0.0,1.0,0.0,0.0,0.0,1.0,0.0,0.0,0.0,1.0,0.0,0.0,0.0,0.0,0.0,0.0,1.0,0.0,0.0,0.0,1.0,0.0,0.0,0.0,0.0,0.0,0.0
0.0,0.0,0.0,0.9999999212520497,1.7376662087859856e-05,-0.00036128080625916366,-0.0001633099045008255,0.9999997999120249,5.966213707388347e-06,0.0004020321896338849,0.0004883752991713677,0.9999999310537518,0.0,0.0,-0.00023131793307096924,0.999999974306274,7.241973350521593e-05,-0.00018572078342761527,-0.00010793805734600708,0.0,0.0,0.999999903702251,-8.277385411159028e-05,0.0003026804976006502,0.00030680367341580605,0.9999999660246672,0.0,0.0,-0.00019705768513974262,0.9999982279239998,-0.0001303678508992965,0.0018763161618733303,8.118339864988564e-05,0.0,0.0,1.0,0.0,0.0,0.0,1.0,0.0,0.0,0.0,1.0,0.0,0.0,0.0,0.0,0.0,0.0,1.0,0.0,0.0,0.0,1.0,0.0,0.0,0.0,0.0,0.0,0.0
0.0,0.0,0.0,0.9999999212520497,1.7376662087859856e-05,-0.00036128080625916366,-0.0001633099045008255,0.9999997999120249,5.966213707388347e-06,0.0004020321896338849,0.0004883752991713677,0.9999999310537518,0.0,0.0,-0.00023131793307096924,0.999999974306274,7.241973350521593e-05,-0.00018572078342761527,-0.00010793805734600708,0.0,0.0,0.999999903702251,-8.277385411159028e-05,0.0003026804976006502,0.00030680367341580605,0.9999999660246672,0.0,0.0,-0.00019705768513974262,0.9999982279239998,-0.0001303678508992965,0.0018763161618733303,8.118339864988564e-05,0.0,0.0,1.0,0.0,0.0,0.0,1.0,0.0,0.0,0.0,1.0,0.0,0.0,0.0,0.0,0.0,0.0,1.0,0.0,0.0,0.0,1.0,0.0,0.0,0.0,0.0,0.0,0.0
0.0,0.0,0.0,0.9999999212520497,1.7376662087859856e-05,-0.00036128080625916366,-0.0001633099045008255,0.9999998005101418,1.4678233418114512e-05,0.00040718051852173384,0.0004826678480576469,0.99999993332288,0.0,0.0,-0.00022561671361081653,0.999999974306274,7.241973350521593e-05,-0.00018572078342761527,-0.00010793805734600708,0.0,0.0,0.9999999076469254,-7.882726967597797e-05,0.00029647226897012215,0.00030099268441189525,0.9999999681589816,0.0,0.0,-0.00019124808936239656,0.9999982279239998,-0.0001303678508992965,0.0018763161618733303,8.118339864988564e-05,0.0,0.0,1.0,0.0,0.0,0.0,1.0,0.0,0.0,0.0,1.0,0.0,0.0,0.0,0.0,0.0,0.0,1.0,0.0,0.0,0.0,1.0,0.0,0.0,0.0,0.0,0.0,0.0
0.0,0.0,0.0,0.9999999212520497,1.7376662087859856e-05,-0.00036128080625916366,-0.0001633099045008255,0.9999998005101418,1.4678233418114512e-05,0.00040718051852173384,0.0004826678480576469,0.99999993332288,0.0,0.0,-0.00022561671361081653,0.999999974306274,7.241973350521593e-05,-0.00018572078342761527,-0.00010793805734600708,0.0,0.0,0.9999999076469254,-7.882726967597797e-05,0.00029647226897012215,0.00030099268441189525,0.9999999681589816,0.0,0.0,-0.00019124808936239656,0.9999982279239998,-0.0001303678508992965,0.0018763161618733303,8.118339864988564e-05,0.0,0.0,1.0,0.0,0.0,0.0,1.0,0.0,0.0,0.0,1.0,0.0,0.0,0.0,0.0,0.0,0.0,1.0,0.0,0.0,0.0,1.0,0.0,0.0,0.0,0.0,0.0,0.0
0.0,0.0,0.0,0.9999999212520497,1.7376662087859856e-05,-0.00036128080625916366,-0.0001633099045008255,0.9999998005101418,1.4678233418114512e-05,0.00040718051852173384,0.0004826678480576469,0.99999993332288,0.0,0.0,-0.00022561671361081653,0.9999999753761317,6.981760168644853e-05,-0.00018256544394534626,-0.00010508614214317755,0.0,0.0,0.9999999076469254,-7.882726967597797e-05,0.00029647226897012215,0.00030099268441189525,0.9999999714890278,0.0,0.0,-0.0001866023678216968,0.9999982727642056,-6.448854263477728e-05,0.0018569530218773627,4.511438583903415e-05,0.0,0.0,1.0,0.0,0.0,0.0,1.0,0.0,0.0,0.0,1.0,0.0,0.0,0.0,0.0,0.0,0.0,1.0,0.0,0.0,0.0,1.0,0.0,0.0,0.0,0.0,0.0,0.0
0.0,0.0,0.0,0.9999999212520497,1.7376662087859856e-05,-0.00036128080625916366,-0.0001633099045008255,0.9999998005101418,1.4678233418114512e-05,0.00040718051852173384,0.0004826678480576469,0.99999993332288,0.0,0.0,-0.00022561671361081653,0.9999999753761317,6.981760168644853e-05,-0.00018256544394534626,-0.00010508614214317755,0.0,0.0,0.9999999076469254,-7.882726967597797e-05,0.00029647226897012215,0.00030099268441189525,0.9999999714890278,0.0,0.0,-0.0001866023678216968,0.9999982727642056,-6.448854263477728e-05,0.0018569530218773627,4.511438583903415e-05,0.0,0.0,1.0,0.0,0.0,0.0,1.0,0.0,0.0,0.0,1.0,0.0,0.0,0.0,0.0,0.0,0.0,1.0,0.0,0.0,0.0,1.0,0.0,0.0,0.0,0.0,0.0,0.0
0.0,0.0,0.0,0.9999999206121265,8.839102560242957e-06,-0.00035830993274106615,-0.00017410227711189908,0.999999796287036,2.3214348416880015e-05,0.0004042072632713604,0.000493460706587399,0.99999993332288,0.0,0.0,-0.00022561671361081653,0.9999999753761317,6.981760168644853e-05,-0.00018256544394534626,-0.00010508614214317755,0.0,0.0,0.9999999058539681,-7.02894198374783e-05,0.0002934995564089343,0.0003117843208069458,0.9999999714890278,0.0,0.0,-0.0001866023678216968,0.9999982727642056,-6.448854263477728e-05,0.0018569530218773627,4.511438583903415e-05,0.0,0.0,1.0,0.0,0.0,0.0,1.0,0.0,0.0,0.0,1.0,0.0,0.0,0.0,0.0,0.0,0.0,1.0,0.0,0.0,0.0,1.0,0.0,0.0,0.0,0.0,0.0,0.0
0.0,0.0,0.0,0.9999999206121265,8.839102560242957e-06,-0.00035830993274106615,-0.00017410227711189908,0.999999796287036,2.3214348416880015e-05,0.0004042072632713604,0.000493460706587399,0.9999999321031245,0.0,0.0,-0.0002252887881845545,0.9999999784721634,5.312580354439344e-05,-0.00018832332930778542,-6.904813851879857e-05,0.0,0.0,0.9999999058539681,-7.02894198374783e-05,0.0002934995564089343,0.0003117843208069458,0.9999999714890278,0.0,0.0,-0.0001866023678216968,0.9999982727642056,-6.448854263477728e-05,0.0018569530218773627,4.511438583903415e-05,0.0,0.0,1.0,0.0,0.0,0.0,1.0,0.0,0.0,0.0,1.0,0.0,0.0,0.0,0.0,0.0,0.0,1.0,0.0,0.0,0.0,1.0,0.0,0.0,0.0,0.0,0.0,0.0
0.0,0.0,0.0,0.9999999206121265,8.839102560242957e-06,-0.00035830993274106615,-0.00017410227711189908,0.999999796287036,2.3214348416880015e-05,0.0004042072632713604,0.000493460706587399,0.9999999321031245,0.0,0.0,-0.0002252887881845545,0.9999999784721634,5.312580354439344e-05,-0.00018832332930778542,-6.904813851879857e-05,0.0,0.0,0.9999999058539681,-7.02894198374783e-05,0.0002934995564089343,0.0003117843208069458,0.9999999714890278,0.0,0.0,-0.0001866023678216968,0.9999982727642056,-6.448854263477728e-05,0.0018569530218773627,4.511438583903415e-05,0.0,0.0,1.0,0.0,0.0,0.0,1.0,0.0,0.0,0.0,1.0,0.0,0.0,0.0,0.0,0.0,0.0,1.0,0.0,0.0,0.0,1.0,0.0,0.0,0.0,0.0,0.0,0.0
0.0,0.0,0.0,0.9999999211711852,1.9446509381742386e-05,-0.00035831813448932717,-0.00016996344042085218,0.9999997986822142,9.929690300880298e-06,0.00040925199593408543,0.00048481928203186666,0.9999999316146052,0.0,0.0,-0.0002274874191060235,0.9999999777640668,5.883576085616381e-05,-0.00019267403634106098,-6.234528785904533e-05,0.0,0.0,0.9999999053768398,-7.450817482377892e-05,0.00029832146159614693,0.00030773226805351744,0.999999972090865,0.0,0.0,-0.00018668972982052034,0.9999982727642056,-6.448854263477728e-05,0.0018569530218773627,4.511438583903415e-05,0.0,0.0,1.0,0.0,0.0,0.0,1.0,0.0,0.0,0.0,1.0,0.0,0.0,0.0,0.0,0.0,0.0,1.0,0.0,0.0,0.0,1.0,0.0,0.0,0.0,0.0,0.0,0.0
0.0,0.0,0.0,0.9999999211711852,1.9446509381742386e-05,-0.00035831813448932717,-0.00016996344042085218,0.9999997986822142,9.929690300880298e-06,0.00040925199593408543,0.00048481928203186666,0.9999999316146052,0.0,0.0,-0.0002274874191060235,0.9999999777640668,5.883576085616381e-05,-0.00019267403634106098,-6.234528785904533e-05,0.0,0.0,0.9999999053768398,-7.450817482377892e-05,0.00029832146159614693,0.00030773226805351744,0.999999972090865,0.0,0.0,-0.00018668972982052034,0.9999982727642056,-6.448854263477728e-05,0.0018569530218773627,4.511438583903415e-05,0.0,0.0,1.0,0.0,0.0,0.0,1.0,0.0,0.0,0.0,1.0,0.0,0.0,0.0,0.0,0.0,0.0,1.0,0.0,0.0,0.0,1.0,0.0,0.0,0.0,0.0,0.0,0.0
0.0,0.0,0.0,0.9999999211711852,1.9446509381742386e-05,-0.00035831813448932717,-0.00016996344042085218,0.9999997986822142,9.929690300880298e-06,0.00040925199593408543,0.00048481928203186666,0.9999999316146052,0.0,0.0,-0.0002274874191060235,0.9999999777640668,5.883576085616381e-05,-0.00019267403634106098,-6.234528785904533e-05,0.0,0.0,0.9999999040633427,-7.488090280178276e-05,0.0002984074513929605,0.00031179985357502026,0.9999999751784594,0.0,0.0,-0.0001713650483452869,0.9999982721555964,-4.753948060993585e-05,0.0018583133065857914,9.872886045746511e-06,0.0,0.0,1.0,0.0,0.0,0.0,1.0,0.0,0.0,0.0,1.0,0.0,0.0,0.0,0.0,0.0,0.0,1.0,0.0,0.0,0.0,1.0,0.0,0.0,0.0,0.0,0.0,0.0
0.0,0.0,0.0,0.9999999211711852,1.9446509381742386e-05,-0.00035831813448932717,-0.00016996344042085218,0.9999997986822142,9.929690300880298e-06,0.00040925199593408543,0.00048481928203186666,0.9999999316146052,0.0,0.0,-0.0002274874191060235,0.9999999777640668,5.883576085616381e-05,-0.00019267403634106098,-6.234528785904533e-05,0.0,0.0,0.9999999040633427,-7.488090280178276e-05,0.0002984074513929605,0.00031179985357502026,0.9999999751784594,0.0,0.0,-0.0001713650483452869,0.9999982721555964,-4.753948060993585e-05,0.0018583133065857914,9.872886045746511e-06,0.0,0.0,1.0,0.0,0.0,0.0,1.0,0.0,0.0,0.0,1.0,0.0,0.0,0.0,0.0,0.0,0.0,1.0,0.0,0.0,0.0,1.0,0.0,0.0,0.0,0.0,0.0,0.0
0.0,0.0,0.0,0.9999999211711852,1.9446509381742386e-05,-0.00035831813448932717,-0.00016996344042085218,0.9999997962224436,5.387171082454226e-06,0.0004081851049997859,0.0004908268225760098,0.9999999302004031,0.0,0.0,-0.0002334917496542452,0.9999999811272042,3.850309539922028e-05,-0.00018826960696549845,-2.85947180389959e-05,0.0,0.0,0.9999999040633427,-7.488090280178276e-05,0.0002984074513929605,0.00031179985357502026,0.9999999692810344,0.0,0.0,-0.00021152981953112267,0.9999982571812799,-7.939885593180684e-05,0.0018619850265621275,0.00011109448793678899,0.0,0.0,1.0,0.0,0.0,0.0,1.0,0.0,0.0,0.0,1.0,0.0,0.0,0.0,0.0,0.0,0.0,1.0,0.0,0.0,0.0,1.0,0.0,0.0,0.0,0.0,0.0,0.0
0.0,0.0,0.0,0.9999999211711852,1.9446509381742386e-05,-0.00035831813448932717,-0.00016996344042085218,0.9999997962224436,5.387171082454226e-06,0.0004081851049997859,0.0004908268225760098,0.9999999302004031,0.0,0.0,-0.0002334917496542452,0.9999999811272042,3.850309539922028e-05,-0.00018826960696549845,-2.85947180389959e-05,0.0,0.0,0.9999999040633427,-7.488090280178276e-05,0.0002984074513929605,0.00031179985357502026,0.9999999692810344,0.0,0.0,-0.00021152981953112267,0.9999982571812799,-7.939885593180684e-05,0.0018619850265621275,0.00011109448793678899,0.0,0.0,1.0,0.0,0.0,0.0,1.0,0.0,0.0,0.0,1.0,0.0,0.0,0.0,0.0,0.0,0.0,1.0,0.0,0.0,0.0,1.0,0.0,0.0,0.0,0.0,0.0,0.0
0.0,0.0,0.0,0.9999999224957324,2.3120485452303196e-05,-0.00035606187087318706,-0.000166414892360532,0.9999997988889615,1.7126481832067894e-06,0.00040592993270436906,0.00048727814774813784,0.9999999335953174,0.0,0.0,-0.00022435907516602264,0.9999999816765786,4.1342533785509905e-05,-0.00018306913969509268,-3.7727014442190384e-05,0.0,0.0,0.9999999055520806,-7.85554114417839e-05,0.0002961519056820609,0.00030825140062371064,0.9999999692810344,0.0,0.0,-0.00021152981953112267,0.9999982571812799,-7.939885593180684e-05,0.0018619850265621275,0.00011109448793678899,0.0,0.0,1.0,0.0,0.0,0.0,1.0,0.0,0.0,0.0,1.0,0.0,0.0,0.0,0.0,0.0,0.0,1.0,0.0,0.0,0.0,1.0,0.0,0.0,0.0,0.0,0.0,0.0
0.0,0.0,0.0,0.9999999224957324,2.3120485452303196e-05,-0.00035606187087318706,-0.000166414892360532,0.9999997988889615,1.7126481832067894e-06,0.00040592993270436906,0.00048727814774813784,0.9999999335953174,0.0,0.0,-0.00022435907516602264,0.9999999816765786,4.1342533785509905e-05,-0.00018306913969509268,-3.7727014442190384e-05,0.0,0.0,0.9999999055520806,-7.85554114417839e-05,0.0002961519056820609,0.00030825140062371064,0.9999999692810344,0.0,0.0,-0.00021152981953112267,0.9999982571812799,-7.939885593180684e-05,0.0018619850265621275,0.00011109448793678899,0.0,0.0,1.0,0.0,0.0,0.0,1.0,0.0,0.0,0.0,1.0,0.0,0.0,0.0,0.0,0.0,0.0,1.0,0.0,0.0,0.0,1.0,0.0,0.0,0.0,0.0,0.0,0.0
0.0,0.0,0.0,0.9999999263170638,2.3987790020019532e-05,-0.00035940626184300674,-0.0001327312762544402,0.9999998129371787,2.491925186159347e-06,0.00041113227778597216,0.0004528682459932895,0.9999999341761362,0.0,0.0,-0.0002236341586797722,0.9999999787874941,4.032357876087774e-05,-0.00019350097408021443,-5.793438794057914e-05,0.0,0.0,0.9999999148260902,-7.514837759764103e-05,0.00030312282097632725,0.0002698464179362254,0.999999970569157,0.0,0.0,-0.000206809131727289,0.9999982571812799,-7.939885593180684e-05,0.0018619850265621275,0.00011109448793678899,0.0,0.0,1.0,0.0,0.0,0.0,1.0,0.0,0.0,0.0,1.0,0.0,0.0,0.0,0.0,0.0,0.0,1.0,0.0,0.0,0.0,1.0,0.0,0.0,0.0,0.0,0.0,0.0
0.0,0.0,0.0,0.9999999263170638,2.3987790020019532e-05,-0.00035940626184300674,-0.0001327312762544402,0.9999998129371787,2.491925186159347e-06,0.00041113227778597216,0.0004528682459932895,0.9999999341761362,0.0,0.0,-0.0002236341586797722,0.9999999787874941,4.032357876087774e-05,-0.00019350097408021443,-5.793438794057914e-05,0.0,0.0,0.9999999148260902,-7.514837759764103e-05,0.00030312282097632725,0.0002698464179362254,0.999999970569157,0.0,0.0,-0.000206809131727289,0.9999982571812799,-7.939885593180684e-05,0.0018619850265621275,0.00011109448793678899,0.0,0.0,1.0,0.0,0.0,0.0,1.0,0.0,0.0,0.0,1.0,0.0,0.0,0.0,0.0,0.0,0.0,1.0,0.0,0.0,0.0,1.0,0.0,0.0,0.0,0.0,0.0,0.0
0.0,0.0,0.0,0.9999999263170638,2.3987790020019532e-05,-0.00035940626184300674,-0.0001327312762544402,0.9999998129371787,2.491925186159347e-06,0.00041113227778597216,0.0004528682459932895,0.99999994224647,0.0,0.0,-0.0002004892665405448,0.9999999793553093,4.141849533850258e-05,-0.00018165928887315077,-8.107892511546531e-05,0.0,0.0,0.9999999158837951,-7.604397553839448e-05,0.0003032793545909366,0.0002654644032028866,0.9999999727643455,0.0,0.0,-0.00019379505870502164,0.9999982516990192,-7.850027069625278e-05,0.001863410020282521,0.0001346837364354036,0.0,0.0,1.0,0.0,0.0,0.0,1.0,0.0,0.0,0.0,1.0,0.0,0.0,0.0,0.0,0.0,0.0,1.0,0.0,0.0,0.0,1.0,0.0,0.0,0.0,0.0,0.0,0.0
0.0,0.0,0.0,0.9999999263170638,2.3987790020019532e-05,-0.00035940626184300674,-0.0001327312762544402,0.9999998129371787,2.491925186159347e-06,0.00041113227778597216,0.0004528682459932895,0.99999994224647,0.0,0.0,-0.0002004892665405448,0.9999999793553093,4.141849533850258e-05,-0.00018165928887315077,-8.107892511546531e-05,0.0,0.0,0.9999999158837951,-7.604397553839448e-05,0.0003032793545909366,0.0002654644032028866,0.9999999727643455,0.0,0.0,-0.00019379505870502164,0.9999982516990192,-7.850027069625278e-05,0.001863410020282521,0.0001346837364354036,0.0,0.0,1.0,0.0,0.0,0.0,1.0,0.0,0.0,0.0,1.0,0.0,0.0,0.0,0.0,0.0,0.0,1.0,0.0,0.0,0.0,1.0,0.0,0.0,0.0,0.0,0.0,0.0
0.0,0.0,0.0,0.9999999263170638,2.3987790020019532e-05,-0.00035940626184300674,-0.0001327312762544402,0.999999815341597,4.891648385316046e-07,0.00040392030397315393,0.0004540538743259283,0.9999999401825868,0.0,0.0,-0.00020167309413362652,0.9999999793553093,4.141849533850258e-05,-0.00018165928887315077,-8.107892511546531e-05,0.0,0.0,0.9999999158837951,-7.604397553839448e-05,0.0003032793545909366,0.0002654644032028866,0.9999999702769917,0.0,0.0,-0.00018315204707754565,0.999998246703919,-0.0001115840210542183,0.0018651452548874576,0.00012398093514995242,0.0,0.0,1.0,0.0,0.0,0.0,1.0,0.0,0.0,0.0,1.0,0.0,0.0,0.0,0.0,0.0,0.0,1.0,0.0,0.0,0.0,1.0,0.0,0.0,0.0,0.0,0.0,0.0
0.0,0.0,0.0,0.9999999263170638,2.3987790020019532e-05,-0.00035940626184300674,-0.0001327312762544402,0.999999815341597,4.891648385316046e-07,0.00040392030397315393,0.0004540538743259283,0.9999999401825868,0.0,0.0,-0.00020167309413362652,0.9999999793553093,4.141849533850258e-05,-0.00018165928887315077,-8.107892511546531e-05,0.0,0.0,0.9999999158837951,-7.604397553839448e-05,0.0003032793545909366,0.0002654644032028866,0.9999999702769917,0.0,0.0,-0.00018315204707754565,0.999998246703919,-0.0001115840210542183,0.0018651452548874576,0.00012398093514995242,0.0,0.0,1.0,0.0,0.0,0.0,1.0,0.0,0.0,0.0,1.0,0.0,0.0,0.0,0.0,0.0,0.0,1.0,0.0,0.0,0.0,1.0,0.0,0.0,0.0,0.0,0.0,0.0
0.0,0.0,0.0,0.9999999242070906,2.5195085756185775e-05,-0.0003643311012990994,-0.00013495876825720917,0.9999998123261064,-7.166475047658453e-07,0.0004088455852961823,0.0004562811917989963,0.9999999401825868,0.0,0.0,-0.00020167309413362652,0.999999978411073,4.2630195852759226e-05,-0.00018127464039285912,-9.21955782656014e-05,0.0,0.0,0.9999999136916886,-7.725049254598537e-05,0.0003082042382539634,0.0002676922192967221,0.9999999702769917,0.0,0.0,-0.00018315204707754565,0.999998247366051,-6.763239022560681e-05,0.001868648856211492,9.40326438519363e-05,0.0,0.0,1.0,0.0,0.0,0.0,1.0,0.0,0.0,0.0,1.0,0.0,0.0,0.0,0.0,0.0,0.0,1.0,0.0,0.0,0.0,1.0,0.0,0.0,0.0,0.0,0.0,0.0
0.0,0.0,0.0,0.9999999242070906,2.5195085756185775e-05,-0.0003643311012990994,-0.00013495876825720917,0.9999998123261064,-7.166475047658453e-07,0.0004088455852961823,0.0004562811917989963,0.9999999401825868,0.0,0.0,-0.00020167309413362652,0.999999978411073,4.2630195852759226e-05,-0.00018127464039285912,-9.21955782656014e-05,0.0,0.0,0.9999999136916886,-7.725049254598537e-05,0.0003082042382539634,0.0002676922192967221,0.9999999702769917,0.0,0.0,-0.00018315204707754565,0.999998247366051,-6.763239022560681e-05,0.001868648856211492,9.40326438519363e-05,0.0,0.0,1.0,0.0,0.0,0.0,1.0,0.0,0.0,0.0,1.0,0.0,0.0,0.0,0.0,0.0,0.0,1.0,0.0,0.0,0.0,1.0,0.0,0.0,0.0,0.0,0.0,0.0
0.0,0.0,0.0,0.9999999242070906,2.5195085756185775e-05,-0.0003643311012990994,-0.00013495876825720917,0.9999998123261064,-7.166475047658453e-07,0.0004088455852961823,0.0004562811917989963,0.9999999412989661,0.0,0.0,-0.00020514277362144843,0.9999999795404145,1.900508479632058e-05,-0.00017843590622321787,-9.337346853763454e-05,0.0,0.0,0.9999999146937354,-6.658721624380635e-05,0.0003099564899253309,0.0002647746943036724,0.9999999722330918,0.0,0.0,-0.00018023703849819509,0.999998247366051,-6.763239022560681e-05,0.001868648856211492,9.40326438519363e-05,0.0,0.0,1.0,0.0,0.0,0.0,1.0,0.0,0.0,0.0,1.0,0.0,0.0,0.0,0.0,0.0,0.0,1.0,0.0,0.0,0.0,1.0,0.0,0.0,0.0,0.0,0.0,0.0
0.0,0.0,0.0,0.9999999242070906,2.5195085756185775e-05,-0.0003643311012990994,-0.00013495876825720917,0.9999998123261064,-7.166475047658453e-07,0.0004088455852961823,0.0004562811917989963,0.9999999412989661,0.0,0.0,-0.00020514277362144843,0.9999999795404145,1.900508479632058e-05,-0.00017843590622321787,-9.337346853763454e-05,0.0,0.0,0.9999999146937354,-6.658721624380635e-05,0.0003099564899253309,0.0002647746943036724,0.9999999722330918,0.0,0.0,-0.00018023703849819509,0.999998247366051,-6.763239022560681e-05,0.001868648856211492,9.40326438519363e-05,0.0,0.0,1.0,0.0,0.0,0.0,1.0,0.0,0.0,0.0,1.0,0.0,0.0,0.0,0.0,0.0,0.0,1.0,0.0,0.0,0.0,1.0,0.0,0.0,0.0,0.0,0.0,0.0
0.0,0.0,0.0,0.9999999242070906,2.5195085756185775e-05,-0.0003643311012990994,-0.00013495876825720917,0.9999998123261064,-7.166475047658453e-07,0.0004088455852961823,0.0004562811917989963,0.9999999387030877,0.0,0.0,-0.00020881248742819105,0.9999999786343162,1.624089206155367e-05,-0.00018552833161951922,-8.970417380865927e-05,0.0,0.0,0.9999999157004745,-3.794003824130718e-05,0.00031114309840423176,0.0002652349331709613,0.9999999745855709,0.0,0.0,-0.00018425057273290345,0.9999982432989856,-7.132823991114204e-05,0.0018716004520446792,7.364083828288486e-05,0.0,0.0,1.0,0.0,0.0,0.0,1.0,0.0,0.0,0.0,1.0,0.0,0.0,0.0,0.0,0.0,0.0,1.0,0.0,0.0,0.0,1.0,0.0,0.0,0.0,0.0,0.0,0.0
0.0,0.0,0.0,0.9999999242070906,2.5195085756185775e-05,-0.0003643311012990994,-0.00013495876825720917,0.9999998123261064,-7.166475047658453e-07,0.0004088455852961823,0.0004562811917989963,0.9999999387030877,0.0,0.0,-0.00020881248742819105,0.9999999786343162,1.624089206155367e-05,-0.00018552833161951922,-8.970417380865927e-05,0.0,0.0,0.9999999157004745,-3.794003824130718e-05,0.00031114309840423176,0.0002652349331709613,0.9999999745855709,0.0,0.0,-0.00018425057273290345,0.9999982432989856,-7.132823991114204e-05,0.0018716004520446792,7.364083828288486e-05,0.0,0.0,1.0,0.0,0.0,0.0,1.0,0.0,0.0,0.0,1.0,0.0,0.0,0.0,0.0,0.0,0.0,1.0,0.0,0.0,0.0,1.0,0.0,0.0,0.0,0.0,0.0,0.0
0.0,0.0,0.0,0.9999999190178296,2.2512588478604978e-05,-0.00037534558804591596,-0.00014343363401421946,0.9999998016731486,-6.1553926078652504e-06,0.00042617560469064873,0.0004636702800344072,0.9999999409539734,0.0,0.0,-0.00020772142616963638,0.9999999786343162,1.624089206155367e-05,-0.00018552833161951922,-8.970417380865927e-05,0.0,0.0,0.9999999100273815,-3.5255655290626564e-05,0.0003221571273928992,0.00027370979646748167,0.9999999745855709,0.0,0.0,-0.00018425057273290345,0.9999982432989856,-7.132823991114204e-05,0.0018716004520446792,7.364083828288486e-05,0.0,0.0,1.0,0.0,0.0,0.0,1.0,0.0,0.0,0.0,1.0,0.0,0.0,0.0,0.0,0.0,0.0,1.0,0.0,0.0,0.0,1.0,0.0,0.0,0.0,0.0,0.0,0.0
0.0,0.0,0.0,0.9999999190178296,2.2512588478604978e-05,-0.00037534558804591596,-0.00014343363401421946,0.9999998016731486,-6.1553926078652504e-06,0.00042617560469064873,0.0004636702800344072,0.9999999409539734,0.0,0.0,-0.00020772142616963638,0.9999999786343162,1.624089206155367e-05,-0.00018552833161951922,-8.970417380865927e-05,0.0,0.0,0.9999999100273815,-3.5255655290626564e-05,0.0003221571273928992,0.00027370979646748167,0.9999999745855709,0.0,0.0,-0.00018425057273290345,0.9999982432989856,-7.132823991114204e-05,0.0018716004520446792,7.364083828288486e-05,0.0,0.0,1.0,0.0,0.0,0.0,1.0,0.0,0.0,0.0,1.0,0.0,0.0,0.0,0.0,0.0,0.0,1.0,0.0,0.0,0.0,1.0,0.0,0.0,0.0,0.0,0.0,0.0
0.0,0.0,0.0,0.9999999190178296,2.2512588478604978e-05,-0.00037534558804591596,-0.00014343363401421946,0.9999998016731486,-6.1553926078652504e-06,0.00042617560469064873,0.0004636702800344072,0.9999999409539734,0.0,0.0,-0.00020772142616963638,0.9999999797353486,5.92134425284261e-06,-0.00019019800111591483,-6.57187974605826e-05,0.0,0.0,0.9999999100273815,-3.5255655290626564e-05,0.0003221571273928992,0.00027370979646748167,0.999999978794089,0.0,0.0,-0.0001885356739791973,0.9999982758040222,-5.184305547127254e-05,0.0018554904372241842,5.344640120696853e-05,0.0,0.0,1.0,0.0,0.0,0.0,1.0,0.0,0.0,0.0,1.0,0.0,0.0,0.0,0.0,0.0,0.0,1.0,0.0,0.0,0.0,1.0,0.0,0.0,0.0,0.0,0.0,0.0
0.0,0.0,0.0,0.9999999190178296,2.2512588478604978e-05,-0.00037534558804591596,-0.00014343363401421946,0.9999998016731486,-6.1553926078652504e-06,0.00042617560469064873,0.0004636702800344072,0.9999999409539734,0.0,0.0,-0.00020772142616963638,0.9999999797353486,5.92134425284261e-06,-0.00019019800111591483,-6.57187974605826e-05,0.0,0.0,0.9999999100273815,-3.5255655290626564e-05,0.0003221571273928992,0.00027370979646748167,0.999999978794089,0.0,0.0,-0.0001885356739791973,0.9999982758040222,-5.184305547127254e-05,0.0018554904372241842,5.344640120696853e-05,0.0,0.0,1.0,0.0,0.0,0.0,1.0,0.0,0.0,0.0,1.0,0.0,0.0,0.0,0.0,0.0,0.0,1.0,0.0,0.0,0.0,1.0,0.0,0.0,0.0,0.0,0.0,0.0
0.0,0.0,0.0,0.9999999190178296,2.2512588478604978e-05,-0.00037534558804591596,-0.00014343363401421946,0.9999998028814854,-1.9972698963564325e-05,0.0004212554631070812,0.0004651686966726228,0.9999999420600292,0.0,0.0,-0.00020110055251735084,0.9999999767099904,2.8795028379025927e-05,-0.00018242666826380686,-0.0001116753134934289,0.0,0.0,0.9999999100273815,-3.5255655290626564e-05,0.0003221571273928992,0.00027370979646748167,0.999999978794089,0.0,0.0,-0.0001885356739791973,0.9999982758040222,-5.184305547127254e-05,0.0018554904372241842,5.344640120696853e-05,0.0,0.0,1.0,0.0,0.0,0.0,1.0,0.0,0.0,0.0,1.0,0.0,0.0,0.0,0.0,0.0,0.0,1.0,0.0,0.0,0.0,1.0,0.0,0.0,0.0,0.0,0.0,0.0
0.0,0.0,0.0,0.9999999190178296,2.2512588478604978e-05,-0.00037534558804591596,-0.00014343363401421946,0.9999998028814854,-1.9972698963564325e-05,0.0004212554631070812,0.0004651686966726228,0.9999999420600292,0.0,0.0,-0.00020110055251735084,0.9999999767099904,2.8795028379025927e-05,-0.00018242666826380686,-0.0001116753134934289,0.0,0.0,0.9999999100273815,-3.5255655290626564e-05,0.0003221571273928992,0.00027370979646748167,0.999999978794089,0.0,0.0,-0.0001885356739791973,0.9999982758040222,-5.184305547127254e-05,0.0018554904372241842,5.344640120696853e-05,0.0,0.0,1.0,0.0,0.0,0.0,1.0,0.0,0.0,0.0,1.0,0.0,0.0,0.0,0.0,0.0,0.0,1.0,0.0,0.0,0.0,1.0,0.0,0.0,0.0,0.0,0.0,0.0
0.0,0.0,0.0,0.9999999187170207,1.1867937823205921e-06,-0.0003792022312845749,-0.00013700442083446402,0.9999998044204336,1.3546305463949166e-06,0.00042510522923477803,0.0004587404532837263,0.9999999341051161,0.0,0.0,-0.0002257103152084967,0.9999999772271678,3.280013453714344e-05,-0.0001920664401948536,-8.706490418222188e-05,0.0,0.0,0.9999999095283431,-6.318277531385638e-06,0.0003360944145460078,0.0002606605639124317,0.9999999855273568,0.0,0.0,-0.00015096337062116407,0.9999982678811254,-3.7236468448065177e-05,0.001860736722870507,2.251760227262691e-05,0.0,0.0,1.0,0.0,0.0,0.0,1.0,0.0,0.0,0.0,1.0,0.0,0.0,0.0,0.0,0.0,0.0,1.0,0.0,0.0,0.0,1.0,0.0,0.0,0.0,0.0,0.0,0.0
0.0,0.0,0.0,0.9999999187170207,1.1867937823205921e-06,-0.0003792022312845749,-0.00013700442083446402,0.9999998044204336,1.3546305463949166e-06,0.00042510522923477803,0.0004587404532837263,0.9999999341051161,0.0,0.0,-0.0002257103152084967,0.9999999772271678,3.280013453714344e-05,-0.0001920664401948536,-8.706490418222188e-05,0.0,0.0,0.9999999095283431,-6.318277531385638e-06,0.0003360944145460078,0.0002606605639124317,0.9999999855273568,0.0,0.0,-0.00015096337062116407,0.9999982678811254,-3.7236468448065177e-05,0.001860736722870507,2.251760227262691e-05,0.0,0.0,1.0,0.0,0.0,0.0,1.0,0.0,0.0,0.0,1.0,0.0,0.0,0.0,0.0,0.0,0.0,1.0,0.0,0.0,0.0,1.0,0.0,0.0,0.0,0.0,0.0,0.0
0.0,0.0,0.0,0.9999999181432176,1.0631708533925515e-05,-0.00038786073354161354,-0.00011473698783878379,0.9999998106363539,-8.086475820334113e-06,0.0004337667157727737,0.0004364725667330645,0.9999999341051161,0.0,0.0,-0.0002257103152084967,0.9999999772271678,3.280013453714344e-05,-0.0001920664401948536,-8.706490418222188e-05,0.0,0.0,0.9999999044297047,-4.700290779307984e-05,0.0003585634080739203,0.0002456900298247396,0.9999999815371242,0.0,0.0,-0.0001582506736856714,0.9999982658479419,-3.692022637867487e-05,0.0018614510000517469,4.4024768808377126e-05,0.0,0.0,1.0,0.0,0.0,0.0,1.0,0.0,0.0,0.0,1.0,0.0,0.0,0.0,0.0,0.0,0.0,1.0,0.0,0.0,0.0,1.0,0.0,0.0,0.0,0.0,0.0,0.0
0.0,0.0,0.0,0.9999999181432176,1.0631708533925515e-05,-0.00038786073354161354,-0.00011473698783878379,0.9999998106363539,-8.086475820334113e-06,0.0004337667157727737,0.0004364725667330645,0.9999999341051161,0.0,0.0,-0.0002257103152084967,0.9999999772271678,3.280013453714344e-05,-0.0001920664401948536,-8.706490418222188e-05,0.0,0.0,0.9999999044297047,-4.700290779307984e-05,0.0003585634080739203,0.0002456900298247396,0.9999999815371242,0.0,0.0,-0.0001582506736856714,0.9999982658479419,-3.692022637867487e-05,0.0018614510000517469,4.4024768808377126e-05,0.0,0.0,1.0,0.0,0.0,0.0,1.0,0.0,0.0,0.0,1.0,0.0,0.0,0.0,0.0,0.0,0.0,1.0,0.0,0.0,0.0,1.0,0.0,0.0,0.0,0.0,0.0,0.0
0.0,0.0,0.0,0.9999999181432176,1.0631708533925515e-05,-0.00038786073354161354,-0.00011473698783878379,0.9999998132343922,-1.0271889217591277e-05,0.00042522726068970526,0.000438870648014401,0.9999999311037908,0.0,0.0,-0.00022810672010391858,0.9999999739892287,4.567468366437744e-05,-0.00019198008025950403,-0.00011436351714383389,0.0,0.0,0.9999999044297047,-4.700290779307984e-05,0.0003585634080739203,0.0002456900298247396,0.9999999814633975,0.0,0.0,-0.00014993966100284366,0.9999982614680569,-8.128639578945195e-05,0.0018619883463568705,5.876039207328462e-05,0.0,0.0,1.0,0.0,0.0,0.0,1.0,0.0,0.0,0.0,1.0,0.0,0.0,0.0,0.0,0.0,0.0,1.0,0.0,0.0,0.0,1.0,0.0,0.0,0.0,0.0,0.0,0.0
0.0,0.0,0.0,0.9999999181432176,1.0631708533925515e-05,-0.00038786073354161354,-0.00011473698783878379,0.9999998132343922,-1.0271889217591277e-05,0.00042522726068970526,0.000438870648014401,0.9999999311037908,0.0,0.0,-0.00022810672010391858,0.9999999739892287,4.567468366437744e-05,-0.00019198008025950403,-0.00011436351714383389,0.0,0.0,0.9999999044297047,-4.700290779307984e-05,0.0003585634080739203,0.0002456900298247396,0.9999999814633975,0.0,0.0,-0.00014993966100284366,0.9999982614680569,-8.128639578945195e-05,0.0018619883463568705,5.876039207328462e-05,0.0,0.0,1.0,0.0,0.0,0.0,1.0,0.0,0.0,0.0,1.0,0.0,0.0,0.0,0.0,0.0,0.0,1.0,0.0,0.0,0.0,1.0,0.0,0.0,0.0,0.0,0.0,0.0
0.0,0.0,0.0,0.9999999181432176,1.0631708533925515e-05,-0.00038786073354161354,-0.00011473698783878379,0.9999998205766417,1.0544350179701086e-06,0.0004169568582665566,0.0004301076037512704,0.9999999291536095,0.0,0.0,-0.0002212151488206836,0.9999999770933103,1.2649979783372565e-05,-0.00019455121968154948,-8.833560815619241e-05,0.0,0.0,0.9999999044297047,-4.700290779307984e-05,0.0003585634080739203,0.0002456900298247396,0.9999999814633975,0.0,0.0,-0.00014993966100284366,0.9999982614680569,-8.128639578945195e-05,0.0018619883463568705,5.876039207328462e-05,0.0,0.0,1.0,0.0,0.0,0.0,1.0,0.0,0.0,0.0,1.0,0.0,0.0,0.0,0.0,0.0,0.0,1.0,0.0,0.0,0.0,1.0,0.0,0.0,0.0,0.0,0.0,0.0
0.0,0.0,0.0,0.9999999181432176,1.0631708533925515e-05,-0.00038786073354161354,-0.00011473698783878379,0.9999998205766417,1.0544350179701086e-06,0.0004169568582665566,0.0004301076037512704,0.9999999291536095,0.0,0.0,-0.0002212151488206836,0.9999999770933103,1.2649979783372565e-05,-0.00019455121968154948,-8.833560815619241e-05,0.0,0.0,0.9999999044297047,-4.700290779307984e-05,0.0003585634080739203,0.0002456900298247396,0.9999999814633975,0.0,0.0,-0.00014993966100284366,0.9999982614680569,-8.128639578945195e-05,0.0018619883463568705,5.876039207328462e-05,0.0,0.0,1.0,0.0,0.0,0.0,1.0,0.0,0.0,0.0,1.0,0.0,0.0,0.0,0.0,0.0,0.0,1.0,0.0,0.0,0.0,1.0,0.0,0.0,0.0,0.0,0.0,0.0
0.0,0.0,0.0,0.9999999181432176,1.0631708533925515e-05,-0.00038786073354161354,-0.00011473698783878379,0.9999998205766417,1.0544350179701086e-06,0.0004169568582665566,0.0004301076037512704,0.9999999291536095,0.0,0.0,-0.0002212151488206836,0.9999999770933103,1.2649979783372565e-05,-0.00019455121968154948,-8.833560815619241e-05,0.0,0.0,0.9999999044297047,-4.700290779307984e-05,0.0003585634080739203,0.0002456900298247396,0.9999999814633975,0.0,0.0,-0.00014993966100284366,0.9999982614680569,-8.128639578945195e-05,0.0018619883463568705,5.876039207328462e-05,0.0,0.0,1.0,0.0,0.0,0.0,1.0,0.0,0.0,0.0,1.0,0.0,0.0,0.0,0.0,0.0,0.0,1.0,0.0,0.0,0.0,1.0,0.0,0.0,0.0,0.0,0.0,0.0
0.0,0.0,0.0,0.9999999141004591,2.1990714330993677e-05,-0.00039999382262025915,-0.00010639748512747067,0.99999981894238,-1.0300501168692837e-05,0.00042909343250538293,0.0004217676293882685,0.9999999317209007,0.0,0.0,-0.00022167462689525564,0.9999999788174938,-1.203314715452294e-05,-0.00018573509699099737,-8.787883253974667e-05,0.0,0.0,0.999999903310844,-5.930307549174601e-05,0.0003690692874174054,0.00023162320474509057,0.9999999794922221,0.0,0.0,-0.00014332522368607742,0.9999982399387841,-0.00010183485867401918,0.00187253940457041,5.7837477386476834e-05,0.0,0.0,1.0,0.0,0.0,0.0,1.0,0.0,0.0,0.0,1.0,0.0,0.0,0.0,0.0,0.0,0.0,1.0,0.0,0.0,0.0,1.0,0.0,0.0,0.0,0.0,0.0,0.0
0.0,0.0,0.0,0.9999999141004591,2.1990714330993677e-05,-0.00039999382262025915,-0.00010639748512747067,0.99999981894238,-1.0300501168692837e-05,0.00042909343250538293,0.0004217676293882685,0.9999999317209007,0.0,0.0,-0.00022167462689525564,0.9999999788174938,-1.203314715452294e-05,-0.00018573509699099737,-8.787883253974667e-05,0.0,0.0,0.999999903310844,-5.930307549174601e-05,0.0003690692874174054,0.00023162320474509057,0.9999999794922221,0.0,0.0,-0.00014332522368607742,0.9999982399387841,-0.00010183485867401918,0.00187253940457041,5.7837477386476834e-05,0.0,0.0,1.0,0.0,0.0,0.0,1.0,0.0,0.0,0.0,1.0,0.0,0.0,0.0,0.0,0.0,0.0,1.0,0.0,0.0,0.0,1.0,0.0,0.0,0.0,0.0,0.0,0.0
0.0,0.0,0.0,0.9999999074886053,2.6124495256663733e-05,-0.0004156441900665236,-0.00010761133225306582,0.9999998115452137,-1.1257509649633338e-05,0.00044709952873704136,0.0004205767670383976,0.9999999329742881,0.0,0.0,-0.000219272577012625,0.9999999788174938,-1.203314715452294e-05,-0.00018573509699099737,-8.787883253974667e-05,0.0,0.0,0.9999998961121713,-6.847332044949346e-05,0.0003877925168972391,0.00022957354975503783,0.9999999790986386,0.0,0.0,-0.00014005936148718485,0.9999982297800416,-8.079247803020114e-05,0.0018791509467942788,5.197189461182361e-05,0.0,0.0,1.0,0.0,0.0,0.0,1.0,0.0,0.0,0.0,1.0,0.0,0.0,0.0,0.0,0.0,0.0,1.0,0.0,0.0,0.0,1.0,0.0,0.0,0.0,0.0,0.0,0.0
0.0,0.0,0.0,0.9999999074886053,2.6124495256663733e-05,-0.0004156441900665236,-0.00010761133225306582,0.9999998115452137,-1.1257509649633338e-05,0.00044709952873704136,0.0004205767670383976,0.9999999329742881,0.0,0.0,-0.000219272577012625,0.9999999788174938,-1.203314715452294e-05,-0.00018573509699099737,-8.787883253974667e-05,0.0,0.0,0.9999998961121713,-6.847332044949346e-05,0.0003877925168972391,0.00022957354975503783,0.9999999790986386,0.0,0.0,-0.00014005936148718485,0.9999982297800416,-8.079247803020114e-05,0.0018791509467942788,5.197189461182361e-05,0.0,0.0,1.0,0.0,0.0,0.0,1.0,0.0,0.0,0.0,1.0,0.0,0.0,0.0,0.0,0.0,0.0,1.0,0.0,0.0,0.0,1.0,0.0,0.0,0.0,0.0,0.0,0.0
0.0,0.0,0.0,0.9999999074886053,2.6124495256663733e-05,-0.0004156441900665236,-0.00010761133225306582,0.9999998115452137,-1.1257509649633338e-05,0.00044709952873704136,0.0004205767670383976,0.9999999329742881,0.0,0.0,-0.000219272577012625,0.9999999797704441,-2.3462989232465735e-05,-0.0001850546665746407,-7.525536379469203e-05,0.0,0.0,0.9999998961121713,-6.847332044949346e-05,0.0003877925168972391,0.00022957354975503783,0.9999999799037678,0.0,0.0,-0.00014590566177556365,0.9999982463782784,-2.1908259218173535e-05,0.001872628468161807,-4.797543037555698e-06,0.0,0.0,1.0,0.0,0.0,0.0,1.0,0.0,0.0,0.0,1.0,0.0,0.0,0.0,0.0,0.0,0.0,1.0,0.0,0.0,0.0,1.0,0.0,0.0,0.0,0.0,0.0,0.0
0.0,0.0,0.0,0.9999999074886053,2.6124495256663733e-05,-0.0004156441900665236,-0.00010761133225306582,0.9999998115452137,-1.1257509649633338e-05,0.00044709952873704136,0.0004205767670383976,0.9999999329742881,0.0,0.0,-0.000219272577012625,0.9999999797704441,-2.3462989232465735e-05,-0.0001850546665746407,-7.525536379469203e-05,0.0,0.0,0.9999998961121713,-6.847332044949346e-05,0.0003877925168972391,0.00022957354975503783,0.9999999799037678,0.0,0.0,-0.00014590566177556365,0.9999982463782784,-2.1908259218173535e-05,0.001872628468161807,-4.797543037555698e-06,0.0,0.0,1.0,0.0,0.0,0.0,1.0,0.0,0.0,0.0,1.0,0.0,0.0,0.0,0.0,0.0,0.0,1.0,0.0,0.0,0.0,1.0,0.0,0.0,0.0,0.0,0.0,0.0
0.0,0.0,0.0,0.9999999074886053,2.6124495256663733e-05,-0.0004156441900665236,-0.00010761133225306582,0.9999998134641094,-2.19475875205052e-05,0.00043339917469513596,0.0004298316009797519,0.9999999266500053,0.0,0.0,-0.0002285194505805742,0.9999999797704441,-2.3462989232465735e-05,-0.0001850546665746407,-7.525536379469203e-05,0.0,0.0,0.9999998961121713,-6.847332044949346e-05,0.0003877925168972391,0.00022957354975503783,0.9999999799037678,0.0,0.0,-0.00014590566177556365,0.9999982463782784,-2.1908259218173535e-05,0.001872628468161807,-4.797543037555698e-06,0.0,0.0,1.0,0.0,0.0,0.0,1.0,0.0,0.0,0.0,1.0,0.0,0.0,0.0,0.0,0.0,0.0,1.0,0.0,0.0,0.0,1.0,0.0,0.0,0.0,0.0,0.0,0.0
0.0,0.0,0.0,0.9999999064913061,2.3152402792596668e-05,-0.00041820639714407355,-0.00010763249843135941,0.9999998124024989,-1.897466999023553e-05,0.0004359604240322521,0.00042985280921496683,0.9999999243864555,0.0,0.0,-0.00023227842316731655,0.9999999804917937,-3.428554805120827e-06,-0.00018585747348007936,-6.679563419277483e-05,0.0,0.0,0.9999998953633606,-6.421388075460712e-05,0.0003955411479741659,0.00022067407078304126,0.9999999808139441,0.0,0.0,-0.00013698518107055534,0.9999982463782784,-2.1908259218173535e-05,0.001872628468161807,-4.797543037555698e-06,0.0,0.0,1.0,0.0,0.0,0.0,1.0,0.0,0.0,0.0,1.0,0.0,0.0,0.0,0.0,0.0,0.0,1.0,0.0,0.0,0.0,1.0,0.0,0.0,0.0,0.0,0.0,0.0
0.0,0.0,0.0,0.9999999064913061,2.3152402792596668e-05,-0.00041820639714407355,-0.00010763249843135941,0.9999998124024989,-1.897466999023553e-05,0.0004359604240322521,0.00042985280921496683,0.9999999243864555,0.0,0.0,-0.00023227842316731655,0.9999999804917937,-3.428554805120827e-06,-0.00018585747348007936,-6.679563419277483e-05,0.0,0.0,0.9999998953633606,-6.421388075460712e-05,0.0003955411479741659,0.00022067407078304126,0.9999999808139441,0.0,0.0,-0.00013698518107055534,0.9999982463782784,-2.1908259218173535e-05,0.001872628468161807,-4.797543037555698e-06,0.0,0.0,1.0,0.0,0.0,0.0,1.0,0.0,0.0,0.0,1.0,0.0,0.0,0.0,0.0,0.0,0.0,1.0,0.0,0.0,0.0,1.0,0.0,0.0,0.0,0.0,0.0,0.0
0.0,0.0,0.0,0.9999999059386633,4.3238468678747276e-05,-0.0004209148031429734,-9.530911765082842e-05,0.9999998158539082,-3.9059643430717215e-05,0.00043867525221495587,0.00041752906149252655,0.9999999243864555,0.0,0.0,-0.00023227842316731655,0.9999999796771214,1.6539561454172022e-05,-0.00018669460551717346,-7.427869052015443e-05,0.0,0.0,0.9999998978375181,-8.310889984991506e-05,0.0003930111734788429,0.0002072681398032028,0.9999999815714599,0.0,0.0,-0.00013590251690302787,0.9999982452813726,-3.2529956195355364e-05,0.0018730392678648062,-9.993924350905104e-06,0.0,0.0,1.0,0.0,0.0,0.0,1.0,0.0,0.0,0.0,1.0,0.0,0.0,0.0,0.0,0.0,0.0,1.0,0.0,0.0,0.0,1.0,0.0,0.0,0.0,0.0,0.0,0.0
0.0,0.0,0.0,0.9999999059386633,4.3238468678747276e-05,-0.0004209148031429734,-9.530911765082842e-05,0.9999998163390392,-2.9751962006874267e-05,0.00044705562937769245,0.0004081396486126544,0.9999999254240443,0.0,0.0,-0.00023314880400887602,0.9999999791683007,9.872982947680574e-06,-0.00019074818020119397,-7.197953819704903e-05,0.0,0.0,0.9999998978375181,-8.310889984991506e-05,0.0003930111734788429,0.0002072681398032028,0.9999999843490868,0.0,0.0,-0.00012914047659939572,0.9999982485349601,-1.3435421538551674e-05,0.0018714878791307404,-1.6721836117403715e-05,0.0,0.0,1.0,0.0,0.0,0.0,1.0,0.0,0.0,0.0,1.0,0.0,0.0,0.0,0.0,0.0,0.0,1.0,0.0,0.0,0.0,1.0,0.0,0.0,0.0,0.0,0.0,0.0
0.0,0.0,0.0,0.9999999059386633,4.3238468678747276e-05,-0.0004209148031429734,-9.530911765082842e-05,0.9999998163390392,-2.9751962006874267e-05,0.00044705562937769245,0.0004081396486126544,0.9999999254240443,0.0,0.0,-0.00023314880400887602,0.9999999791683007,9.872982947680574e-06,-0.00019074818020119397,-7.197953819704903e-05,0.0,0.0,0.9999998978375181,-8.310889984991506e-05,0.0003930111734788429,0.0002072681398032028,0.9999999843490868,0.0,0.0,-0.00012914047659939572,0.9999982485349601,-1.3435421538551674e-05,0.0018714878791307404,-1.6721836117403715e-05,0.0,0.0,1.0,0.0,0.0,0.0,1.0,0.0,0.0,0.0,1.0,0.0,0.0,0.0,0.0,0.0,0.0,1.0,0.0,0.0,0.0,1.0,0.0,0.0,0.0,0.0,0.0,0.0
0.0,0.0,0.0,0.9999999059386633,4.3238468678747276e-05,-0.0004209148031429734,-9.530911765082842e-05,0.9999998173229802,-2.6629099600028636e-05,0.0004477723196423522,0.0004051479322183978,0.9999999263662528,0.0,0.0,-0.0002301594588713773,0.9999999791683007,9.872982947680574e-06,-0.00019074818020119397,-7.197953819704903e-05,0.0,0.0,0.9999998978375181,-8.310889984991506e-05,0.0003930111734788429,0.0002072681398032028,0.9999999843490868,0.0,0.0,-0.00012914047659939572,0.9999982588207801,-3.86537889407028e-05,0.0018642638936481495,7.33582155343719e-05,0.0,0.0,1.0,0.0,0.0,0.0,1.0,0.0,0.0,0.0,1.0,0.0,0.0,0.0,0.0,0.0,0.0,1.0,0.0,0.0,0.0,1.0,0.0,0.0,0.0,0.0,0.0,0.0
0.0,0.0,0.0,0.9999999059386633,4.3238468678747276e-05,-0.0004209148031429734,-9.530911765082842e-05,0.9999998173229802,-2.6629099600028636e-05,0.0004477723196423522,0.0004051479322183978,0.9999999263662528,0.0,0.0,-0.0002301594588713773,0.9999999791683007,9.872982947680574e-06,-0.00019074818020119397,-7.197953819704903e-05,0.0,0.0,0.9999998978375181,-8.310889984991506e-05,0.0003930111734788429,0.0002072681398032028,0.9999999843490868,0.0,0.0,-0.00012914047659939572,0.9999982588207801,-3.86537889407028e-05,0.0018642638936481495,7.33582155343719e-05,0.0,0.0,1.0,0.0,0.0,0.0,1.0,0.0,0.0,0.0,1.0,0.0,0.0,0.0,0.0,0.0,0.0,1.0,0.0,0.0,0.0,1.0,0.0,0.0,0.0,0.0,0.0,0.0
0.0,0.0,0.0,0.9999999032874444,4.795877471850347e-05,-0.00042325598554134286,-0.00010945057655490937,0.9999998103050279,-3.134905963945447e-05,0.00045011519750098785,0.0004192892243237979,0.9999999263662528,0.0,0.0,-0.0002301594588713773,0.9999999791683007,9.872982947680574e-06,-0.00019074818020119397,-7.197953819704903e-05,0.0,0.0,0.999999894660993,-8.27138804903832e-05,0.0003938340311484159,0.00022075138209868886,0.9999999836594916,0.0,0.0,-0.00012562076684911774,0.9999982546956878,-5.633073883433438e-05,0.0018661369895313566,7.046390847782028e-05,0.0,0.0,1.0,0.0,0.0,0.0,1.0,0.0,0.0,0.0,1.0,0.0,0.0,0.0,0.0,0.0,0.0,1.0,0.0,0.0,0.0,1.0,0.0,0.0,0.0,0.0,0.0,0.0
0.0,0.0,0.0,0.9999999032874444,4.795877471850347e-05,-0.00042325598554134286,-0.00010945057655490937,0.9999998103050279,-3.134905963945447e-05,0.00045011519750098785,0.0004192892243237979,0.9999999276961551,0.0,0.0,-0.00023147246653883354,0.999999980891837,2.648353289440626e-05,-0.0001835267957764123,-6.19101255749183e-05,0.0,0.0,0.999999892634782,-8.396184754103992e-05,0.0003881095816643525,0.00023885515559908272,0.999999981598222,0.0,0.0,-0.00014372422597296183,0.9999982546956878,-5.633073883433438e-05,0.0018661369895313566,7.046390847782028e-05,0.0,0.0,1.0,0.0,0.0,0.0,1.0,0.0,0.0,0.0,1.0,0.0,0.0,0.0,0.0,0.0,0.0,1.0,0.0,0.0,0.0,1.0,0.0,0.0,0.0,0.0,0.0,0.0
0.0,0.0,0.0,0.9999999004859815,4.587240076566047e-05,-0.00042763929458873687,-0.00011852587723180705,0.9999998086372235,-3.122340641028443e-05,0.0004416813248676167,0.0004320511805506877,0.9999999324181766,0.0,0.0,-0.0002091953406471858,0.9999999815185293,5.9488999987239405e-06,-0.00017089628645985746,-8.787497348219113e-05,0.0,0.0,0.9999998888883931,-8.187458737658069e-05,0.0003924922935462955,0.00024793054056230433,0.9999999823954006,0.0,0.0,-0.00014651729155837614,0.9999982589804145,-4.487912107788851e-05,0.0018640419567735951,7.327747211893411e-05,0.0,0.0,1.0,0.0,0.0,0.0,1.0,0.0,0.0,0.0,1.0,0.0,0.0,0.0,0.0,0.0,0.0,1.0,0.0,0.0,0.0,1.0,0.0,0.0,0.0,0.0,0.0,0.0
0.0,0.0,0.0,0.9999999004859815,4.587240076566047e-05,-0.00042763929458873687,-0.00011852587723180705,0.9999998086372235,-3.122340641028443e-05,0.0004416813248676167,0.0004320511805506877,0.9999999324181766,0.0,0.0,-0.0002091953406471858,0.9999999815185293,5.9488999987239405e-06,-0.00017089628645985746,-8.787497348219113e-05,0.0,0.0,0.9999998888883931,-8.187458737658069e-05,0.0003924922935462955,0.00024793054056230433,0.9999999823954006,0.0,0.0,-0.00014651729155837614,0.9999982589804145,-4.487912107788851e-05,0.0018640419567735951,7.327747211893411e-05,0.0,0.0,1.0,0.0,0.0,0.0,1.0,0.0,0.0,0.0,1.0,0.0,0.0,0.0,0.0,0.0,0.0,1.0,0.0,0.0,0.0,1.0,0.0,0.0,0.0,0.0,0.0,0.0
0.0,0.0,0.0,0.9999999004859815,4.587240076566047e-05,-0.00042763929458873687,-0.00011852587723180705,0.9999998122390142,-2.648071285522232e-05,0.0004378325704006353,0.00042792913943012046,0.999999932171886,0.0,0.0,-0.00020507677116711644,0.9999999809300996,1.4446567185466042e-05,-0.00017494752115180948,-8.558307103644559e-05,0.0,0.0,0.9999998888883931,-8.187458737658069e-05,0.0003924922935462955,0.00024793054056230433,0.9999999823954006,0.0,0.0,-0.00014651729155837614,0.9999982589804145,-4.487912107788851e-05,0.0018640419567735951,7.327747211893411e-05,0.0,0.0,1.0,0.0,0.0,0.0,1.0,0.0,0.0,0.0,1.0,0.0,0.0,0.0,0.0,0.0,0.0,1.0,0.0,0.0,0.0,1.0,0.0,0.0,0.0,0.0,0.0,0.0
0.0,0.0,0.0,0.9999999004859815,4.587240076566047e-05,-0.00042763929458873687,-0.00011852587723180705,0.9999998122390142,-2.648071285522232e-05,0.0004378325704006353,0.00042792913943012046,0.999999932171886,0.0,0.0,-0.00020507677116711644,0.9999999809300996,1.4446567185466042e-05,-0.00017494752115180948,-8.558307103644559e-05,0.0,0.0,0.9999998888883931,-8.187458737658069e-05,0.0003924922935462955,0.00024793054056230433,0.9999999823954006,0.0,0.0,-0.00014651729155837614,0.9999982589804145,-4.487912107788851e-05,0.0018640419567735951,7.327747211893411e-05,0.0,0.0,1.0,0.0,0.0,0.0,1.0,0.0,0.0,0.0,1.0,0.0,0.0,0.0,0.0,0.0,0.0,1.0,0.0,0.0,0.0,1.0,0.0,0.0,0.0,0.0,0.0,0.0
0.0,0.0,0.0,0.9999999004859815,4.587240076566047e-05,-0.00042763929458873687,-0.00011852587723180705,0.9999998122390142,-2.648071285522232e-05,0.0004378325704006353,0.00042792913943012046,0.999999932171886,0.0,0.0,-0.00020507677116711644,0.9999999809300996,1.4446567185466042e-05,-0.00017494752115180948,-8.558307103644559e-05,0.0,0.0,0.9999998888883931,-8.187458737658069e-05,0.0003924922935462955,0.00024793054056230433,0.9999999838601574,0.0,0.0,-0.00014555619471547684,0.9999982819831954,-2.5189872401493872e-05,0.0018519098489238953,7.632849665739645e-05,0.0,0.0,1.0,0.0,0.0,0.0,1.0,0.0,0.0,0.0,1.0,0.0,0.0,0.0,0.0,0.0,0.0,1.0,0.0,0.0,0.0,1.0,0.0,0.0,0.0,0.0,0.0,0.0
0.0,0.0,0.0,0.9999999004859815,4.587240076566047e-05,-0.00042763929458873687,-0.00011852587723180705,0.9999998122390142,-2.648071285522232e-05,0.0004378325704006353,0.00042792913943012046,0.999999932171886,0.0,0.0,-0.00020507677116711644,0.9999999809300996,1.4446567185466042e-05,-0.00017494752115180948,-8.558307103644559e-05,0.0,0.0,0.9999998888883931,-8.187458737658069e-05,0.0003924922935462955,0.00024793054056230433,0.9999999838601574,0.0,0.0,-0.00014555619471547684,0.9999982819831954,-2.5189872401493872e-05,0.0018519098489238953,7.632849665739645e-05,0.0,0.0,1.0,0.0,0.0,0.0,1.0,0.0,0.0,0.0,1.0,0.0,0.0,0.0,0.0,0.0,0.0,1.0,0.0,0.0,0.0,1.0,0.0,0.0,0.0,0.0,0.0,0.0
0.0,0.0,0.0,0.9999999004859815,4.587240076566047e-05,-0.00042763929458873687,-0.00011852587723180705,0.9999998122390142,-2.648071285522232e-05,0.0004378325704006353,0.00042792913943012046,0.999999932171886,0.0,0.0,-0.00020507677116711644,0.9999999809300996,1.4446567185466042e-05,-0.00017494752115180948,-8.558307103644559e-05,0.0,0.0,0.9999998901712064,-7.307371522857898e-05,0.00039662160006350604,0.00023876581336328118,0.9999999855054319,0.0,0.0,-0.00013639431823391654,0.9999982819831954,-2.5189872401493872e-05,0.0018519098489238953,7.632849665739645e-05,0.0,0.0,1.0,0.0,0.0,0.0,1.0,0.0,0.0,0.0,1.0,0.0,0.0,0.0,0.0,0.0,0.0,1.0,0.0,0.0,0.0,1.0,0.0,0.0,0.0,0.0,0.0,0.0
0.0,0.0,0.0,0.9999999007196628,4.14357018122076e-05,-0.0004272220122581957,-0.00011968750687632464,0.9999998120320667,-2.2044155044555093e-05,0.000437413937698297,0.00042909082227965124,0.9999999318498056,0.0,0.0,-0.00020691163303435692,0.9999999805879445,1.8972692698143424e-05,-0.00017207581855854234,-9.409601696926183e-05,0.0,0.0,0.999999890373213,-6.863703045216497e-05,0.000396203752656807,0.00023992729402658348,0.9999999855054319,0.0,0.0,-0.00013639431823391654,0.9999982909437003,-1.180305236255542e-05,0.0018487475764567918,1.0137309873767796e-05,0.0,0.0,1.0,0.0,0.0,0.0,1.0,0.0,0.0,0.0,1.0,0.0,0.0,0.0,0.0,0.0,0.0,1.0,0.0,0.0,0.0,1.0,0.0,0.0,0.0,0.0,0.0,0.0
0.0,0.0,0.0,0.9999999007196628,4.14357018122076e-05,-0.0004272220122581957,-0.00011968750687632464,0.9999998120320667,-2.2044155044555093e-05,0.000437413937698297,0.00042909082227965124,0.9999999318498056,0.0,0.0,-0.00020691163303435692,0.9999999805879445,1.8972692698143424e-05,-0.00017207581855854234,-9.409601696926183e-05,0.0,0.0,0.999999890373213,-6.863703045216497e-05,0.000396203752656807,0.00023992729402658348,0.9999999855054319,0.0,0.0,-0.00013639431823391654,0.9999982909437003,-1.180305236255542e-05,0.0018487475764567918,1.0137309873767796e-05,0.0,0.0,1.0,0.0,0.0,0.0,1.0,0.0,0.0,0.0,1.0,0.0,0.0,0.0,0.0,0.0,0.0,1.0,0.0,0.0,0.0,1.0,0.0,0.0,0.0,0.0,0.0,0.0
0.0,0.0,0.0,0.9999998961225053,1.7842312080465165e-05,-0.00043982610075011874,-0.00011827777311413194,0.9999998076973204,-5.717699191017917e-06,0.0004506269724255054,0.0004260375121670673,0.9999999322055859,0.0,0.0,-0.00020526255757622743,0.9999999805879445,1.8972692698143424e-05,-0.00017207581855854234,-9.409601696926183e-05,0.0,0.0,0.999999885464461,-4.1150984484264656e-05,0.0004163340425673581,0.00023247285112143828,0.9999999859869197,0.0,0.0,-0.00013035111469199506,0.9999982909437003,-1.180305236255542e-05,0.0018487475764567918,1.0137309873767796e-05,0.0,0.0,1.0,0.0,0.0,0.0,1.0,0.0,0.0,0.0,1.0,0.0,0.0,0.0,0.0,0.0,0.0,1.0,0.0,0.0,0.0,1.0,0.0,0.0,0.0,0.0,0.0,0.0
0.0,0.0,0.0,0.9999998961225053,1.7842312080465165e-05,-0.00043982610075011874,-0.00011827777311413194,0.9999998076973204,-5.717699191017917e-06,0.0004506269724255054,0.0004260375121670673,0.9999999322055859,0.0,0.0,-0.00020526255757622743,0.9999999805879445,1.8972692698143424e-05,-0.00017207581855854234,-9.409601696926183e-05,0.0,0.0,0.999999885464461,-4.1150984484264656e-05,0.0004163340425673581,0.00023247285112143828,0.9999999859869197,0.0,0.0,-0.00013035111469199506,0.9999982909437003,-1.180305236255542e-05,0.0018487475764567918,1.0137309873767796e-05,0.0,0.0,1.0,0.0,0.0,0.0,1.0,0.0,0.0,0.0,1.0,0.0,0.0,0.0,0.0,0.0,0.0,1.0,0.0,0.0,0.0,1.0,0.0,0.0,0.0,0.0,0.0,0.0
0.0,0.0,0.0,0.9999998961225053,1.7842312080465165e-05,-0.00043982610075011874,-0.00011827777311413194,0.9999998076973204,-5.717699191017917e-06,0.0004506269724255054,0.0004260375121670673,0.9999999316350815,0.0,0.0,-0.00020367738132508957,0.9999999804642623,2.352588812869977e-05,-0.00017627813361882202,-8.62787764112035e-05,0.0,0.0,0.999999885464461,-4.1150984484264656e-05,0.0004163340425673581,0.00023247285112143828,0.9999999873841527,0.0,0.0,-0.00012289466465359715,0.9999982973092219,-8.993129287762604e-06,0.0018453429400191426,2.685996676612509e-06,0.0,0.0,1.0,0.0,0.0,0.0,1.0,0.0,0.0,0.0,1.0,0.0,0.0,0.0,0.0,0.0,0.0,1.0,0.0,0.0,0.0,1.0,0.0,0.0,0.0,0.0,0.0,0.0
0.0,0.0,0.0,0.9999998961225053,1.7842312080465165e-05,-0.00043982610075011874,-0.00011827777311413194,0.9999998076973204,-5.717699191017917e-06,0.0004506269724255054,0.0004260375121670673,0.9999999316350815,0.0,0.0,-0.00020367738132508957,0.9999999804642623,2.352588812869977e-05,-0.00017627813361882202,-8.62787764112035e-05,0.0,0.0,0.999999885464461,-4.1150984484264656e-05,0.0004163340425673581,0.00023247285112143828,0.9999999873841527,0.0,0.0,-0.00012289466465359715,0.9999982973092219,-8.993129287762604e-06,0.0018453429400191426,2.685996676612509e-06,0.0,0.0,1.0,0.0,0.0,0.0,1.0,0.0,0.0,0.0,1.0,0.0,0.0,0.0,0.0,0.0,0.0,1.0,0.0,0.0,0.0,1.0,0.0,0.0,0.0,0.0,0.0,0.0
0.0,0.0,0.0,0.9999998961225053,1.7842312080465165e-05,-0.00043982610075011874,-0.00011827777311413194,0.9999998076973204,-5.717699191017917e-06,0.0004506269724255054,0.0004260375121670673,0.9999999316350815,0.0,0.0,-0.00020367738132508957,0.9999999804642623,2.352588812869977e-05,-0.00017627813361882202,-8.62787764112035e-05,0.0,0.0,0.999999885464461,-4.1150984484264656e-05,0.0004163340425673581,0.00023247285112143828,0.9999999886431902,0.0,0.0,-0.00012526320735889942,0.9999983079019972,1.2338339251683147e-05,0.0018395692359620573,5.092544399853535e-06,0.0,0.0,1.0,0.0,0.0,0.0,1.0,0.0,0.0,0.0,1.0,0.0,0.0,0.0,0.0,0.0,0.0,1.0,0.0,0.0,0.0,1.0,0.0,0.0,0.0,0.0,0.0,0.0
0.0,0.0,0.0,0.9999998961225053,1.7842312080465165e-05,-0.00043982610075011874,-0.00011827777311413194,0.999999809748208,-7.161475399894359e-06,0.0004437669546184838,0.0004283960213020708,0.9999999289829705,0.0,0.0,-0.00020603491260610203,0.9999999804642623,2.352588812869977e-05,-0.00017627813361882202,-8.62787764112035e-05,0.0,0.0,0.999999885464461,-4.1150984484264656e-05,0.0004163340425673581,0.00023247285112143828,0.9999999886431902,0.0,0.0,-0.00012526320735889942,0.9999983079019972,1.2338339251683147e-05,0.0018395692359620573,5.092544399853535e-06,0.0,0.0,1.0,0.0,0.0,0.0,1.0,0.0,0.0,0.0,1.0,0.0,0.0,0.0,0.0,0.0,0.0,1.0,0.0,0.0,0.0,1.0,0.0,0.0,0.0,0.0,0.0,0.0
0.0,0.0,0.0,0.9999998945445692,6.765956206985946e-06,-0.0004406358813798548,-0.00012924818179261912,0.999999804648111,3.915087896567365e-06,0.0004445734158522564,0.00043936646399934026,0.9999999289900408,0.0,0.0,-0.0002126293805645706,0.9999999783570617,4.309048321921158e-05,-0.0001701249759157801,-0.00011174336290565498,0.0,0.0,0.9999998825698998,-2.538559292905896e-05,0.0004195171447657156,0.00024129053770422318,0.99999998891916,0.0,0.0,-0.00012311231449941122,0.9999982862065413,6.072074285419146e-06,0.0018513456907747407,8.138999563972509e-06,0.0,0.0,1.0,0.0,0.0,0.0,1.0,0.0,0.0,0.0,1.0,0.0,0.0,0.0,0.0,0.0,0.0,1.0,0.0,0.0,0.0,1.0,0.0,0.0,0.0,0.0,0.0,0.0
0.0,0.0,0.0,0.9999998945445692,6.765956206985946e-06,-0.0004406358813798548,-0.00012924818179261912,0.999999804648111,3.915087896567365e-06,0.0004445734158522564,0.00043936646399934026,0.9999999289900408,0.0,0.0,-0.0002126293805645706,0.9999999783570617,4.309048321921158e-05,-0.0001701249759157801,-0.00011174336290565498,0.0,0.0,0.9999998825698998,-2.538559292905896e-05,0.0004195171447657156,0.00024129053770422318,0.99999998891916,0.0,0.0,-0.00012311231449941122,0.9999982862065413,6.072074285419146e-06,0.0018513456907747407,8.138999563972509e-06,0.0,0.0,1.0,0.0,0.0,0.0,1.0,0.0,0.0,0.0,1.0,0.0,0.0,0.0,0.0,0.0,0.0,1.0,0.0,0.0,0.0,1.0,0.0,0.0,0.0,0.0,0.0,0.0
0.0,0.0,0.0,0.9999998990606631,5.939910345626389e-05,-0.000435176099972014,-9.47215497858594e-05,0.999999816153342,-5.56333782020088e-05,0.0004450153532844532,0.0004081170725222992,0.9999999285471735,0.0,0.0,-0.0002172571557041243,0.999999974549027,9.059738333252755e-05,-0.00017467124457967115,-0.0001103812292121065,0.0,0.0,0.9999998978471931,-6.003302307167039e-05,0.00040064275341196274,0.00020046701381579862,0.9999999910949336,0.0,0.0,-0.00011681995758571189,0.9999982862065413,6.072074285419146e-06,0.0018513456907747407,8.138999563972509e-06,0.0,0.0,1.0,0.0,0.0,0.0,1.0,0.0,0.0,0.0,1.0,0.0,0.0,0.0,0.0,0.0,0.0,1.0,0.0,0.0,0.0,1.0,0.0,0.0,0.0,0.0,0.0,0.0
0.0,0.0,0.0,0.9999998990606631,5.939910345626389e-05,-0.000435176099972014,-9.47215497858594e-05,0.999999816153342,-5.56333782020088e-05,0.0004450153532844532,0.0004081170725222992,0.9999999285471735,0.0,0.0,-0.0002172571557041243,0.999999974549027,9.059738333252755e-05,-0.00017467124457967115,-0.0001103812292121065,0.0,0.0,0.9999998978471931,-6.003302307167039e-05,0.00040064275341196274,0.00020046701381579862,0.9999999910949336,0.0,0.0,-0.00011681995758571189,0.9999982862065413,6.072074285419146e-06,0.0018513456907747407,8.138999563972509e-06,0.0,0.0,1.0,0.0,0.0,0.0,1.0,0.0,0.0,0.0,1.0,0.0,0.0,0.0,0.0,0.0,0.0,1.0,0.0,0.0,0.0,1.0,0.0,0.0,0.0,0.0,0.0,0.0
0.0,0.0,0.0,0.9999998990606631,5.939910345626389e-05,-0.000435176099972014,-9.47215497858594e-05,0.999999816153342,-5.56333782020088e-05,0.0004450153532844532,0.0004081170725222992,0.9999999285471735,0.0,0.0,-0.0002172571557041243,0.9999999689242755,9.087898652211518e-05,-0.00017746210219469908,-0.00014966515980060493,0.0,0.0,0.9999998978471931,-6.003302307167039e-05,0.00040064275341196274,0.00020046701381579862,0.9999999880812744,0.0,0.0,-0.00013374926133138276,0.9999982702957371,-7.170596285067083e-06,0.0018597652791703856,2.5044419477342655e-05,0.0,0.0,1.0,0.0,0.0,0.0,1.0,0.0,0.0,0.0,1.0,0.0,0.0,0.0,0.0,0.0,0.0,1.0,0.0,0.0,0.0,1.0,0.0,0.0,0.0,0.0,0.0,0.0
0.0,0.0,0.0,0.9999998990606631,5.939910345626389e-05,-0.000435176099972014,-9.47215497858594e-05,0.999999816153342,-5.56333782020088e-05,0.0004450153532844532,0.0004081170725222992,0.9999999285471735,0.0,0.0,-0.0002172571557041243,0.9999999689242755,9.087898652211518e-05,-0.00017746210219469908,-0.00014966515980060493,0.0,0.0,0.9999998978471931,-6.003302307167039e-05,0.00040064275341196274,0.00020046701381579862,0.9999999880812744,0.0,0.0,-0.00013374926133138276,0.9999982702957371,-7.170596285067083e-06,0.0018597652791703856,2.5044419477342655e-05,0.0,0.0,1.0,0.0,0.0,0.0,1.0,0.0,0.0,0.0,1.0,0.0,0.0,0.0,0.0,0.0,0.0,1.0,0.0,0.0,0.0,1.0,0.0,0.0,0.0,0.0,0.0,0.0
0.0,0.0,0.0,0.9999998990606631,5.939910345626389e-05,-0.000435176099972014,-9.47215497858594e-05,0.999999816153342,-5.56333782020088e-05,0.0004450153532844532,0.0004081170725222992,0.9999999285471735,0.0,0.0,-0.0002172571557041243,0.9999999689242755,9.087898652211518e-05,-0.00017746210219469908,-0.00014966515980060493,0.0,0.0,0.9999998978471931,-6.003302307167039e-05,0.00040064275341196274,0.00020046701381579862,0.9999999868247043,0.0,0.0,-0.00014089388069387542,0.9999982700804633,-1.4902102350412427e-05,0.001859725453917062,3.217521445770665e-05,0.0,0.0,1.0,0.0,0.0,0.0,1.0,0.0,0.0,0.0,1.0,0.0,0.0,0.0,0.0,0.0,0.0,1.0,0.0,0.0,0.0,1.0,0.0,0.0,0.0,0.0,0.0,0.0
0.0,0.0,0.0,0.9999998990606631,5.939910345626389e-05,-0.000435176099972014,-9.47215497858594e-05,0.999999823409754,-5.940007236609186e-05,0.0004310522274316635,0.0004047790375235099,0.9999999249133892,0.0,0.0,-0.00021391526603498762,0.9999999689242755,9.087898652211518e-05,-0.00017746210219469908,-0.00014966515980060493,0.0,0.0,0.9999998978471931,-6.003302307167039e-05,0.00040064275341196274,0.00020046701381579862,0.9999999868247043,0.0,0.0,-0.00014089388069387542,0.9999982700804633,-1.4902102350412427e-05,0.001859725453917062,3.217521445770665e-05,0.0,0.0,1.0,0.0,0.0,0.0,1.0,0.0,0.0,0.0,1.0,0.0,0.0,0.0,0.0,0.0,0.0,1.0,0.0,0.0,0.0,1.0,0.0,0.0,0.0,0.0,0.0,0.0
0.0,0.0,0.0,0.9999998984746646,6.633982625157033e-05,-0.00043326569588456265,-0.00010454914877472625,0.9999998197677783,-6.634134645377772e-05,0.00042914397412024795,0.00041460666434808526,0.9999999291829449,0.0,0.0,-0.0002001614731158761,0.9999999677339195,8.864604818496816e-05,-0.00017311287399131628,-0.0001634196161858262,0.0,0.0,0.9999998947496291,-8.55868743971902e-05,0.00040251808813765205,0.00020286647391539654,0.9999999866563307,0.0,0.0,-0.00013345948884257107,0.9999982749794659,-2.159140027940761e-05,0.001856404803526883,5.773308619364557e-05,0.0,0.0,1.0,0.0,0.0,0.0,1.0,0.0,0.0,0.0,1.0,0.0,0.0,0.0,0.0,0.0,0.0,1.0,0.0,0.0,0.0,1.0,0.0,0.0,0.0,0.0,0.0,0.0
0.0,0.0,0.0,0.9999998984746646,6.633982625157033e-05,-0.00043326569588456265,-0.00010454914877472625,0.9999998197677783,-6.634134645377772e-05,0.00042914397412024795,0.00041460666434808526,0.9999999291829449,0.0,0.0,-0.0002001614731158761,0.9999999677339195,8.864604818496816e-05,-0.00017311287399131628,-0.0001634196161858262,0.0,0.0,0.9999998947496291,-8.55868743971902e-05,0.00040251808813765205,0.00020286647391539654,0.9999999866563307,0.0,0.0,-0.00013345948884257107,0.9999982749794659,-2.159140027940761e-05,0.001856404803526883,5.773308619364557e-05,0.0,0.0,1.0,0.0,0.0,0.0,1.0,0.0,0.0,0.0,1.0,0.0,0.0,0.0,0.0,0.0,0.0,1.0,0.0,0.0,0.0,1.0,0.0,0.0,0.0,0.0,0.0,0.0
0.0,0.0,0.0,0.9999998925771089,6.611244018320832e-05,-0.0004428321512395452,-0.00011989412674636213,0.9999998091520594,-6.611093068417722e-05,0.00043871035644562495,0.0004299516401153668,0.9999999291829449,0.0,0.0,-0.0002001614731158761,0.9999999705936103,7.677594520040529e-05,-0.00017436925982207237,-0.00015004530601300862,0.0,0.0,0.9999998822159532,-9.719721428488737e-05,0.0004161838533271194,0.00023002561066019217,0.9999999839361762,0.0,0.0,-0.00014526957611093747,0.9999982992231283,6.413098003017792e-06,0.0018439687201686858,3.590378457084825e-05,0.0,0.0,1.0,0.0,0.0,0.0,1.0,0.0,0.0,0.0,1.0,0.0,0.0,0.0,0.0,0.0,0.0,1.0,0.0,0.0,0.0,1.0,0.0,0.0,0.0,0.0,0.0,0.0
0.0,0.0,0.0,0.9999998925771089,6.611244018320832e-05,-0.0004428321512395452,-0.00011989412674636213,0.9999998091520594,-6.611093068417722e-05,0.00043871035644562495,0.0004299516401153668,0.9999999291829449,0.0,0.0,-0.0002001614731158761,0.9999999705936103,7.677594520040529e-05,-0.00017436925982207237,-0.00015004530601300862,0.0,0.0,0.9999998822159532,-9.719721428488737e-05,0.0004161838533271194,0.00023002561066019217,0.9999999839361762,0.0,0.0,-0.00014526957611093747,0.9999982992231283,6.413098003017792e-06,0.0018439687201686858,3.590378457084825e-05,0.0,0.0,1.0,0.0,0.0,0.0,1.0,0.0,0.0,0.0,1.0,0.0,0.0,0.0,0.0,0.0,0.0,1.0,0.0,0.0,0.0,1.0,0.0,0.0,0.0,0.0,0.0,0.0
0.0,0.0,0.0,0.9999998925771089,6.611244018320832e-05,-0.0004428321512395452,-0.00011989412674636213,0.9999998109188718,-6.164913041078922e-05,0.0004395311567376921,0.0004256453543429021,0.9999999302376135,0.0,0.0,-0.00019585863013059991,0.9999999761516235,3.943662481090028e-05,-0.00018331227322393318,-0.00011197372744156367,0.0,0.0,0.9999998822159532,-9.719721428488737e-05,0.0004161838533271194,0.00023002561066019217,0.9999999835036825,0.0,0.0,-0.0001401505251871152,0.9999983051043198,-1.127063909604918e-05,0.0018408464542450929,3.075373550332625e-05,0.0,0.0,1.0,0.0,0.0,0.0,1.0,0.0,0.0,0.0,1.0,0.0,0.0,0.0,0.0,0.0,0.0,1.0,0.0,0.0,0.0,1.0,0.0,0.0,0.0,0.0,0.0,0.0
0.0,0.0,0.0,0.9999998925771089,6.611244018320832e-05,-0.0004428321512395452,-0.00011989412674636213,0.9999998109188718,-6.164913041078922e-05,0.0004395311567376921,0.0004256453543429021,0.9999999302376135,0.0,0.0,-0.00019585863013059991,0.9999999761516235,3.943662481090028e-05,-0.00018331227322393318,-0.00011197372744156367,0.0,0.0,0.9999998822159532,-9.719721428488737e-05,0.0004161838533271194,0.00023002561066019217,0.9999999835036825,0.0,0.0,-0.0001401505251871152,0.9999983051043198,-1.127063909604918e-05,0.0018408464542450929,3.075373550332625e-05,0.0,0.0,1.0,0.0,0.0,0.0,1.0,0.0,0.0,0.0,1.0,0.0,0.0,0.0,0.0,0.0,0.0,1.0,0.0,0.0,0.0,1.0,0.0,0.0,0.0,0.0,0.0,0.0
0.0,0.0,0.0,0.9999998925771089,6.611244018320832e-05,-0.0004428321512395452,-0.00011989412674636213,0.9999998222890086,-6.842973086249187e-05,0.0004231252382818041,0.0004143722432641723,0.9999999271178376,0.0,0.0,-0.00018457912009928583,0.9999999761516235,3.943662481090028e-05,-0.00018331227322393318,-0.00011197372744156367,0.0,0.0,0.9999998822159532,-9.719721428488737e-05,0.0004161838533271194,0.00023002561066019217,0.9999999770692845,0.0,0.0,-0.00018051028002760873,0.999998284275799,-1.072224731728021e-06,0.0018510496267249278,7.113078062594487e-05,0.0,0.0,1.0,0.0,0.0,0.0,1.0,0.0,0.0,0.0,1.0,0.0,0.0,0.0,0.0,0.0,0.0,1.0,0.0,0.0,0.0,1.0,0.0,0.0,0.0,0.0,0.0,0.0
0.0,0.0,0.0,0.9999998925771089,6.611244018320832e-05,-0.0004428321512395452,-0.00011989412674636213,0.9999998222890086,-6.842973086249187e-05,0.0004231252382818041,0.0004143722432641723,0.9999999271178376,0.0,0.0,-0.00018457912009928583,0.9999999761516235,3.943662481090028e-05,-0.00018331227322393318,-0.00011197372744156367,0.0,0.0,0.9999998822159532,-9.719721428488737e-05,0.0004161838533271194,0.00023002561066019217,0.9999999770692845,0.0,0.0,-0.00018051028002760873,0.999998284275799,-1.072224731728021e-06,0.0018510496267249278,7.113078062594487e-05,0.0,0.0,1.0,0.0,0.0,0.0,1.0,0.0,0.0,0.0,1.0,0.0,0.0,0.0,0.0,0.0,0.0,1.0,0.0,0.0,0.0,1.0,0.0,0.0,0.0,0.0,0.0,0.0
0.0,0.0,0.0,0.9999998956387214,4.213390058647435e-05,-0.0004388861124110952,-0.00011969236061365376,0.9999998253909451,-4.44523583105103e-05,0.00041917213896039825,0.00041416999537141825,0.9999999271178376,0.0,0.0,-0.00018457912009928583,0.9999999761516235,3.943662481090028e-05,-0.00018331227322393318,-0.00011197372744156367,0.0,0.0,0.9999998859412275,-7.321911484823691e-05,0.0004122351803070725,0.00022982308292692678,0.9999999770692845,0.0,0.0,-0.00018051028002760873,0.9999982985544321,1.9163629921177366e-05,0.0018429617105769818,7.754437142617365e-05,0.0,0.0,1.0,0.0,0.0,0.0,1.0,0.0,0.0,0.0,1.0,0.0,0.0,0.0,0.0,0.0,0.0,1.0,0.0,0.0,0.0,1.0,0.0,0.0,0.0,0.0,0.0,0.0
0.0,0.0,0.0,0.9999998956387214,4.213390058647435e-05,-0.0004388861124110952,-0.00011969236061365376,0.9999998253909451,-4.44523583105103e-05,0.00041917213896039825,0.00041416999537141825,0.9999999271178376,0.0,0.0,-0.00018457912009928583,0.9999999761516235,3.943662481090028e-05,-0.00018331227322393318,-0.00011197372744156367,0.0,0.0,0.9999998859412275,-7.321911484823691e-05,0.0004122351803070725,0.00022982308292692678,0.9999999770692845,0.0,0.0,-0.00018051028002760873,0.9999982985544321,1.9163629921177366e-05,0.0018429617105769818,7.754437142617365e-05,0.0,0.0,1.0,0.0,0.0,0.0,1.0,0.0,0.0,0.0,1.0,0.0,0.0,0.0,0.0,0.0,0.0,1.0,0.0,0.0,0.0,1.0,0.0,0.0,0.0,0.0,0.0,0.0
0.0,0.0,0.0,0.9999998956387214,4.213390058647435e-05,-0.0004388861124110952,-0.00011969236061365376,0.9999998253909451,-4.44523583105103e-05,0.00041917213896039825,0.00041416999537141825,0.9999999277219683,0.0,0.0,-0.00018981352473394157,0.9999999752965136,5.094173328846368e-05,-0.00017990194636623695,-0.00012019651319012493,0.0,0.0,0.9999998840896707,-6.57682176973326e-05,0.00041590501860046725,0.00023349133232422652,0.9999999766329322,0.0,0.0,-0.0001841809508821402,0.9999982848772299,-2.3968737572621456e-05,0.0018496638962152566,9.171460731839686e-05,0.0,0.0,1.0,0.0,0.0,0.0,1.0,0.0,0.0,0.0,1.0,0.0,0.0,0.0,0.0,0.0,0.0,1.0,0.0,0.0,0.0,1.0,0.0,0.0,0.0,0.0,0.0,0.0
0.0,0.0,0.0,0.9999998956387214,4.213390058647435e-05,-0.0004388861124110952,-0.00011969236061365376,0.9999998253909451,-4.44523583105103e-05,0.00041917213896039825,0.00041416999537141825,0.9999999277219683,0.0,0.0,-0.00018981352473394157,0.9999999752965136,5.094173328846368e-05,-0.00017990194636623695,-0.00012019651319012493,0.0,0.0,0.9999998840896707,-6.57682176973326e-05,0.00041590501860046725,0.00023349133232422652,0.9999999766329322,0.0,0.0,-0.0001841809508821402,0.9999982848772299,-2.3968737572621456e-05,0.0018496638962152566,9.171460731839686e-05,0.0,0.0,1.0,0.0,0.0,0.0,1.0,0.0,0.0,0.0,1.0,0.0,0.0,0.0,0.0,0.0,0.0,1.0,0.0,0.0,0.0,1.0,0.0,0.0,0.0,0.0,0.0,0.0
0.0,0.0,0.0,0.9999998979750246,1.0759556050540876e-05,-0.0004342926515067977,-0.00012379040805803856,0.9999998273518917,-9.839389238916889e-06,0.00041312740427944396,0.00041776203887067357,0.9999999273209007,0.0,0.0,-0.0001893105349685296,0.9999999683317713,7.856417512150816e-05,-0.00017976996400286487,-0.00015762895342753228,0.0,0.0,0.9999998865972596,-3.4394301930284603e-05,0.00041130789059222136,0.00023758855012213364,0.9999999751184276,0.0,0.0,-0.00018629422219445916,0.9999982782649364,-3.486608376578568e-05,0.0018529574946487307,9.380853876942197e-05,0.0,0.0,1.0,0.0,0.0,0.0,1.0,0.0,0.0,0.0,1.0,0.0,0.0,0.0,0.0,0.0,0.0,1.0,0.0,0.0,0.0,1.0,0.0,0.0,0.0,0.0,0.0,0.0
0.0,0.0,0.0,0.9999998979750246,1.0759556050540876e-05,-0.0004342926515067977,-0.00012379040805803856,0.9999998273518917,-9.839389238916889e-06,0.00041312740427944396,0.00041776203887067357,0.9999999273209007,0.0,0.0,-0.0001893105349685296,0.9999999683317713,7.856417512150816e-05,-0.00017976996400286487,-0.00015762895342753228,0.0,0.0,0.9999998865972596,-3.4394301930284603e-05,0.00041130789059222136,0.00023758855012213364,0.9999999751184276,0.0,0.0,-0.00018629422219445916,0.9999982782649364,-3.486608376578568e-05,0.0018529574946487307,9.380853876942197e-05,0.0,0.0,1.0,0.0,0.0,0.0,1.0,0.0,0.0,0.0,1.0,0.0,0.0,0.0,0.0,0.0,0.0,1.0,0.0,0.0,0.0,1.0,0.0,0.0,0.0,0.0,0.0,0.0
0.0,0.0,0.0,0.9999998979750246,1.0759556050540876e-05,-0.0004342926515067977,-0.00012379040805803856,0.9999998183280407,-4.434956731777138e-06,0.000428870491816422,0.00042354966426664777,0.9999999312349088,0.0,0.0,-0.00019510246300557456,0.9999999683317713,7.856417512150816e-05,-0.00017976996400286487,-0.00015762895342753228,0.0,0.0,0.99999988430396,-3.005581779207349e-05,0.000425072492095324,0.00022316382046863858,0.9999999766841461,0.0,0.0,-0.00017187023507454085,0.9999982782649364,-3.486608376578568e-05,0.0018529574946487307,9.380853876942197e-05,0.0,0.0,1.0,0.0,0.0,0.0,1.0,0.0,0.0,0.0,1.0,0.0,0.0,0.0,0.0,0.0,0.0,1.0,0.0,0.0,0.0,1.0,0.0,0.0,0.0,0.0,0.0,0.0
0.0,0.0,0.0,0.9999998979750246,1.0759556050540876e-05,-0.0004342926515067977,-0.00012379040805803856,0.9999998183280407,-4.434956731777138e-06,0.000428870491816422,0.00042354966426664777,0.9999999312349088,0.0,0.0,-0.00019510246300557456,0.9999999683317713,7.856417512150816e-05,-0.00017976996400286487,-0.00015762895342753228,0.0,0.0,0.99999988430396,-3.005581779207349e-05,0.000425072492095324,0.00022316382046863858,0.9999999766841461,0.0,0.0,-0.00017187023507454085,0.9999982782649364,-3.486608376578568e-05,0.0018529574946487307,9.380853876942197e-05,0.0,0.0,1.0,0.0,0.0,0.0,1.0,0.0,0.0,0.0,1.0,0.0,0.0,0.0,0.0,0.0,0.0,1.0,0.0,0.0,0.0,1.0,0.0,0.0,0.0,0.0,0.0,0.0
0.0,0.0,0.0,0.9999998983631645,2.5075435405398882e-05,-0.00043241289631517255,-0.0001251557841073158,0.9999998183853619,-1.8751391510874204e-05,0.0004269950365195354,0.00042491512969346684,0.9999999293814974,0.0,0.0,-0.00020012065459079962,0.9999999681066213,8.56156162506185e-05,-0.0001821181380096503,-0.00015260965401950064,0.0,0.0,0.9999998842622231,-4.437187127503831e-05,0.0004231941329989683,0.00022452929216961617,0.9999999784277918,0.0,0.0,-0.00015798791212174397,0.9999982879027032,-5.170697968652703e-05,0.0018478560297287654,8.334353014559098e-05,0.0,0.0,1.0,0.0,0.0,0.0,1.0,0.0,0.0,0.0,1.0,0.0,0.0,0.0,0.0,0.0,0.0,1.0,0.0,0.0,0.0,1.0,0.0,0.0,0.0,0.0,0.0,0.0
0.0,0.0,0.0,0.9999998983631645,2.5075435405398882e-05,-0.00043241289631517255,-0.0001251557841073158,0.9999998183853619,-1.8751391510874204e-05,0.0004269950365195354,0.00042491512969346684,0.9999999293814974,0.0,0.0,-0.00020012065459079962,0.9999999681066213,8.56156162506185e-05,-0.0001821181380096503,-0.00015260965401950064,0.0,0.0,0.9999998842622231,-4.437187127503831e-05,0.0004231941329989683,0.00022452929216961617,0.9999999784277918,0.0,0.0,-0.00015798791212174397,0.9999982879027032,-5.170697968652703e-05,0.0018478560297287654,8.334353014559098e-05,0.0,0.0,1.0,0.0,0.0,0.0,1.0,0.0,0.0,0.0,1.0,0.0,0.0,0.0,0.0,0.0,0.0,1.0,0.0,0.0,0.0,1.0,0.0,0.0,0.0,0.0,0.0,0.0
0.0,0.0,0.0,0.9999998983631645,2.5075435405398882e-05,-0.00043241289631517255,-0.0001251557841073158,0.9999998183853619,-1.8751391510874204e-05,0.0004269950365195354,0.00042491512969346684,0.9999999314504951,0.0,0.0,-0.00019937479215599587,0.9999999729795158,6.914268628009892e-05,-0.00017440859854742796,-0.0001372657907857165,0.0,0.0,0.9999998842622231,-4.437187127503831e-05,0.0004231941329989683,0.00022452929216961617,0.9999999784277918,0.0,0.0,-0.00015798791212174397,0.9999982879027032,-5.170697968652703e-05,0.0018478560297287654,8.334353014559098e-05,0.0,0.0,1.0,0.0,0.0,0.0,1.0,0.0,0.0,0.0,1.0,0.0,0.0,0.0,0.0,0.0,0.0,1.0,0.0,0.0,0.0,1.0,0.0,0.0,0.0,0.0,0.0,0.0
0.0,0.0,0.0,0.9999998983631645,2.5075435405398882e-05,-0.00043241289631517255,-0.0001251557841073158,0.9999998183853619,-1.8751391510874204e-05,0.0004269950365195354,0.00042491512969346684,0.9999999314504951,0.0,0.0,-0.00019937479215599587,0.9999999729795158,6.914268628009892e-05,-0.00017440859854742796,-0.0001372657907857165,0.0,0.0,0.9999998842622231,-4.437187127503831e-05,0.0004231941329989683,0.00022452929216961617,0.9999999784277918,0.0,0.0,-0.00015798791212174397,0.9999982879027032,-5.170697968652703e-05,0.0018478560297287654,8.334353014559098e-05,0.0,0.0,1.0,0.0,0.0,0.0,1.0,0.0,0.0,0.0,1.0,0.0,0.0,0.0,0.0,0.0,0.0,1.0,0.0,0.0,0.0,1.0,0.0,0.0,0.0,0.0,0.0,0.0
0.0,0.0,0.0,0.9999998983631645,2.5075435405398882e-05,-0.00043241289631517255,-0.0001251557841073158,0.9999998183853619,-1.8751391510874204e-05,0.0004269950365195354,0.00042491512969346684,0.9999999314504951,0.0,0.0,-0.00019937479215599587,0.9999999729795158,6.914268628009892e-05,-0.00017440859854742796,-0.0001372657907857165,0.0,0.0,0.9999998794188787,-5.6782783959797876e-05,0.0004271400574127011,0.00023556170061901928,0.9999999750627043,0.0,0.0,-0.00016901619369426023,0.9999982865903779,-5.242969390502626e-05,0.0018475145523765295,0.00010371795606680917,0.0,0.0,1.0,0.0,0.0,0.0,1.0,0.0,0.0,0.0,1.0,0.0,0.0,0.0,0.0,0.0,0.0,1.0,0.0,0.0,0.0,1.0,0.0,0.0,0.0,0.0,0.0,0.0
0.0,0.0,0.0,0.9999998983631645,2.5075435405398882e-05,-0.00043241289631517255,-0.0001251557841073158,0.9999998183853619,-1.8751391510874204e-05,0.0004269950365195354,0.00042491512969346684,0.9999999314504951,0.0,0.0,-0.00019937479215599587,0.9999999729795158,6.914268628009892e-05,-0.00017440859854742796,-0.0001372657907857165,0.0,0.0,0.9999998794188787,-5.6782783959797876e-05,0.0004271400574127011,0.00023556170061901928,0.9999999750627043,0.0,0.0,-0.00016901619369426023,0.9999982865903779,-5.242969390502626e-05,0.0018475145523765295,0.00010371795606680917,0.0,0.0,1.0,0.0,0.0,0.0,1.0,0.0,0.0,0.0,1.0,0.0,0.0,0.0,0.0,0.0,0.0,1.0,0.0,0.0,0.0,1.0,0.0,0.0,0.0,0.0,0.0,0.0
0.0,0.0,0.0,0.9999998983631645,2.5075435405398882e-05,-0.00043241289631517255,-0.0001251557841073158,0.9999998183853619,-1.8751391510874204e-05,0.0004269950365195354,0.00042491512969346684,0.9999999311967646,0.0,0.0,-0.00019276878851339768,0.9999999704753124,8.000871048961884e-05,-0.0001787439184680658,-0.00014387005305960946,0.0,0.0,0.9999998793728296,-5.2427863976462874e-05,0.0004343658764026744,0.00022323066733844147,0.9999999796883323,0.0,0.0,-0.00013961337339384473,0.9999982969140229,-5.302300931902894e-05,0.00184278332780743,8.664422186523451e-05,0.0,0.0,1.0,0.0,0.0,0.0,1.0,0.0,0.0,0.0,1.0,0.0,0.0,0.0,0.0,0.0,0.0,1.0,0.0,0.0,0.0,1.0,0.0,0.0,0.0,0.0,0.0,0.0
0.0,0.0,0.0,0.9999998983631645,2.5075435405398882e-05,-0.00043241289631517255,-0.0001251557841073158,0.9999998183853619,-1.8751391510874204e-05,0.0004269950365195354,0.00042491512969346684,0.9999999311967646,0.0,0.0,-0.00019276878851339768,0.9999999704753124,8.000871048961884e-05,-0.0001787439184680658,-0.00014387005305960946,0.0,0.0,0.9999998793728296,-5.2427863976462874e-05,0.0004343658764026744,0.00022323066733844147,0.9999999796883323,0.0,0.0,-0.00013961337339384473,0.9999982969140229,-5.302300931902894e-05,0.00184278332780743,8.664422186523451e-05,0.0,0.0,1.0,0.0,0.0,0.0,1.0,0.0,0.0,0.0,1.0,0.0,0.0,0.0,0.0,0.0,0.0,1.0,0.0,0.0,0.0,1.0,0.0,0.0,0.0,0.0,0.0,0.0
0.0,0.0,0.0,0.9999998983631645,2.5075435405398882e-05,-0.00043241289631517255,-0.0001251557841073158,0.9999998183853619,-1.8751391510874204e-05,0.0004269950365195354,0.00042491512969346684,0.9999999311967646,0.0,0.0,-0.00019276878851339768,0.9999999704753124,8.000871048961884e-05,-0.0001787439184680658,-0.00014387005305960946,0.0,0.0,0.9999998793728296,-5.2427863976462874e-05,0.0004343658764026744,0.00022323066733844147,0.9999999796883323,0.0,0.0,-0.00013961337339384473,0.9999982969140229,-5.302300931902894e-05,0.00184278332780743,8.664422186523451e-05,0.0,0.0,1.0,0.0,0.0,0.0,1.0,0.0,0.0,0.0,1.0,0.0,0.0,0.0,0.0,0.0,0.0,1.0,0.0,0.0,0.0,1.0,0.0,0.0,0.0,0.0,0.0,0.0
0.0,0.0,0.0,0.9999998972566284,4.4252115973801366e-05,-0.0004316097686607949,-0.00013130685639375282,0.999999815023569,-5.260485647300968e-05,0.0004220750942099935,0.00043478520170783076,0.9999999293889398,0.0,0.0,-0.00019647653374971961,0.9999999704753124,8.000871048961884e-05,-0.0001787439184680658,-0.00014387005305960946,0.0,0.0,0.9999998771393321,-7.160463519120092e-05,0.00043356446076887965,0.00022938168001280327,0.9999999796883323,0.0,0.0,-0.00013961337339384473,0.9999982969140229,-5.302300931902894e-05,0.00184278332780743,8.664422186523451e-05,0.0,0.0,1.0,0.0,0.0,0.0,1.0,0.0,0.0,0.0,1.0,0.0,0.0,0.0,0.0,0.0,0.0,1.0,0.0,0.0,0.0,1.0,0.0,0.0,0.0,0.0,0.0,0.0
0.0,0.0,0.0,0.9999998972566284,4.4252115973801366e-05,-0.0004316097686607949,-0.00013130685639375282,0.999999815023569,-5.260485647300968e-05,0.0004220750942099935,0.00043478520170783076,0.9999999293889398,0.0,0.0,-0.00019647653374971961,0.9999999704753124,8.000871048961884e-05,-0.0001787439184680658,-0.00014387005305960946,0.0,0.0,0.9999998771393321,-7.160463519120092e-05,0.00043356446076887965,0.00022938168001280327,0.9999999796883323,0.0,0.0,-0.00013961337339384473,0.9999982969140229,-5.302300931902894e-05,0.00184278332780743,8.664422186523451e-05,0.0,0.0,1.0,0.0,0.0,0.0,1.0,0.0,0.0,0.0,1.0,0.0,0.0,0.0,0.0,0.0,0.0,1.0,0.0,0.0,0.0,1.0,0.0,0.0,0.0,0.0,0.0,0.0
0.0,0.0,0.0,0.9999998972566284,4.4252115973801366e-05,-0.0004316097686607949,-0.00013130685639375282,0.999999815023569,-5.260485647300968e-05,0.0004220750942099935,0.00043478520170783076,0.9999999330579779,0.0,0.0,-0.00018442783348984865,0.9999999692735398,8.209411301526578e-05,-0.00017436402109832086,-0.0001559187739583528,0.0,0.0,0.9999998771393321,-7.160463519120092e-05,0.00043356446076887965,0.00022938168001280327,0.9999999778924569,0.0,0.0,-0.00014735616586912469,0.9999982916115777,-4.495898210795032e-05,0.0018462559754143853,7.804799367198639e-05,0.0,0.0,1.0,0.0,0.0,0.0,1.0,0.0,0.0,0.0,1.0,0.0,0.0,0.0,0.0,0.0,0.0,1.0,0.0,0.0,0.0,1.0,0.0,0.0,0.0,0.0,0.0,0.0
0.0,0.0,0.0,0.9999998972566284,4.4252115973801366e-05,-0.0004316097686607949,-0.00013130685639375282,0.999999815023569,-5.260485647300968e-05,0.0004220750942099935,0.00043478520170783076,0.9999999330579779,0.0,0.0,-0.00018442783348984865,0.9999999692735398,8.209411301526578e-05,-0.00017436402109832086,-0.0001559187739583528,0.0,0.0,0.9999998771393321,-7.160463519120092e-05,0.00043356446076887965,0.00022938168001280327,0.9999999778924569,0.0,0.0,-0.00014735616586912469,0.9999982916115777,-4.495898210795032e-05,0.0018462559754143853,7.804799367198639e-05,0.0,0.0,1.0,0.0,0.0,0.0,1.0,0.0,0.0,0.0,1.0,0.0,0.0,0.0,0.0,0.0,0.0,1.0,0.0,0.0,0.0,1.0,0.0,0.0,0.0,0.0,0.0,0.0
0.0,0.0,0.0,0.9999998972566284,4.4252115973801366e-05,-0.0004316097686607949,-0.00013130685639375282,0.999999815023569,-5.260485647300968e-05,0.0004220750942099935,0.00043478520170783076,0.9999999330579779,0.0,0.0,-0.00018442783348984865,0.9999999698846629,8.322043879667985e-05,-0.00017398910323636026,-0.00015176568749911454,0.0,0.0,0.9999998771393321,-7.160463519120092e-05,0.00043356446076887965,0.00022938168001280327,0.9999999778924569,0.0,0.0,-0.00014735616586912469,0.9999982938519605,-4.6795029607532173e-05,0.001846435578460509,2.7911430870219797e-05,0.0,0.0,1.0,0.0,0.0,0.0,1.0,0.0,0.0,0.0,1.0,0.0,0.0,0.0,0.0,0.0,0.0,1.0,0.0,0.0,0.0,1.0,0.0,0.0,0.0,0.0,0.0,0.0
0.0,0.0,0.0,0.9999998972566284,4.4252115973801366e-05,-0.0004316097686607949,-0.00013130685639375282,0.999999815023569,-5.260485647300968e-05,0.0004220750942099935,0.00043478520170783076,0.9999999330579779,0.0,0.0,-0.00018442783348984865,0.9999999698846629,8.322043879667985e-05,-0.00017398910323636026,-0.00015176568749911454,0.0,0.0,0.9999998771393321,-7.160463519120092e-05,0.00043356446076887965,0.00022938168001280327,0.9999999778924569,0.0,0.0,-0.00014735616586912469,0.9999982938519605,-4.6795029607532173e-05,0.001846435578460509,2.7911430870219797e-05,0.0,0.0,1.0,0.0,0.0,0.0,1.0,0.0,0.0,0.0,1.0,0.0,0.0,0.0,0.0,0.0,0.0,1.0,0.0,0.0,0.0,1.0,0.0,0.0,0.0,0.0,0.0,0.0
0.0,0.0,0.0,0.9999998955335412,4.677535405468746e-05,-0.0004394234892589786,-0.00011684164523306164,0.9999998201229988,-5.6360918551703e-05,0.00042111537315647367,0.0004233665779682731,0.999999926497216,0.0,0.0,-0.00019507952894407376,0.9999999708955575,7.234676076982104e-05,-0.00017942312947830731,-0.00014416022652941396,0.0,0.0,0.9999998793390581,-7.292045388661873e-05,0.0004379189354991751,0.00021031282079758833,0.9999999790612168,0.0,0.0,-0.0001427527957445367,0.9999982938519605,-4.6795029607532173e-05,0.001846435578460509,2.7911430870219797e-05,0.0,0.0,1.0,0.0,0.0,0.0,1.0,0.0,0.0,0.0,1.0,0.0,0.0,0.0,0.0,0.0,0.0,1.0,0.0,0.0,0.0,1.0,0.0,0.0,0.0,0.0,0.0,0.0
0.0,0.0,0.0,0.9999998955335412,4.677535405468746e-05,-0.0004394234892589786,-0.00011684164523306164,0.9999998201229988,-5.6360918551703e-05,0.00042111537315647367,0.0004233665779682731,0.999999926497216,0.0,0.0,-0.00019507952894407376,0.9999999708955575,7.234676076982104e-05,-0.00017942312947830731,-0.00014416022652941396,0.0,0.0,0.9999998793390581,-7.292045388661873e-05,0.0004379189354991751,0.00021031282079758833,0.9999999790612168,0.0,0.0,-0.0001427527957445367,0.9999982938519605,-4.6795029607532173e-05,0.001846435578460509,2.7911430870219797e-05,0.0,0.0,1.0,0.0,0.0,0.0,1.0,0.0,0.0,0.0,1.0,0.0,0.0,0.0,0.0,0.0,0.0,1.0,0.0,0.0,0.0,1.0,0.0,0.0,0.0,0.0,0.0,0.0
0.0,0.0,0.0,0.9999998924699659,2.5091562192243128e-05,-0.0004464196075407555,-0.0001230447245564958,0.9999998154970532,-3.467486958524769e-05,0.00042810478434296065,0.00042956932680375515,0.999999926497216,0.0,0.0,-0.00019507952894407376,0.9999999729891043,8.131316309954647e-05,-0.0001746206783167753,-0.0001300675937608041,0.0,0.0,0.9999998762213547,-3.3808314121917475e-05,0.0004450086979002456,0.00021995802348261765,0.999999982037983,0.0,0.0,-0.00014337472490225727,0.9999983053119392,-3.443487748794128e-05,0.0018405460517251493,2.4035816796391285e-05,0.0,0.0,1.0,0.0,0.0,0.0,1.0,0.0,0.0,0.0,1.0,0.0,0.0,0.0,0.0,0.0,0.0,1.0,0.0,0.0,0.0,1.0,0.0,0.0,0.0,0.0,0.0,0.0
0.0,0.0,0.0,0.9999998924699659,2.5091562192243128e-05,-0.0004464196075407555,-0.0001230447245564958,0.9999998154970532,-3.467486958524769e-05,0.00042810478434296065,0.00042956932680375515,0.999999926497216,0.0,0.0,-0.00019507952894407376,0.9999999729891043,8.131316309954647e-05,-0.0001746206783167753,-0.0001300675937608041,0.0,0.0,0.9999998762213547,-3.3808314121917475e-05,0.0004450086979002456,0.00021995802348261765,0.999999982037983,0.0,0.0,-0.00014337472490225727,0.9999983053119392,-3.443487748794128e-05,0.0018405460517251493,2.4035816796391285e-05,0.0,0.0,1.0,0.0,0.0,0.0,1.0,0.0,0.0,0.0,1.0,0.0,0.0,0.0,0.0,0.0,0.0,1.0,0.0,0.0,0.0,1.0,0.0,0.0,0.0,0.0,0.0,0.0
0.0,0.0,0.0,0.9999998924699659,2.5091562192243128e-05,-0.0004464196075407555,-0.0001230447245564958,0.9999998221104065,-2.7692363859404082e-05,0.00042127663287279735,0.00042135292461771865,0.9999999257779354,0.0,0.0,-0.00018686819758421933,0.9999999729891043,8.131316309954647e-05,-0.0001746206783167753,-0.0001300675937608041,0.0,0.0,0.9999998762213547,-3.3808314121917475e-05,0.0004450086979002456,0.00021995802348261765,0.999999982037983,0.0,0.0,-0.00014337472490225727,0.9999983053119392,-3.443487748794128e-05,0.0018405460517251493,2.4035816796391285e-05,0.0,0.0,1.0,0.0,0.0,0.0,1.0,0.0,0.0,0.0,1.0,0.0,0.0,0.0,0.0,0.0,0.0,1.0,0.0,0.0,0.0,1.0,0.0,0.0,0.0,0.0,0.0,0.0
0.0,0.0,0.0,0.9999998924699659,2.5091562192243128e-05,-0.0004464196075407555,-0.0001230447245564958,0.9999998221104065,-2.7692363859404082e-05,0.00042127663287279735,0.00042135292461771865,0.9999999226544282,0.0,0.0,-0.00019168397966702714,0.99999997350126,6.732400577121163e-05,-0.00018104280005418324,-0.00012525359124569704,0.0,0.0,0.9999998762213547,-3.3808314121917475e-05,0.0004450086979002456,0.00021995802348261765,0.9999999818164615,0.0,0.0,-0.00014631115114999642,0.9999983126601574,-3.762928078298563e-05,0.0018364459330611307,2.696683371794723e-05,0.0,0.0,1.0,0.0,0.0,0.0,1.0,0.0,0.0,0.0,1.0,0.0,0.0,0.0,0.0,0.0,0.0,1.0,0.0,0.0,0.0,1.0,0.0,0.0,0.0,0.0,0.0,0.0
0.0,0.0,0.0,0.9999998924699659,2.5091562192243128e-05,-0.0004464196075407555,-0.0001230447245564958,0.9999998221104065,-2.7692363859404082e-05,0.00042127663287279735,0.00042135292461771865,0.9999999226544282,0.0,0.0,-0.00019168397966702714,0.99999997350126,6.732400577121163e-05,-0.00018104280005418324,-0.00012525359124569704,0.0,0.0,0.9999998762213547,-3.3808314121917475e-05,0.0004450086979002456,0.00021995802348261765,0.9999999818164615,0.0,0.0,-0.00014631115114999642,0.9999983126601574,-3.762928078298563e-05,0.0018364459330611307,2.696683371794723e-05,0.0,0.0,1.0,0.0,0.0,0.0,1.0,0.0,0.0,0.0,1.0,0.0,0.0,0.0,0.0,0.0,0.0,1.0,0.0,0.0,0.0,1.0,0.0,0.0,0.0,0.0,0.0,0.0
0.0,0.0,0.0,0.9999998924699659,2.5091562192243128e-05,-0.0004464196075407555,-0.0001230447245564958,0.9999998221104065,-2.7692363859404082e-05,0.00042127663287279735,0.00042135292461771865,0.9999999226544282,0.0,0.0,-0.00019168397966702714,0.9999999773135887,5.83890770060459e-05,-0.0001844103812904425,-8.91983685340058e-05,0.0,0.0,0.9999998762213547,-3.3808314121917475e-05,0.0004450086979002456,0.00021995802348261765,0.9999999818164615,0.0,0.0,-0.00014631115114999642,0.9999983066405351,-8.538807739521403e-05,0.0018367988464984735,7.479930488276709e-05,0.0,0.0,1.0,0.0,0.0,0.0,1.0,0.0,0.0,0.0,1.0,0.0,0.0,0.0,0.0,0.0,0.0,1.0,0.0,0.0,0.0,1.0,0.0,0.0,0.0,0.0,0.0,0.0
0.0,0.0,0.0,0.9999998924699659,2.5091562192243128e-05,-0.0004464196075407555,-0.0001230447245564958,0.9999998221104065,-2.7692363859404082e-05,0.00042127663287279735,0.00042135292461771865,0.9999999226544282,0.0,0.0,-0.00019168397966702714,0.9999999773135887,5.83890770060459e-05,-0.0001844103812904425,-8.91983685340058e-05,0.0,0.0,0.9999998762213547,-3.3808314121917475e-05,0.0004450086979002456,0.00021995802348261765,0.9999999818164615,0.0,0.0,-0.00014631115114999642,0.9999983066405351,-8.538807739521403e-05,0.0018367988464984735,7.479930488276709e-05,0.0,0.0,1.0,0.0,0.0,0.0,1.0,0.0,0.0,0.0,1.0,0.0,0.0,0.0,0.0,0.0,0.0,1.0,0.0,0.0,0.0,1.0,0.0,0.0,0.0,0.0,0.0,0.0
0.0,0.0,0.0,0.9999998943588251,1.990553532810805e-05,-0.0004434222536132188,-0.0001194270209613052,0.9999998266824935,-1.2681285597679564e-05,0.0004174372692516265,0.0004149943301860048,0.9999999216057235,0.0,0.0,-0.00019063064757804393,0.9999999771387006,5.536185547866037e-05,-0.00018880103181087793,-8.373669221487017e-05,0.0,0.0,0.9999998833287019,-1.3698143666609969e-05,0.00043157680744003023,0.00021655577237898074,0.9999999844037445,0.0,0.0,-0.00013371705111842324,0.9999982868087907,-0.0001087185943530667,0.0018461800886808055,7.860554212694671e-05,0.0,0.0,1.0,0.0,0.0,0.0,1.0,0.0,0.0,0.0,1.0,0.0,0.0,0.0,0.0,0.0,0.0,1.0,0.0,0.0,0.0,1.0,0.0,0.0,0.0,0.0,0.0,0.0
0.0,0.0,0.0,0.9999998943588251,1.990553532810805e-05,-0.0004434222536132188,-0.0001194270209613052,0.9999998266824935,-1.2681285597679564e-05,0.0004174372692516265,0.0004149943301860048,0.9999999216057235,0.0,0.0,-0.00019063064757804393,0.9999999771387006,5.536185547866037e-05,-0.00018880103181087793,-8.373669221487017e-05,0.0,0.0,0.9999998833287019,-1.3698143666609969e-05,0.00043157680744003023,0.00021655577237898074,0.9999999844037445,0.0,0.0,-0.00013371705111842324,0.9999982868087907,-0.0001087185943530667,0.0018461800886808055,7.860554212694671e-05,0.0,0.0,1.0,0.0,0.0,0.0,1.0,0.0,0.0,0.0,1.0,0.0,0.0,0.0,0.0,0.0,0.0,1.0,0.0,0.0,0.0,1.0,0.0,0.0,0.0,0.0,0.0,0.0
0.0,0.0,0.0,0.9999998980386021,2.5666763722197528e-05,-0.00043824970125914395,-0.00010583572979521694,0.9999998342858524,-1.844439582382157e-05,0.00041226632351245803,0.0004014032271240931,0.9999999216057235,0.0,0.0,-0.00019063064757804393,0.9999999771387006,5.536185547866037e-05,-0.00018880103181087793,-8.373669221487017e-05,0.0,0.0,0.9999998883028393,-1.9460035458031246e-05,0.00042640473090072234,0.00020296458177329399,0.9999999844037445,0.0,0.0,-0.00013371705111842324,0.9999982868087907,-0.0001087185943530667,0.0018461800886808055,7.860554212694671e-05,0.0,0.0,1.0,0.0,0.0,0.0,1.0,0.0,0.0,0.0,1.0,0.0,0.0,0.0,0.0,0.0,0.0,1.0,0.0,0.0,0.0,1.0,0.0,0.0,0.0,0.0,0.0,0.0
0.0,0.0,0.0,0.9999998980386021,2.5666763722197528e-05,-0.00043824970125914395,-0.00010583572979521694,0.9999998282909078,-2.16662229873943e-05,0.0004143036587995027,0.0004138855008530615,0.9999999192746943,0.0,0.0,-0.0002072239600660404,0.9999999782682263,4.254213500373834e-05,-0.00018791893214077345,-7.962530267222808e-05,0.0,0.0,0.9999998883028393,-1.9460035458031246e-05,0.00042640473090072234,0.00020296458177329399,0.9999999844037445,0.0,0.0,-0.00013371705111842324,0.9999982868087907,-0.0001087185943530667,0.0018461800886808055,7.860554212694671e-05,0.0,0.0,1.0,0.0,0.0,0.0,1.0,0.0,0.0,0.0,1.0,0.0,0.0,0.0,0.0,0.0,0.0,1.0,0.0,0.0,0.0,1.0,0.0,0.0,0.0,0.0,0.0,0.0
0.0,0.0,0.0,0.9999998980386021,2.5666763722197528e-05,-0.00043824970125914395,-0.00010583572979521694,0.9999998282909078,-2.16662229873943e-05,0.0004143036587995027,0.0004138855008530615,0.9999999192746943,0.0,0.0,-0.0002072239600660404,0.9999999782682263,4.254213500373834e-05,-0.00018791893214077345,-7.962530267222808e-05,0.0,0.0,0.9999998883028393,-1.9460035458031246e-05,0.00042640473090072234,0.00020296458177329399,0.9999999844037445,0.0,0.0,-0.00013371705111842324,0.9999982868087907,-0.0001087185943530667,0.0018461800886808055,7.860554212694671e-05,0.0,0.0,1.0,0.0,0.0,0.0,1.0,0.0,0.0,0.0,1.0,0.0,0.0,0.0,0.0,0.0,0.0,1.0,0.0,0.0,0.0,1.0,0.0,0.0,0.0,0.0,0.0,0.0
0.0,0.0,0.0,0.9999998980386021,2.5666763722197528e-05,-0.00043824970125914395,-0.00010583572979521694,0.9999998282909078,-2.16662229873943e-05,0.0004143036587995027,0.0004138855008530615,0.9999999192746943,0.0,0.0,-0.0002072239600660404,0.9999999732910412,6.925635057436845e-05,-0.00018455775199854694,-0.00012066445696521631,0.0,0.0,0.9999998883028393,-1.9460035458031246e-05,0.00042640473090072234,0.00020296458177329399,0.9999999844037445,0.0,0.0,-0.00013371705111842324,0.9999983023573403,-0.00013307320639035735,0.001836877133313354,5.879078213324383e-05,0.0,0.0,1.0,0.0,0.0,0.0,1.0,0.0,0.0,0.0,1.0,0.0,0.0,0.0,0.0,0.0,0.0,1.0,0.0,0.0,0.0,1.0,0.0,0.0,0.0,0.0,0.0,0.0
0.0,0.0,0.0,0.9999998980386021,2.5666763722197528e-05,-0.00043824970125914395,-0.00010583572979521694,0.9999998282909078,-2.16662229873943e-05,0.0004143036587995027,0.0004138855008530615,0.9999999192746943,0.0,0.0,-0.0002072239600660404,0.9999999732910412,6.925635057436845e-05,-0.00018455775199854694,-0.00012066445696521631,0.0,0.0,0.9999998883028393,-1.9460035458031246e-05,0.00042640473090072234,0.00020296458177329399,0.9999999844037445,0.0,0.0,-0.00013371705111842324,0.9999983023573403,-0.00013307320639035735,0.001836877133313354,5.879078213324383e-05,0.0,0.0,1.0,0.0,0.0,0.0,1.0,0.0,0.0,0.0,1.0,0.0,0.0,0.0,0.0,0.0,0.0,1.0,0.0,0.0,0.0,1.0,0.0,0.0,0.0,0.0,0.0,0.0
0.0,0.0,0.0,0.9999998980386021,2.5666763722197528e-05,-0.00043824970125914395,-0.00010583572979521694,0.9999998282909078,-2.16662229873943e-05,0.0004143036587995027,0.0004138855008530615,0.9999999192746943,0.0,0.0,-0.0002072239600660404,0.9999999728192743,7.479873581014559e-05,-0.00018601856643372637,-0.00011901131300695997,0.0,0.0,0.999999886482762,-1.419108545107448e-05,0.0004312023264105879,0.0002022316250254848,0.9999999864985426,0.0,0.0,-0.00012690416184254512,0.9999983140969974,-0.00011651675233556735,0.0018317875818033757,5.273769503402874e-05,0.0,0.0,1.0,0.0,0.0,0.0,1.0,0.0,0.0,0.0,1.0,0.0,0.0,0.0,0.0,0.0,0.0,1.0,0.0,0.0,0.0,1.0,0.0,0.0,0.0,0.0,0.0,0.0
0.0,0.0,0.0,0.9999998980386021,2.5666763722197528e-05,-0.00043824970125914395,-0.00010583572979521694,0.9999998282909078,-2.16662229873943e-05,0.0004143036587995027,0.0004138855008530615,0.9999999192746943,0.0,0.0,-0.0002072239600660404,0.9999999728192743,7.479873581014559e-05,-0.00018601856643372637,-0.00011901131300695997,0.0,0.0,0.999999886482762,-1.419108545107448e-05,0.0004312023264105879,0.0002022316250254848,0.9999999864985426,0.0,0.0,-0.00012690416184254512,0.9999983140969974,-0.00011651675233556735,0.0018317875818033757,5.273769503402874e-05,0.0,0.0,1.0,0.0,0.0,0.0,1.0,0.0,0.0,0.0,1.0,0.0,0.0,0.0,0.0,0.0,0.0,1.0,0.0,0.0,0.0,1.0,0.0,0.0,0.0,0.0,0.0,0.0
0.0,0.0,0.0,0.9999999008069836,2.4600930538938888e-05,-0.00043600384019672455,-8.764398644754916e-05,0.999999836294494,-2.167126112418387e-05,0.00041719595670310723,0.0003910100708574234,0.999999921778527,0.0,0.0,-0.00020139736666944066,0.9999999775562222,5.244581015220743e-05,-0.00018620664858729665,-8.639488527187393e-05,0.0,0.0,0.9999998909768197,-1.3125597014904763e-05,0.0004289561546117046,0.00018403990019183274,0.9999999864985426,0.0,0.0,-0.00012690416184254512,0.9999983140969974,-0.00011651675233556735,0.0018317875818033757,5.273769503402874e-05,0.0,0.0,1.0,0.0,0.0,0.0,1.0,0.0,0.0,0.0,1.0,0.0,0.0,0.0,0.0,0.0,0.0,1.0,0.0,0.0,0.0,1.0,0.0,0.0,0.0,0.0,0.0,0.0
0.0,0.0,0.0,0.9999999008069836,2.4600930538938888e-05,-0.00043600384019672455,-8.764398644754916e-05,0.999999836294494,-2.167126112418387e-05,0.00041719595670310723,0.0003910100708574234,0.999999921778527,0.0,0.0,-0.00020139736666944066,0.9999999775562222,5.244581015220743e-05,-0.00018620664858729665,-8.639488527187393e-05,0.0,0.0,0.9999998909768197,-1.3125597014904763e-05,0.0004289561546117046,0.00018403990019183274,0.9999999864985426,0.0,0.0,-0.00012690416184254512,0.9999983140969974,-0.00011651675233556735,0.0018317875818033757,5.273769503402874e-05,0.0,0.0,1.0,0.0,0.0,0.0,1.0,0.0,0.0,0.0,1.0,0.0,0.0,0.0,0.0,0.0,0.0,1.0,0.0,0.0,0.0,1.0,0.0,0.0,0.0,0.0,0.0,0.0
0.0,0.0,0.0,0.9999998958956035,3.553219606548312e-05,-0.00044673467427928346,-8.587418686473253e-05,0.9999998401339063,-2.2552221312650003e-05,0.00042626888763962645,0.00037083472690779547,0.999999924749629,0.0,0.0,-0.00018299932568699122,0.9999999775562222,5.244581015220743e-05,-0.00018620664858729665,-8.639488527187393e-05,0.0,0.0,0.9999998844535777,-3.3020310685717576e-05,0.00043534582136822383,0.00020118773905143325,0.999999983895351,0.0,0.0,-0.0001458188385951746,0.9999983084648298,-9.943017031043504e-05,0.0018362491507555184,3.7015897866583475e-05,0.0,0.0,1.0,0.0,0.0,0.0,1.0,0.0,0.0,0.0,1.0,0.0,0.0,0.0,0.0,0.0,0.0,1.0,0.0,0.0,0.0,1.0,0.0,0.0,0.0,0.0,0.0,0.0
0.0,0.0,0.0,0.9999998958956035,3.553219606548312e-05,-0.00044673467427928346,-8.587418686473253e-05,0.9999998401339063,-2.2552221312650003e-05,0.00042626888763962645,0.00037083472690779547,0.999999924749629,0.0,0.0,-0.00018299932568699122,0.9999999775562222,5.244581015220743e-05,-0.00018620664858729665,-8.639488527187393e-05,0.0,0.0,0.9999998844535777,-3.3020310685717576e-05,0.00043534582136822383,0.00020118773905143325,0.999999983895351,0.0,0.0,-0.0001458188385951746,0.9999983084648298,-9.943017031043504e-05,0.0018362491507555184,3.7015897866583475e-05,0.0,0.0,1.0,0.0,0.0,0.0,1.0,0.0,0.0,0.0,1.0,0.0,0.0,0.0,0.0,0.0,0.0,1.0,0.0,0.0,0.0,1.0,0.0,0.0,0.0,0.0,0.0,0.0
0.0,0.0,0.0,0.9999998958956035,3.553219606548312e-05,-0.00044673467427928346,-8.587418686473253e-05,0.9999998401339063,-2.2552221312650003e-05,0.00042626888763962645,0.00037083472690779547,0.9999999266654246,0.0,0.0,-0.00017484734075162822,0.9999999778256711,3.595787413391953e-05,-0.00018470538313607548,-9.454951126414536e-05,0.0,0.0,0.9999998844535777,-3.3020310685717576e-05,0.00043534582136822383,0.00020118773905143325,0.9999999831755022,0.0,0.0,-0.00015592226346484485,0.999998338220361,-5.499746072389072e-05,0.001821925255257312,3.3468792616083985e-05,0.0,0.0,1.0,0.0,0.0,0.0,1.0,0.0,0.0,0.0,1.0,0.0,0.0,0.0,0.0,0.0,0.0,1.0,0.0,0.0,0.0,1.0,0.0,0.0,0.0,0.0,0.0,0.0
0.0,0.0,0.0,0.9999998958956035,3.553219606548312e-05,-0.00044673467427928346,-8.587418686473253e-05,0.9999998401339063,-2.2552221312650003e-05,0.00042626888763962645,0.00037083472690779547,0.9999999266654246,0.0,0.0,-0.00017484734075162822,0.9999999778256711,3.595787413391953e-05,-0.00018470538313607548,-9.454951126414536e-05,0.0,0.0,0.9999998844535777,-3.3020310685717576e-05,0.00043534582136822383,0.00020118773905143325,0.9999999831755022,0.0,0.0,-0.00015592226346484485,0.999998338220361,-5.499746072389072e-05,0.001821925255257312,3.3468792616083985e-05,0.0,0.0,1.0,0.0,0.0,0.0,1.0,0.0,0.0,0.0,1.0,0.0,0.0,0.0,0.0,0.0,0.0,1.0,0.0,0.0,0.0,1.0,0.0,0.0,0.0,0.0,0.0,0.0
0.0,0.0,0.0,0.9999998979940498,4.4645351696710515e-05,-0.0004430024704460553,-7.594401707868416e-05,0.9999998451027972,-3.166664343396514e-05,0.0004225391532400568,0.00036090479269813283,0.9999999266654246,0.0,0.0,-0.00017484734075162822,0.9999999773726911,5.000078739980628e-05,-0.00017768680976188865,-0.00010574467444661152,0.0,0.0,0.999999874719512,2.0921252854960885e-05,0.00043252448647332077,0.0002510892874016388,0.9999999770907445,0.0,0.0,-0.00019747528326497337,0.999998340884956,-6.717461629876753e-05,0.0018202981833004956,1.5146952415101399e-05,0.0,0.0,1.0,0.0,0.0,0.0,1.0,0.0,0.0,0.0,1.0,0.0,0.0,0.0,0.0,0.0,0.0,1.0,0.0,0.0,0.0,1.0,0.0,0.0,0.0,0.0,0.0,0.0
0.0,0.0,0.0,0.9999998979940498,4.4645351696710515e-05,-0.0004430024704460553,-7.594401707868416e-05,0.9999998451027972,-3.166664343396514e-05,0.0004225391532400568,0.00036090479269813283,0.9999999266654246,0.0,0.0,-0.00017484734075162822,0.9999999773726911,5.000078739980628e-05,-0.00017768680976188865,-0.00010574467444661152,0.0,0.0,0.999999874719512,2.0921252854960885e-05,0.00043252448647332077,0.0002510892874016388,0.9999999770907445,0.0,0.0,-0.00019747528326497337,0.999998340884956,-6.717461629876753e-05,0.0018202981833004956,1.5146952415101399e-05,0.0,0.0,1.0,0.0,0.0,0.0,1.0,0.0,0.0,0.0,1.0,0.0,0.0,0.0,0.0,0.0,0.0,1.0,0.0,0.0,0.0,1.0,0.0,0.0,0.0,0.0,0.0,0.0
0.0,0.0,0.0,0.9999998979940498,4.4645351696710515e-05,-0.0004430024704460553,-7.594401707868416e-05,0.999999840655528,-3.260490882209885e-05,0.0004247845492514733,0.0003703834837403751,0.999999928271642,0.0,0.0,-0.00017823432583981933,0.9999999710105445,8.447077231325329e-05,-0.0001726875555382619,-0.00014499174728992533,0.0,0.0,0.999999874719512,2.0921252854960885e-05,0.00043252448647332077,0.0002510892874016388,0.9999999770907445,0.0,0.0,-0.00019747528326497337,0.9999983450875732,-8.440829801157495e-05,0.001817031235916015,3.308839408726058e-05,0.0,0.0,1.0,0.0,0.0,0.0,1.0,0.0,0.0,0.0,1.0,0.0,0.0,0.0,0.0,0.0,0.0,1.0,0.0,0.0,0.0,1.0,0.0,0.0,0.0,0.0,0.0,0.0
0.0,0.0,0.0,0.9999998979940498,4.4645351696710515e-05,-0.0004430024704460553,-7.594401707868416e-05,0.999999840655528,-3.260490882209885e-05,0.0004247845492514733,0.0003703834837403751,0.999999928271642,0.0,0.0,-0.00017823432583981933,0.9999999710105445,8.447077231325329e-05,-0.0001726875555382619,-0.00014499174728992533,0.0,0.0,0.999999874719512,2.0921252854960885e-05,0.00043252448647332077,0.0002510892874016388,0.9999999770907445,0.0,0.0,-0.00019747528326497337,0.9999983450875732,-8.440829801157495e-05,0.001817031235916015,3.308839408726058e-05,0.0,0.0,1.0,0.0,0.0,0.0,1.0,0.0,0.0,0.0,1.0,0.0,0.0,0.0,0.0,0.0,0.0,1.0,0.0,0.0,0.0,1.0,0.0,0.0,0.0,0.0,0.0,0.0
0.0,0.0,0.0,0.9999998979940498,4.4645351696710515e-05,-0.0004430024704460553,-7.594401707868416e-05,0.9999998369622956,-2.7533326459687874e-05,0.0004375969772832733,0.0003658226126075378,0.9999999331764452,0.0,0.0,-0.00018621176779119448,0.9999999720958621,0.00010269205317993464,-0.00016648782018306024,-0.00013245536222651874,0.0,0.0,0.9999998754322187,2.813208018658338e-05,0.00043734812127407667,0.00023889485973328082,0.999999978974838,0.0,0.0,-0.00018528328804974953,0.9999983450875732,-8.440829801157495e-05,0.001817031235916015,3.308839408726058e-05,0.0,0.0,1.0,0.0,0.0,0.0,1.0,0.0,0.0,0.0,1.0,0.0,0.0,0.0,0.0,0.0,0.0,1.0,0.0,0.0,0.0,1.0,0.0,0.0,0.0,0.0,0.0,0.0
0.0,0.0,0.0,0.9999998979940498,4.4645351696710515e-05,-0.0004430024704460553,-7.594401707868416e-05,0.9999998369622956,-2.7533326459687874e-05,0.0004375969772832733,0.0003658226126075378,0.9999999331764452,0.0,0.0,-0.00018621176779119448,0.9999999720958621,0.00010269205317993464,-0.00016648782018306024,-0.00013245536222651874,0.0,0.0,0.9999998754322187,2.813208018658338e-05,0.00043734812127407667,0.00023889485973328082,0.999999978974838,0.0,0.0,-0.00018528328804974953,0.9999983450875732,-8.440829801157495e-05,0.001817031235916015,3.308839408726058e-05,0.0,0.0,1.0,0.0,0.0,0.0,1.0,0.0,0.0,0.0,1.0,0.0,0.0,0.0,0.0,0.0,0.0,1.0,0.0,0.0,0.0,1.0,0.0,0.0,0.0,0.0,0.0,0.0
0.0,0.0,0.0,0.9999998979940498,4.4645351696710515e-05,-0.0004430024704460553,-7.594401707868416e-05,0.9999998369622956,-2.7533326459687874e-05,0.0004375969772832733,0.0003658226126075378,0.9999999331764452,0.0,0.0,-0.00018621176779119448,0.9999999720958621,0.00010269205317993464,-0.00016648782018306024,-0.00013245536222651874,0.0,0.0,0.9999998754322187,2.813208018658338e-05,0.00043734812127407667,0.00023889485973328082,0.9999999785517868,0.0,0.0,-0.0001891150974676173,0.9999983558834793,-9.135692543799926e-05,0.0018085493709043747,9.504432325992979e-05,0.0,0.0,1.0,0.0,0.0,0.0,1.0,0.0,0.0,0.0,1.0,0.0,0.0,0.0,0.0,0.0,0.0,1.0,0.0,0.0,0.0,1.0,0.0,0.0,0.0,0.0,0.0,0.0
0.0,0.0,0.0,0.9999998979940498,4.4645351696710515e-05,-0.0004430024704460553,-7.594401707868416e-05,0.9999998369622956,-2.7533326459687874e-05,0.0004375969772832733,0.0003658226126075378,0.9999999331764452,0.0,0.0,-0.00018621176779119448,0.9999999720958621,0.00010269205317993464,-0.00016648782018306024,-0.00013245536222651874,0.0,0.0,0.9999998754322187,2.813208018658338e-05,0.00043734812127407667,0.00023889485973328082,0.9999999785517868,0.0,0.0,-0.0001891150974676173,0.9999983558834793,-9.135692543799926e-05,0.0018085493709043747,9.504432325992979e-05,0.0,0.0,1.0,0.0,0.0,0.0,1.0,0.0,0.0,0.0,1.0,0.0,0.0,0.0,0.0,0.0,0.0,1.0,0.0,0.0,0.0,1.0,0.0,0.0,0.0,0.0,0.0,0.0
0.0,0.0,0.0,0.9999998939605715,3.9327564086224574e-05,-0.00045446421332109583,-6.320179854021219e-05,0.9999998388043585,-2.6549276969023677e-05,0.0004400124004216485,0.0003578763481441054,0.9999999293905305,0.0,0.0,-0.0001910044016499917,0.9999999720958621,0.00010269205317993464,-0.00016648782018306024,-0.00013245536222651874,0.0,0.0,0.9999998731538297,3.345166327423116e-05,0.00044880807086073544,0.00022615177728009468,0.9999999782682092,0.0,0.0,-0.00018988028961086797,0.9999983621171588,-7.308401549975303e-05,0.0018058893307100784,9.584076258075041e-05,0.0,0.0,1.0,0.0,0.0,0.0,1.0,0.0,0.0,0.0,1.0,0.0,0.0,0.0,0.0,0.0,0.0,1.0,0.0,0.0,0.0,1.0,0.0,0.0,0.0,0.0,0.0,0.0
0.0,0.0,0.0,0.9999998939605715,3.9327564086224574e-05,-0.00045446421332109583,-6.320179854021219e-05,0.9999998388043585,-2.6549276969023677e-05,0.0004400124004216485,0.0003578763481441054,0.9999999293905305,0.0,0.0,-0.0001910044016499917,0.9999999720958621,0.00010269205317993464,-0.00016648782018306024,-0.00013245536222651874,0.0,0.0,0.9999998731538297,3.345166327423116e-05,0.00044880807086073544,0.00022615177728009468,0.9999999782682092,0.0,0.0,-0.00018988028961086797,0.9999983621171588,-7.308401549975303e-05,0.0018058893307100784,9.584076258075041e-05,0.0,0.0,1.0,0.0,0.0,0.0,1.0,0.0,0.0,0.0,1.0,0.0,0.0,0.0,0.0,0.0,0.0,1.0,0.0,0.0,0.0,1.0,0.0,0.0,0.0,0.0,0.0,0.0
0.0,0.0,0.0,0.9999998939605715,3.9327564086224574e-05,-0.00045446421332109583,-6.320179854021219e-05,0.999999833347542,-2.9364844847842227e-05,0.0004445161591755501,0.0003672165276846057,0.9999999290032621,0.0,0.0,-0.00020034254401182653,0.9999999748527848,8.972956629260308e-05,-0.00017151576965618315,-0.00011324917332208745,0.0,0.0,0.9999998731927888,1.99186963619417e-05,0.0004504318867857397,0.00022434073886518248,0.9999999787755252,0.0,0.0,-0.00018806426810995678,0.9999983621171588,-7.308401549975303e-05,0.0018058893307100784,9.584076258075041e-05,0.0,0.0,1.0,0.0,0.0,0.0,1.0,0.0,0.0,0.0,1.0,0.0,0.0,0.0,0.0,0.0,0.0,1.0,0.0,0.0,0.0,1.0,0.0,0.0,0.0,0.0,0.0,0.0
0.0,0.0,0.0,0.9999998939605715,3.9327564086224574e-05,-0.00045446421332109583,-6.320179854021219e-05,0.999999833347542,-2.9364844847842227e-05,0.0004445161591755501,0.0003672165276846057,0.9999999290032621,0.0,0.0,-0.00020034254401182653,0.9999999748527848,8.972956629260308e-05,-0.00017151576965618315,-0.00011324917332208745,0.0,0.0,0.9999998731927888,1.99186963619417e-05,0.0004504318867857397,0.00022434073886518248,0.9999999787755252,0.0,0.0,-0.00018806426810995678,0.9999983621171588,-7.308401549975303e-05,0.0018058893307100784,9.584076258075041e-05,0.0,0.0,1.0,0.0,0.0,0.0,1.0,0.0,0.0,0.0,1.0,0.0,0.0,0.0,0.0,0.0,0.0,1.0,0.0,0.0,0.0,1.0,0.0,0.0,0.0,0.0,0.0,0.0
0.0,0.0,0.0,0.9999998939605715,3.9327564086224574e-05,-0.00045446421332109583,-6.320179854021219e-05,0.999999833347542,-2.9364844847842227e-05,0.0004445161591755501,0.0003672165276846057,0.9999999344746913,0.0,0.0,-0.00018563255570418541,0.9999999667639797,0.0001085717630307273,-0.00016662263890953848,-0.00016407653015974456,0.0,0.0,0.9999998732422921,1.965186142993287e-05,0.0004518316915215629,0.00022130821579271419,0.9999999792284268,0.0,0.0,-0.00018503164062310152,0.999998361438607,-5.74262430513051e-05,0.001807715607307519,7.73731926973847e-05,0.0,0.0,1.0,0.0,0.0,0.0,1.0,0.0,0.0,0.0,1.0,0.0,0.0,0.0,0.0,0.0,0.0,1.0,0.0,0.0,0.0,1.0,0.0,0.0,0.0,0.0,0.0,0.0
0.0,0.0,0.0,0.9999998939605715,3.9327564086224574e-05,-0.00045446421332109583,-6.320179854021219e-05,0.999999833347542,-2.9364844847842227e-05,0.0004445161591755501,0.0003672165276846057,0.9999999344746913,0.0,0.0,-0.00018563255570418541,0.9999999667639797,0.0001085717630307273,-0.00016662263890953848,-0.00016407653015974456,0.0,0.0,0.9999998732422921,1.965186142993287e-05,0.0004518316915215629,0.00022130821579271419,0.9999999792284268,0.0,0.0,-0.00018503164062310152,0.999998361438607,-5.74262430513051e-05,0.001807715607307519,7.73731926973847e-05,0.0,0.0,1.0,0.0,0.0,0.0,1.0,0.0,0.0,0.0,1.0,0.0,0.0,0.0,0.0,0.0,0.0,1.0,0.0,0.0,0.0,1.0,0.0,0.0,0.0,0.0,0.0,0.0
0.0,0.0,0.0,0.9999998932180055,4.7795728451601156e-05,-0.00045513196290300034,-6.429962718073464e-05,0.9999998323610575,-3.783279488484371e-05,0.0004451864940003945,0.0003683144338367055,0.9999999322700307,0.0,0.0,-0.00019114435753787346,0.9999999659249699,0.00011828051508868756,-0.00017034548290263064,-0.00015856290694703863,0.0,0.0,0.9999998728267253,1.1183805635692267e-05,0.00045250084486325097,0.00022240602734155269,0.9999999818583168,0.0,0.0,-0.00017112567644549377,0.9999983669808207,-5.444952481037468e-05,0.0018052817579382598,6.347216240802715e-05,0.0,0.0,1.0,0.0,0.0,0.0,1.0,0.0,0.0,0.0,1.0,0.0,0.0,0.0,0.0,0.0,0.0,1.0,0.0,0.0,0.0,1.0,0.0,0.0,0.0,0.0,0.0,0.0
0.0,0.0,0.0,0.9999998932180055,4.7795728451601156e-05,-0.00045513196290300034,-6.429962718073464e-05,0.9999998323610575,-3.783279488484371e-05,0.0004451864940003945,0.0003683144338367055,0.9999999322700307,0.0,0.0,-0.00019114435753787346,0.9999999659249699,0.00011828051508868756,-0.00017034548290263064,-0.00015856290694703863,0.0,0.0,0.9999998728267253,1.1183805635692267e-05,0.00045250084486325097,0.00022240602734155269,0.9999999818583168,0.0,0.0,-0.00017112567644549377,0.9999983669808207,-5.444952481037468e-05,0.0018052817579382598,6.347216240802715e-05,0.0,0.0,1.0,0.0,0.0,0.0,1.0,0.0,0.0,0.0,1.0,0.0,0.0,0.0,0.0,0.0,0.0,1.0,0.0,0.0,0.0,1.0,0.0,0.0,0.0,0.0,0.0,0.0
0.0,0.0,0.0,0.9999998949574093,4.100645259489752e-05,-0.00045208470392339505,-6.342761026964814e-05,0.9999998367902183,-3.2858340589284284e-05,0.00043739097999010736,0.00036609970882910294,0.9999999310297172,0.0,0.0,-0.00018980014219196733,0.9999999659249699,0.00011828051508868756,-0.00017034548290263064,-0.00015856290694703863,0.0,0.0,0.999999874296033,1.797259732138597e-05,0.000449452460944946,0.00022153417228366708,0.9999999818583168,0.0,0.0,-0.00017112567644549377,0.9999983721663472,-6.330527558247866e-05,0.0018021778507090723,6.174214268684673e-05,0.0,0.0,1.0,0.0,0.0,0.0,1.0,0.0,0.0,0.0,1.0,0.0,0.0,0.0,0.0,0.0,0.0,1.0,0.0,0.0,0.0,1.0,0.0,0.0,0.0,0.0,0.0,0.0
0.0,0.0,0.0,0.9999998949574093,4.100645259489752e-05,-0.00045208470392339505,-6.342761026964814e-05,0.9999998367902183,-3.2858340589284284e-05,0.00043739097999010736,0.00036609970882910294,0.9999999310297172,0.0,0.0,-0.00018980014219196733,0.9999999659249699,0.00011828051508868756,-0.00017034548290263064,-0.00015856290694703863,0.0,0.0,0.999999874296033,1.797259732138597e-05,0.000449452460944946,0.00022153417228366708,0.9999999818583168,0.0,0.0,-0.00017112567644549377,0.9999983721663472,-6.330527558247866e-05,0.0018021778507090723,6.174214268684673e-05,0.0,0.0,1.0,0.0,0.0,0.0,1.0,0.0,0.0,0.0,1.0,0.0,0.0,0.0,0.0,0.0,0.0,1.0,0.0,0.0,0.0,1.0,0.0,0.0,0.0,0.0,0.0,0.0
0.0,0.0,0.0,0.9999998949574093,4.100645259489752e-05,-0.00045208470392339505,-6.342761026964814e-05,0.9999998367902183,-3.2858340589284284e-05,0.00043739097999010736,0.00036609970882910294,0.9999999310297172,0.0,0.0,-0.00018980014219196733,0.9999999670001245,0.00011097782577131827,-0.0001715881950508266,-0.00015569573937362227,0.0,0.0,0.9999998771634351,1.7294999459495154e-05,0.0004442676601454663,0.00021908957923192108,0.9999999777355671,0.0,0.0,-0.00019834830535368105,0.9999983918074327,-4.911131602970648e-05,0.0017904219043790846,9.143320677002274e-05,0.0,0.0,1.0,0.0,0.0,0.0,1.0,0.0,0.0,0.0,1.0,0.0,0.0,0.0,0.0,0.0,0.0,1.0,0.0,0.0,0.0,1.0,0.0,0.0,0.0,0.0,0.0,0.0
0.0,0.0,0.0,0.9999998949574093,4.100645259489752e-05,-0.00045208470392339505,-6.342761026964814e-05,0.9999998367902183,-3.2858340589284284e-05,0.00043739097999010736,0.00036609970882910294,0.9999999310297172,0.0,0.0,-0.00018980014219196733,0.9999999670001245,0.00011097782577131827,-0.0001715881950508266,-0.00015569573937362227,0.0,0.0,0.9999998771634351,1.7294999459495154e-05,0.0004442676601454663,0.00021908957923192108,0.9999999777355671,0.0,0.0,-0.00019834830535368105,0.9999983918074327,-4.911131602970648e-05,0.0017904219043790846,9.143320677002274e-05,0.0,0.0,1.0,0.0,0.0,0.0,1.0,0.0,0.0,0.0,1.0,0.0,0.0,0.0,0.0,0.0,0.0,1.0,0.0,0.0,0.0,1.0,0.0,0.0,0.0,0.0,0.0,0.0
0.0,0.0,0.0,0.9999998949574093,4.100645259489752e-05,-0.00045208470392339505,-6.342761026964814e-05,0.9999998369988873,-2.7216978628496353e-05,0.0004408208927211897,0.0003618540803871527,0.9999999350769194,0.0,0.0,-0.00018132289093079486,0.9999999686084602,0.00011366987097406248,-0.00016338995502242722,-0.00015220368443777065,0.0,0.0,0.9999998771634351,1.7294999459495154e-05,0.0004442676601454663,0.00021908957923192108,0.9999999777355671,0.0,0.0,-0.00019834830535368105,0.9999983818926645,-6.200888889065037e-05,0.0017951059326103234,9.980802138630373e-05,0.0,0.0,1.0,0.0,0.0,0.0,1.0,0.0,0.0,0.0,1.0,0.0,0.0,0.0,0.0,0.0,0.0,1.0,0.0,0.0,0.0,1.0,0.0,0.0,0.0,0.0,0.0,0.0
0.0,0.0,0.0,0.9999998949574093,4.100645259489752e-05,-0.00045208470392339505,-6.342761026964814e-05,0.9999998369988873,-2.7216978628496353e-05,0.0004408208927211897,0.0003618540803871527,0.9999999350769194,0.0,0.0,-0.00018132289093079486,0.9999999686084602,0.00011366987097406248,-0.00016338995502242722,-0.00015220368443777065,0.0,0.0,0.9999998771634351,1.7294999459495154e-05,0.0004442676601454663,0.00021908957923192108,0.9999999777355671,0.0,0.0,-0.00019834830535368105,0.9999983818926645,-6.200888889065037e-05,0.0017951059326103234,9.980802138630373e-05,0.0,0.0,1.0,0.0,0.0,0.0,1.0,0.0,0.0,0.0,1.0,0.0,0.0,0.0,0.0,0.0,0.0,1.0,0.0,0.0,0.0,1.0,0.0,0.0,0.0,0.0,0.0,0.0
0.0,0.0,0.0,0.9999998949574093,4.100645259489752e-05,-0.00045208470392339505,-6.342761026964814e-05,0.9999998369988873,-2.7216978628496353e-05,0.0004408208927211897,0.0003618540803871527,0.9999999350769194,0.0,0.0,-0.00018132289093079486,0.9999999686084602,0.00011366987097406248,-0.00016338995502242722,-0.00015220368443777065,0.0,0.0,0.9999998771634351,1.7294999459495154e-05,0.0004442676601454663,0.00021908957923192108,0.9999999777355671,0.0,0.0,-0.00019834830535368105,0.9999983818926645,-6.200888889065037e-05,0.0017951059326103234,9.980802138630373e-05,0.0,0.0,1.0,0.0,0.0,0.0,1.0,0.0,0.0,0.0,1.0,0.0,0.0,0.0,0.0,0.0,0.0,1.0,0.0,0.0,0.0,1.0,0.0,0.0,0.0,0.0,0.0,0.0
0.0,0.0,0.0,0.9999998934999351,4.5981822817791656e-05,-0.00045339629435770223,-7.29218123946232e-05,0.999999832790761,-3.2191850162986224e-05,0.0004421340975564072,0.0003713483198513803,0.9999999327817252,0.0,0.0,-0.0001987778596265683,0.9999999721737922,0.00010884533004765178,-0.00016014870080479631,-0.00013474977736646076,0.0,0.0,0.999999872125377,1.0509425620248349e-05,0.00044284166694044414,0.00024398778589521604,0.9999999733786965,0.0,0.0,-0.00022052553282302307,0.9999983807146005,-6.448142920701595e-05,0.0017952859153495097,0.00010657769130418136,0.0,0.0,1.0,0.0,0.0,0.0,1.0,0.0,0.0,0.0,1.0,0.0,0.0,0.0,0.0,0.0,0.0,1.0,0.0,0.0,0.0,1.0,0.0,0.0,0.0,0.0,0.0,0.0
0.0,0.0,0.0,0.9999998934999351,4.5981822817791656e-05,-0.00045339629435770223,-7.29218123946232e-05,0.999999832790761,-3.2191850162986224e-05,0.0004421340975564072,0.0003713483198513803,0.9999999327817252,0.0,0.0,-0.0001987778596265683,0.9999999721737922,0.00010884533004765178,-0.00016014870080479631,-0.00013474977736646076,0.0,0.0,0.999999872125377,1.0509425620248349e-05,0.00044284166694044414,0.00024398778589521604,0.9999999733786965,0.0,0.0,-0.00022052553282302307,0.9999983807146005,-6.448142920701595e-05,0.0017952859153495097,0.00010657769130418136,0.0,0.0,1.0,0.0,0.0,0.0,1.0,0.0,0.0,0.0,1.0,0.0,0.0,0.0,0.0,0.0,0.0,1.0,0.0,0.0,0.0,1.0,0.0,0.0,0.0,0.0,0.0,0.0
0.0,0.0,0.0,0.9999998881363282,4.955176853334122e-05,-0.000460031477571416,-9.81987414398805e-05,0.9999998201617842,-4.3968392508562636e-05,0.0004475369062814111,0.0003968046083792596,0.9999999323446686,0.0,0.0,-0.00019895101305480073,0.9999999721737922,0.00010884533004765178,-0.00016014870080479631,-0.00013474977736646076,0.0,0.0,0.9999998627086154,6.940881972191734e-06,0.00044947888683382644,0.0002692643770234156,0.9999999733786965,0.0,0.0,-0.00022052553282302307,0.9999983764448787,-8.088765885986544e-05,0.0017976531357412242,9.491046930009755e-05,0.0,0.0,1.0,0.0,0.0,0.0,1.0,0.0,0.0,0.0,1.0,0.0,0.0,0.0,0.0,0.0,0.0,1.0,0.0,0.0,0.0,1.0,0.0,0.0,0.0,0.0,0.0,0.0
0.0,0.0,0.0,0.9999998881363282,4.955176853334122e-05,-0.000460031477571416,-9.81987414398805e-05,0.9999998201617842,-4.3968392508562636e-05,0.0004475369062814111,0.0003968046083792596,0.9999999323446686,0.0,0.0,-0.00019895101305480073,0.9999999721737922,0.00010884533004765178,-0.00016014870080479631,-0.00013474977736646076,0.0,0.0,0.9999998627086154,6.940881972191734e-06,0.00044947888683382644,0.0002692643770234156,0.9999999733786965,0.0,0.0,-0.00022052553282302307,0.9999983764448787,-8.088765885986544e-05,0.0017976531357412242,9.491046930009755e-05,0.0,0.0,1.0,0.0,0.0,0.0,1.0,0.0,0.0,0.0,1.0,0.0,0.0,0.0,0.0,0.0,0.0,1.0,0.0,0.0,0.0,1.0,0.0,0.0,0.0,0.0,0.0,0.0
0.0,0.0,0.0,0.9999998881363282,4.955176853334122e-05,-0.000460031477571416,-9.81987414398805e-05,0.9999998201617842,-4.3968392508562636e-05,0.0004475369062814111,0.0003968046083792596,0.9999999323446686,0.0,0.0,-0.00019895101305480073,0.9999999720320332,0.00010776381683374316,-0.00016369310964953684,-0.00013239130890207413,0.0,0.0,0.9999998636702108,2.7406943859166948e-06,0.00045755894536570943,0.0002515787353548405,0.9999999757366944,0.0,0.0,-0.00020634898900569857,0.999998384126493,-6.482012065219854e-05,0.0017938368568848596,9.844839207157654e-05,0.0,0.0,1.0,0.0,0.0,0.0,1.0,0.0,0.0,0.0,1.0,0.0,0.0,0.0,0.0,0.0,0.0,1.0,0.0,0.0,0.0,1.0,0.0,0.0,0.0,0.0,0.0,0.0
0.0,0.0,0.0,0.9999998881363282,4.955176853334122e-05,-0.000460031477571416,-9.81987414398805e-05,0.9999998201617842,-4.3968392508562636e-05,0.0004475369062814111,0.0003968046083792596,0.9999999323446686,0.0,0.0,-0.00019895101305480073,0.9999999720320332,0.00010776381683374316,-0.00016369310964953684,-0.00013239130890207413,0.0,0.0,0.9999998636702108,2.7406943859166948e-06,0.00045755894536570943,0.0002515787353548405,0.9999999757366944,0.0,0.0,-0.00020634898900569857,0.999998384126493,-6.482012065219854e-05,0.0017938368568848596,9.844839207157654e-05,0.0,0.0,1.0,0.0,0.0,0.0,1.0,0.0,0.0,0.0,1.0,0.0,0.0,0.0,0.0,0.0,0.0,1.0,0.0,0.0,0.0,1.0,0.0,0.0,0.0,0.0,0.0,0.0
0.0,0.0,0.0,0.9999998881363282,4.955176853334122e-05,-0.000460031477571416,-9.81987414398805e-05,0.9999998187003563,-3.493967157411316e-05,0.00045855739253761044,0.0003887204545444228,0.9999999372874583,0.0,0.0,-0.00019087410723515942,0.9999999718797005,0.00010111323314384928,-0.0001685948893476792,-0.0001326366303229693,0.0,0.0,0.9999998636702108,2.7406943859166948e-06,0.00045755894536570943,0.0002515787353548405,0.9999999757366944,0.0,0.0,-0.00020634898900569857,0.999998384126493,-6.482012065219854e-05,0.0017938368568848596,9.844839207157654e-05,0.0,0.0,1.0,0.0,0.0,0.0,1.0,0.0,0.0,0.0,1.0,0.0,0.0,0.0,0.0,0.0,0.0,1.0,0.0,0.0,0.0,1.0,0.0,0.0,0.0,0.0,0.0,0.0
0.0,0.0,0.0,0.9999998881363282,4.955176853334122e-05,-0.000460031477571416,-9.81987414398805e-05,0.9999998187003563,-3.493967157411316e-05,0.00045855739253761044,0.0003887204545444228,0.9999999372874583,0.0,0.0,-0.00019087410723515942,0.9999999718797005,0.00010111323314384928,-0.0001685948893476792,-0.0001326366303229693,0.0,0.0,0.9999998636702108,2.7406943859166948e-06,0.00045755894536570943,0.0002515787353548405,0.9999999757366944,0.0,0.0,-0.00020634898900569857,0.999998384126493,-6.482012065219854e-05,0.0017938368568848596,9.844839207157654e-05,0.0,0.0,1.0,0.0,0.0,0.0,1.0,0.0,0.0,0.0,1.0,0.0,0.0,0.0,0.0,0.0,0.0,1.0,0.0,0.0,0.0,1.0,0.0,0.0,0.0,0.0,0.0,0.0
0.0,0.0,0.0,0.9999998926439421,4.381598282185955e-05,-0.0004530377283662615,-8.688544499723599e-05,0.9999998264013389,-2.920593477786342e-05,0.00045156181341608265,0.0003774072526019569,0.9999999314565804,0.0,0.0,-0.0002032456072569557,0.9999999710595725,0.00010548572564039929,-0.00017969506042644456,-0.00012026346524388736,0.0,0.0,0.9999998706314844,-3.9723279497328255e-06,0.00045006164558627327,0.0002369931437121013,0.9999999768495073,0.0,0.0,-0.0002030715461022245,0.999998388139036,-5.323787774937922e-05,0.0017925428067427302,8.760904203545265e-05,0.0,0.0,1.0,0.0,0.0,0.0,1.0,0.0,0.0,0.0,1.0,0.0,0.0,0.0,0.0,0.0,0.0,1.0,0.0,0.0,0.0,1.0,0.0,0.0,0.0,0.0,0.0,0.0
0.0,0.0,0.0,0.9999998926439421,4.381598282185955e-05,-0.0004530377283662615,-8.688544499723599e-05,0.9999998264013389,-2.920593477786342e-05,0.00045156181341608265,0.0003774072526019569,0.9999999314565804,0.0,0.0,-0.0002032456072569557,0.9999999710595725,0.00010548572564039929,-0.00017969506042644456,-0.00012026346524388736,0.0,0.0,0.9999998706314844,-3.9723279497328255e-06,0.00045006164558627327,0.0002369931437121013,0.9999999768495073,0.0,0.0,-0.0002030715461022245,0.999998388139036,-5.323787774937922e-05,0.0017925428067427302,8.760904203545265e-05,0.0,0.0,1.0,0.0,0.0,0.0,1.0,0.0,0.0,0.0,1.0,0.0,0.0,0.0,0.0,0.0,0.0,1.0,0.0,0.0,0.0,1.0,0.0,0.0,0.0,0.0,0.0,0.0
0.0,0.0,0.0,0.9999998978116622,2.169255877253268e-05,-0.0004471616388939398,-6.286944348504162e-05,0.9999998382173233,-7.084254541290546e-06,0.0004456789489922635,0.0003533913057216772,0.9999999314565804,0.0,0.0,-0.0002032456072569557,0.999999968865707,0.00013264114161335626,-0.00017792858515700748,-0.00011408913660732777,0.0,0.0,0.9999998785071067,1.8150142172294778e-05,0.0004441812796312511,0.00021297731092617225,0.9999999768495073,0.0,0.0,-0.0002030715461022245,0.9999983718645261,-6.40248453030255e-05,0.0018025757275470604,5.375744079502639e-05,0.0,0.0,1.0,0.0,0.0,0.0,1.0,0.0,0.0,0.0,1.0,0.0,0.0,0.0,0.0,0.0,0.0,1.0,0.0,0.0,0.0,1.0,0.0,0.0,0.0,0.0,0.0,0.0
0.0,0.0,0.0,0.9999998978116622,2.169255877253268e-05,-0.0004471616388939398,-6.286944348504162e-05,0.9999998382173233,-7.084254541290546e-06,0.0004456789489922635,0.0003533913057216772,0.9999999314565804,0.0,0.0,-0.0002032456072569557,0.999999968865707,0.00013264114161335626,-0.00017792858515700748,-0.00011408913660732777,0.0,0.0,0.9999998785071067,1.8150142172294778e-05,0.0004441812796312511,0.00021297731092617225,0.9999999768495073,0.0,0.0,-0.0002030715461022245,0.9999983718645261,-6.40248453030255e-05,0.0018025757275470604,5.375744079502639e-05,0.0,0.0,1.0,0.0,0.0,0.0,1.0,0.0,0.0,0.0,1.0,0.0,0.0,0.0,0.0,0.0,0.0,1.0,0.0,0.0,0.0,1.0,0.0,0.0,0.0,0.0,0.0,0.0
0.0,0.0,0.0,0.9999998978116622,2.169255877253268e-05,-0.0004471616388939398,-6.286944348504162e-05,0.9999998337048163,-1.1262902073249492e-05,0.0004484693306222475,0.0003624068798029717,0.9999999336231558,0.0,0.0,-0.00020658645514450914,0.9999999699172475,0.00012819509682692425,-0.000171430877274082,-0.00011976216281356558,0.0,0.0,0.9999998785071067,1.8150142172294778e-05,0.0004441812796312511,0.00021297731092617225,0.999999980931906,0.0,0.0,-0.00018337218126718305,0.9999983833096548,-6.086080294984089e-05,0.0017968065421942203,3.406301812697865e-05,0.0,0.0,1.0,0.0,0.0,0.0,1.0,0.0,0.0,0.0,1.0,0.0,0.0,0.0,0.0,0.0,0.0,1.0,0.0,0.0,0.0,1.0,0.0,0.0,0.0,0.0,0.0,0.0
0.0,0.0,0.0,0.9999998978116622,2.169255877253268e-05,-0.0004471616388939398,-6.286944348504162e-05,0.9999998337048163,-1.1262902073249492e-05,0.0004484693306222475,0.0003624068798029717,0.9999999336231558,0.0,0.0,-0.00020658645514450914,0.9999999699172475,0.00012819509682692425,-0.000171430877274082,-0.00011976216281356558,0.0,0.0,0.9999998785071067,1.8150142172294778e-05,0.0004441812796312511,0.00021297731092617225,0.999999980931906,0.0,0.0,-0.00018337218126718305,0.9999983833096548,-6.086080294984089e-05,0.0017968065421942203,3.406301812697865e-05,0.0,0.0,1.0,0.0,0.0,0.0,1.0,0.0,0.0,0.0,1.0,0.0,0.0,0.0,0.0,0.0,0.0,1.0,0.0,0.0,0.0,1.0,0.0,0.0,0.0,0.0,0.0,0.0
0.0,0.0,0.0,0.9999999006290287,2.1534477193118937e-05,-0.0004447377512280771,-2.205746392953577e-05,0.9999998463951535,1.5119747129898762e-06,0.0004561560258295148,0.0003148476829394605,0.9999999379214061,0.0,0.0,-0.0001998487204842105,0.9999999699172475,0.00012819509682692425,-0.000171430877274082,-0.00011976216281356558,0.0,0.0,0.9999998874378706,1.8307738105142466e-05,0.00044175574494186053,0.00017216542822501494,0.9999999849457387,0.0,0.0,-0.00015853023603664717,0.99999837826692,-5.954666277426732e-05,0.0017999535133830218,9.223602036556171e-06,0.0,0.0,1.0,0.0,0.0,0.0,1.0,0.0,0.0,0.0,1.0,0.0,0.0,0.0,0.0,0.0,0.0,1.0,0.0,0.0,0.0,1.0,0.0,0.0,0.0,0.0,0.0,0.0
0.0,0.0,0.0,0.9999999006290287,2.1534477193118937e-05,-0.0004447377512280771,-2.205746392953577e-05,0.9999998463951535,1.5119747129898762e-06,0.0004561560258295148,0.0003148476829394605,0.9999999379214061,0.0,0.0,-0.0001998487204842105,0.9999999699172475,0.00012819509682692425,-0.000171430877274082,-0.00011976216281356558,0.0,0.0,0.9999998874378706,1.8307738105142466e-05,0.00044175574494186053,0.00017216542822501494,0.9999999849457387,0.0,0.0,-0.00015853023603664717,0.99999837826692,-5.954666277426732e-05,0.0017999535133830218,9.223602036556171e-06,0.0,0.0,1.0,0.0,0.0,0.0,1.0,0.0,0.0,0.0,1.0,0.0,0.0,0.0,0.0,0.0,0.0,1.0,0.0,0.0,0.0,1.0,0.0,0.0,0.0,0.0,0.0,0.0
0.0,0.0,0.0,0.9999999006290287,2.1534477193118937e-05,-0.0004447377512280771,-2.205746392953577e-05,0.9999998463951535,1.5119747129898762e-06,0.0004561560258295148,0.0003148476829394605,0.9999999379214061,0.0,0.0,-0.0001998487204842105,0.9999999701723148,0.00011353455743889363,-0.00017269202635028977,-0.0001301642730587327,0.0,0.0,0.9999998852219043,2.0093717291000693e-05,0.0004451503757380451,0.00017604988962022263,0.9999999840444852,0.0,0.0,-0.00016241541630153695,0.9999983662005704,-6.363991743639579e-05,0.0018064103128401007,2.0686528624367273e-05,0.0,0.0,1.0,0.0,0.0,0.0,1.0,0.0,0.0,0.0,1.0,0.0,0.0,0.0,0.0,0.0,0.0,1.0,0.0,0.0,0.0,1.0,0.0,0.0,0.0,0.0,0.0,0.0
0.0,0.0,0.0,0.9999999006290287,2.1534477193118937e-05,-0.0004447377512280771,-2.205746392953577e-05,0.9999998463951535,1.5119747129898762e-06,0.0004561560258295148,0.0003148476829394605,0.9999999379214061,0.0,0.0,-0.0001998487204842105,0.9999999701723148,0.00011353455743889363,-0.00017269202635028977,-0.0001301642730587327,0.0,0.0,0.9999998852219043,2.0093717291000693e-05,0.0004451503757380451,0.00017604988962022263,0.9999999840444852,0.0,0.0,-0.00016241541630153695,0.9999983662005704,-6.363991743639579e-05,0.0018064103128401007,2.0686528624367273e-05,0.0,0.0,1.0,0.0,0.0,0.0,1.0,0.0,0.0,0.0,1.0,0.0,0.0,0.0,0.0,0.0,0.0,1.0,0.0,0.0,0.0,1.0,0.0,0.0,0.0,0.0,0.0,0.0
0.0,0.0,0.0,0.9999999001813182,-8.058054017491572e-06,-0.000446579974972433,1.1779096216027699e-05,0.9999998551556318,3.110543016487336e-05,0.00045798880936069353,0.0002810114196017447,0.9999999400733696,0.0,0.0,-0.0001892120172973454,0.9999999685303866,0.00011585660767976664,-0.00017231257293626902,-0.00014080074308711634,0.0,0.0,0.9999998887547848,4.96865456478342e-05,0.00044698663564770593,0.00014221326535943202,0.9999999840444852,0.0,0.0,-0.00016241541630153695,0.9999983662005704,-6.363991743639579e-05,0.0018064103128401007,2.0686528624367273e-05,0.0,0.0,1.0,0.0,0.0,0.0,1.0,0.0,0.0,0.0,1.0,0.0,0.0,0.0,0.0,0.0,0.0,1.0,0.0,0.0,0.0,1.0,0.0,0.0,0.0,0.0,0.0,0.0
0.0,0.0,0.0,0.9999999001813182,-8.058054017491572e-06,-0.000446579974972433,1.1779096216027699e-05,0.9999998571298825,2.772556944446722e-05,0.00045383972070180096,0.00028107119251193514,0.9999999356498945,0.0,0.0,-0.0002059700637921461,0.9999999696384841,0.0001260028996105825,-0.0001715977073294664,-0.00012409886025493893,0.0,0.0,0.9999998864911127,6.683485053865309e-05,0.00045035342248992934,0.0001404729844788135,0.9999999833846813,0.0,0.0,-0.00016068159916813742,0.9999983662005704,-6.363991743639579e-05,0.0018064103128401007,2.0686528624367273e-05,0.0,0.0,1.0,0.0,0.0,0.0,1.0,0.0,0.0,0.0,1.0,0.0,0.0,0.0,0.0,0.0,0.0,1.0,0.0,0.0,0.0,1.0,0.0,0.0,0.0,0.0,0.0,0.0
0.0,0.0,0.0,0.9999998989070882,-1.2123775036124585e-05,-0.0004488154840056728,2.4566011875570156e-05,0.9999998641516756,2.8777163353203505e-05,0.0004491585022108456,0.00026291661267110024,0.9999999347456898,0.0,0.0,-0.0002006002388193766,0.9999999696384841,0.0001260028996105825,-0.0001715977073294664,-0.00012409886025493893,0.0,0.0,0.9999998869169188,7.090096012314995e-05,0.00045258756166367223,0.00012768595290127898,0.9999999818889633,0.0,0.0,-0.00017060692229485346,0.9999983885332347,-5.471499614540433e-05,0.0017942510780125744,2.4500448210509715e-05,0.0,0.0,1.0,0.0,0.0,0.0,1.0,0.0,0.0,0.0,1.0,0.0,0.0,0.0,0.0,0.0,0.0,1.0,0.0,0.0,0.0,1.0,0.0,0.0,0.0,0.0,0.0,0.0
0.0,0.0,0.0,0.9999998989070882,-1.2123775036124585e-05,-0.0004488154840056728,2.4566011875570156e-05,0.9999998641516756,2.8777163353203505e-05,0.0004491585022108456,0.00026291661267110024,0.9999999347456898,0.0,0.0,-0.0002006002388193766,0.9999999696384841,0.0001260028996105825,-0.0001715977073294664,-0.00012409886025493893,0.0,0.0,0.9999998869169188,7.090096012314995e-05,0.00045258756166367223,0.00012768595290127898,0.9999999818889633,0.0,0.0,-0.00017060692229485346,0.9999983885332347,-5.471499614540433e-05,0.0017942510780125744,2.4500448210509715e-05,0.0,0.0,1.0,0.0,0.0,0.0,1.0,0.0,0.0,0.0,1.0,0.0,0.0,0.0,0.0,0.0,0.0,1.0,0.0,0.0,0.0,1.0,0.0,0.0,0.0,0.0,0.0,0.0
0.0,0.0,0.0,0.9999999017255295,1.0064805963438304e-05,-0.0004428230658742304,1.8851080802100948e-05,0.9999998656958619,6.586858576845517e-06,0.0004431725577609591,0.0002686316356408724,0.9999999347456898,0.0,0.0,-0.0002006002388193766,0.9999999722814013,0.00011870821138158731,-0.00016965340408284119,-0.00011208603682805395,0.0,0.0,0.9999998907005679,5.495799383285414e-05,0.0004485441308537618,0.00011994429430486256,0.9999999835920719,0.0,0.0,-0.00015715248810236216,0.9999983902024585,-4.185735551874626e-05,0.0017938150403046455,-8.249505337295213e-06,0.0,0.0,1.0,0.0,0.0,0.0,1.0,0.0,0.0,0.0,1.0,0.0,0.0,0.0,0.0,0.0,0.0,1.0,0.0,0.0,0.0,1.0,0.0,0.0,0.0,0.0,0.0,0.0
0.0,0.0,0.0,0.9999999017255295,1.0064805963438304e-05,-0.0004428230658742304,1.8851080802100948e-05,0.9999998656958619,6.586858576845517e-06,0.0004431725577609591,0.0002686316356408724,0.9999999347456898,0.0,0.0,-0.0002006002388193766,0.9999999722814013,0.00011870821138158731,-0.00016965340408284119,-0.00011208603682805395,0.0,0.0,0.9999998907005679,5.495799383285414e-05,0.0004485441308537618,0.00011994429430486256,0.9999999835920719,0.0,0.0,-0.00015715248810236216,0.9999983902024585,-4.185735551874626e-05,0.0017938150403046455,-8.249505337295213e-06,0.0,0.0,1.0,0.0,0.0,0.0,1.0,0.0,0.0,0.0,1.0,0.0,0.0,0.0,0.0,0.0,0.0,1.0,0.0,0.0,0.0,1.0,0.0,0.0,0.0,0.0,0.0,0.0
0.0,0.0,0.0,0.9999999017255295,1.0064805963438304e-05,-0.0004428230658742304,1.8851080802100948e-05,0.9999998656958619,6.586858576845517e-06,0.0004431725577609591,0.0002686316356408724,0.9999999323359511,0.0,0.0,-0.00021162475156899583,0.999999973955245,0.00011508671868798414,-0.00016495642924383328,-0.00010786071116559436,0.0,0.0,0.9999998907005679,5.495799383285414e-05,0.0004485441308537618,0.00011994429430486256,0.9999999835920719,0.0,0.0,-0.00015715248810236216,0.9999983902024585,-4.185735551874626e-05,0.0017938150403046455,-8.249505337295213e-06,0.0,0.0,1.0,0.0,0.0,0.0,1.0,0.0,0.0,0.0,1.0,0.0,0.0,0.0,0.0,0.0,0.0,1.0,0.0,0.0,0.0,1.0,0.0,0.0,0.0,0.0,0.0,0.0
0.0,0.0,0.0,0.9999999017255295,1.0064805963438304e-05,-0.0004428230658742304,1.8851080802100948e-05,0.9999998656958619,6.586858576845517e-06,0.0004431725577609591,0.0002686316356408724,0.9999999323359511,0.0,0.0,-0.00021162475156899583,0.999999973955245,0.00011508671868798414,-0.00016495642924383328,-0.00010786071116559436,0.0,0.0,0.9999998907005679,5.495799383285414e-05,0.0004485441308537618,0.00011994429430486256,0.9999999835920719,0.0,0.0,-0.00015715248810236216,0.9999983902024585,-4.185735551874626e-05,0.0017938150403046455,-8.249505337295213e-06,0.0,0.0,1.0,0.0,0.0,0.0,1.0,0.0,0.0,0.0,1.0,0.0,0.0,0.0,0.0,0.0,0.0,1.0,0.0,0.0,0.0,1.0,0.0,0.0,0.0,0.0,0.0,0.0
0.0,0.0,0.0,0.9999999017255295,1.0064805963438304e-05,-0.0004428230658742304,1.8851080802100948e-05,0.9999998669154289,9.942251211744866e-06,0.0004413099148013378,0.00026705024833991337,0.9999999280569336,0.0,0.0,-0.0002318353700003221,0.9999999764387847,0.00011574176028676082,-0.0001622282157892266,-8.607137176732353e-05,0.0,0.0,0.9999998918682824,5.977559051166627e-05,0.00044414891643195534,0.0001241855156808092,0.999999982866139,0.0,0.0,-0.00016139552450157287,0.9999983902024585,-4.185735551874626e-05,0.0017938150403046455,-8.249505337295213e-06,0.0,0.0,1.0,0.0,0.0,0.0,1.0,0.0,0.0,0.0,1.0,0.0,0.0,0.0,0.0,0.0,0.0,1.0,0.0,0.0,0.0,1.0,0.0,0.0,0.0,0.0,0.0,0.0
0.0,0.0,0.0,0.9999999017255295,1.0064805963438304e-05,-0.0004428230658742304,1.8851080802100948e-05,0.9999998669154289,9.942251211744866e-06,0.0004413099148013378,0.00026705024833991337,0.9999999280569336,0.0,0.0,-0.0002318353700003221,0.9999999764387847,0.00011574176028676082,-0.0001622282157892266,-8.607137176732353e-05,0.0,0.0,0.9999998918682824,5.977559051166627e-05,0.00044414891643195534,0.0001241855156808092,0.999999982866139,0.0,0.0,-0.00016139552450157287,0.9999983902024585,-4.185735551874626e-05,0.0017938150403046455,-8.249505337295213e-06,0.0,0.0,1.0,0.0,0.0,0.0,1.0,0.0,0.0,0.0,1.0,0.0,0.0,0.0,0.0,0.0,0.0,1.0,0.0,0.0,0.0,1.0,0.0,0.0,0.0,0.0,0.0,0.0
0.0,0.0,0.0,0.9999999008235417,1.2234098448149222e-05,-0.0004450001477505371,1.3345486303972304e-05,0.9999998715140336,7.796326682479519e-06,0.0004280017495304124,0.000271524650650322,0.9999999235325817,0.0,0.0,-0.0002308041025067238,0.9999999764387847,0.00011574176028676082,-0.0001622282157892266,-8.607137176732353e-05,0.0,0.0,0.9999998903271035,5.760660216227018e-05,0.00044632669279878805,0.00012969095519394425,0.9999999865045431,0.0,0.0,-0.00014447755878811903,0.9999983980514887,-5.074496224766483e-05,0.0017892173347806542,-4.553449502573309e-06,0.0,0.0,1.0,0.0,0.0,0.0,1.0,0.0,0.0,0.0,1.0,0.0,0.0,0.0,0.0,0.0,0.0,1.0,0.0,0.0,0.0,1.0,0.0,0.0,0.0,0.0,0.0,0.0
0.0,0.0,0.0,0.9999999008235417,1.2234098448149222e-05,-0.0004450001477505371,1.3345486303972304e-05,0.9999998715140336,7.796326682479519e-06,0.0004280017495304124,0.000271524650650322,0.9999999235325817,0.0,0.0,-0.0002308041025067238,0.9999999764387847,0.00011574176028676082,-0.0001622282157892266,-8.607137176732353e-05,0.0,0.0,0.9999998903271035,5.760660216227018e-05,0.00044632669279878805,0.00012969095519394425,0.9999999865045431,0.0,0.0,-0.00014447755878811903,0.9999983980514887,-5.074496224766483e-05,0.0017892173347806542,-4.553449502573309e-06,0.0,0.0,1.0,0.0,0.0,0.0,1.0,0.0,0.0,0.0,1.0,0.0,0.0,0.0,0.0,0.0,0.0,1.0,0.0,0.0,0.0,1.0,0.0,0.0,0.0,0.0,0.0,0.0
0.0,0.0,0.0,0.9999998974183213,-2.4830484040170485e-07,-0.0004527923873483398,1.1930596347733826e-05,0.9999998675897734,2.0280973291835275e-05,0.00043579046105680626,0.00027293917226192275,0.9999999235325817,0.0,0.0,-0.0002308041025067238,0.9999999764646862,0.00010181165394101148,-0.00016722069769069102,-9.350001231108373e-05,0.0,0.0,0.9999998857407669,6.764848239116389e-05,0.00045518117780999094,0.0001294304107945278,0.9999999868441719,0.0,0.0,-0.00014280165029718052,0.9999984085107947,-6.794793770280334e-05,0.0017827893437726801,4.594685560871276e-06,0.0,0.0,1.0,0.0,0.0,0.0,1.0,0.0,0.0,0.0,1.0,0.0,0.0,0.0,0.0,0.0,0.0,1.0,0.0,0.0,0.0,1.0,0.0,0.0,0.0,0.0,0.0,0.0
0.0,0.0,0.0,0.9999998974183213,-2.4830484040170485e-07,-0.0004527923873483398,1.1930596347733826e-05,0.9999998675897734,2.0280973291835275e-05,0.00043579046105680626,0.00027293917226192275,0.9999999235325817,0.0,0.0,-0.0002308041025067238,0.9999999764646862,0.00010181165394101148,-0.00016722069769069102,-9.350001231108373e-05,0.0,0.0,0.9999998857407669,6.764848239116389e-05,0.00045518117780999094,0.0001294304107945278,0.9999999868441719,0.0,0.0,-0.00014280165029718052,0.9999984085107947,-6.794793770280334e-05,0.0017827893437726801,4.594685560871276e-06,0.0,0.0,1.0,0.0,0.0,0.0,1.0,0.0,0.0,0.0,1.0,0.0,0.0,0.0,0.0,0.0,0.0,1.0,0.0,0.0,0.0,1.0,0.0,0.0,0.0,0.0,0.0,0.0
0.0,0.0,0.0,0.9999998974183213,-2.4830484040170485e-07,-0.0004527923873483398,1.1930596347733826e-05,0.9999998675897734,2.0280973291835275e-05,0.00043579046105680626,0.00027293917226192275,0.999999925327548,0.0,0.0,-0.00022280981445972883,0.9999999727591113,0.00013095546023775137,-0.00016441465284584053,-0.0001014902254583858,0.0,0.0,0.9999998857407669,6.764848239116389e-05,0.00045518117780999094,0.0001294304107945278,0.9999999868441719,0.0,0.0,-0.00014280165029718052,0.9999984085107947,-6.794793770280334e-05,0.0017827893437726801,4.594685560871276e-06,0.0,0.0,1.0,0.0,0.0,0.0,1.0,0.0,0.0,0.0,1.0,0.0,0.0,0.0,0.0,0.0,0.0,1.0,0.0,0.0,0.0,1.0,0.0,0.0,0.0,0.0,0.0,0.0
0.0,0.0,0.0,0.9999998974183213,-2.4830484040170485e-07,-0.0004527923873483398,1.1930596347733826e-05,0.9999998720172695,2.4993361015684763e-05,0.00042888330339284884,0.0002672075758734483,0.9999999155458595,0.0,0.0,-0.00024537599346005374,0.999999973722612,0.0001349435945995473,-0.00017025726430243323,-7.319471149529735e-05,0.0,0.0,0.9999998859100879,6.655668389788486e-05,0.00045290235652249234,0.00013648983255220762,0.9999999860348735,0.0,0.0,-0.00015302083207098855,0.9999984126531224,-7.542964304219578e-05,0.001780152148803927,7.741548208124313e-06,0.0,0.0,1.0,0.0,0.0,0.0,1.0,0.0,0.0,0.0,1.0,0.0,0.0,0.0,0.0,0.0,0.0,1.0,0.0,0.0,0.0,1.0,0.0,0.0,0.0,0.0,0.0,0.0
0.0,0.0,0.0,0.9999998974183213,-2.4830484040170485e-07,-0.0004527923873483398,1.1930596347733826e-05,0.9999998720172695,2.4993361015684763e-05,0.00042888330339284884,0.0002672075758734483,0.9999999155458595,0.0,0.0,-0.00024537599346005374,0.999999973722612,0.0001349435945995473,-0.00017025726430243323,-7.319471149529735e-05,0.0,0.0,0.9999998859100879,6.655668389788486e-05,0.00045290235652249234,0.00013648983255220762,0.9999999860348735,0.0,0.0,-0.00015302083207098855,0.9999984126531224,-7.542964304219578e-05,0.001780152148803927,7.741548208124313e-06,0.0,0.0,1.0,0.0,0.0,0.0,1.0,0.0,0.0,0.0,1.0,0.0,0.0,0.0,0.0,0.0,0.0,1.0,0.0,0.0,0.0,1.0,0.0,0.0,0.0,0.0,0.0,0.0
0.0,0.0,0.0,0.9999998974183213,-2.4830484040170485e-07,-0.0004527923873483398,1.1930596347733826e-05,0.9999998720172695,2.4993361015684763e-05,0.00042888330339284884,0.0002672075758734483,0.9999999155458595,0.0,0.0,-0.00024537599346005374,0.9999999718745788,0.00014095599001819138,-0.00017162190678326184,-8.323563918341725e-05,0.0,0.0,0.9999998859100879,6.655668389788486e-05,0.00045290235652249234,0.00013648983255220762,0.9999999860348735,0.0,0.0,-0.00015302083207098855,0.9999984094125952,-6.254319810182135e-05,0.0017813540500884477,-6.354821852156267e-05,0.0,0.0,1.0,0.0,0.0,0.0,1.0,0.0,0.0,0.0,1.0,0.0,0.0,0.0,0.0,0.0,0.0,1.0,0.0,0.0,0.0,1.0,0.0,0.0,0.0,0.0,0.0,0.0
0.0,0.0,0.0,0.9999998974183213,-2.4830484040170485e-07,-0.0004527923873483398,1.1930596347733826e-05,0.9999998720172695,2.4993361015684763e-05,0.00042888330339284884,0.0002672075758734483,0.9999999155458595,0.0,0.0,-0.00024537599346005374,0.9999999718745788,0.00014095599001819138,-0.00017162190678326184,-8.323563918341725e-05,0.0,0.0,0.9999998859100879,6.655668389788486e-05,0.00045290235652249234,0.00013648983255220762,0.9999999860348735,0.0,0.0,-0.00015302083207098855,0.9999984094125952,-6.254319810182135e-05,0.0017813540500884477,-6.354821852156267e-05,0.0,0.0,1.0,0.0,0.0,0.0,1.0,0.0,0.0,0.0,1.0,0.0,0.0,0.0,0.0,0.0,0.0,1.0,0.0,0.0,0.0,1.0,0.0,0.0,0.0,0.0,0.0,0.0
0.0,0.0,0.0,0.9999998974701447,-3.908196426866084e-06,-0.00045279370542747175,-4.7208401291475345e-06,0.9999998688607018,2.255843324030138e-05,0.0004243431664693763,0.0002858366196604983,0.9999999138835189,0.0,0.0,-0.00024734897571242464,0.9999999718745788,0.00014095599001819138,-0.00017162190678326184,-8.323563918341725e-05,0.0,0.0,0.9999998832475626,7.02165737900765e-05,0.0004529042342996952,0.00015314126913498484,0.9999999828040005,0.0,0.0,-0.00017702805550671617,0.999998404496551,-8.316369480644211e-05,0.0017839624022947464,-3.957650216042685e-05,0.0,0.0,1.0,0.0,0.0,0.0,1.0,0.0,0.0,0.0,1.0,0.0,0.0,0.0,0.0,0.0,0.0,1.0,0.0,0.0,0.0,1.0,0.0,0.0,0.0,0.0,0.0,0.0
0.0,0.0,0.0,0.9999998974701447,-3.908196426866084e-06,-0.00045279370542747175,-4.7208401291475345e-06,0.9999998688607018,2.255843324030138e-05,0.0004243431664693763,0.0002858366196604983,0.9999999138835189,0.0,0.0,-0.00024734897571242464,0.9999999718745788,0.00014095599001819138,-0.00017162190678326184,-8.323563918341725e-05,0.0,0.0,0.9999998832475626,7.02165737900765e-05,0.0004529042342996952,0.00015314126913498484,0.9999999828040005,0.0,0.0,-0.00017702805550671617,0.999998404496551,-8.316369480644211e-05,0.0017839624022947464,-3.957650216042685e-05,0.0,0.0,1.0,0.0,0.0,0.0,1.0,0.0,0.0,0.0,1.0,0.0,0.0,0.0,0.0,0.0,0.0,1.0,0.0,0.0,0.0,1.0,0.0,0.0,0.0,0.0,0.0,0.0
0.0,0.0,0.0,0.9999998994057109,-4.415233999412591e-06,-0.00044780576155904967,-2.5279906737337794e-05,0.9999998648653183,2.306465349153192e-05,0.00041935546101702864,0.00030639576395435686,0.9999999138835189,0.0,0.0,-0.00024734897571242464,0.9999999718745788,0.00014095599001819138,-0.00017162190678326184,-8.323563918341725e-05,0.0,0.0,0.99999987945908,7.057559642321287e-05,0.0004562695085722067,0.00016708993451909867,0.9999999835394439,0.0,0.0,-0.0001704169329991593,0.999998404496551,-8.316369480644211e-05,0.0017839624022947464,-3.957650216042685e-05,0.0,0.0,1.0,0.0,0.0,0.0,1.0,0.0,0.0,0.0,1.0,0.0,0.0,0.0,0.0,0.0,0.0,1.0,0.0,0.0,0.0,1.0,0.0,0.0,0.0,0.0,0.0,0.0
0.0,0.0,0.0,0.9999998994057109,-4.415233999412591e-06,-0.00044780576155904967,-2.5279906737337794e-05,0.9999998648653183,2.306465349153192e-05,0.00041935546101702864,0.00030639576395435686,0.9999999138835189,0.0,0.0,-0.00024734897571242464,0.9999999718745788,0.00014095599001819138,-0.00017162190678326184,-8.323563918341725e-05,0.0,0.0,0.99999987945908,7.057559642321287e-05,0.0004562695085722067,0.00016708993451909867,0.9999999835394439,0.0,0.0,-0.0001704169329991593,0.999998404496551,-8.316369480644211e-05,0.0017839624022947464,-3.957650216042685e-05,0.0,0.0,1.0,0.0,0.0,0.0,1.0,0.0,0.0,0.0,1.0,0.0,0.0,0.0,0.0,0.0,0.0,1.0,0.0,0.0,0.0,1.0,0.0,0.0,0.0,0.0,0.0,0.0
0.0,0.0,0.0,0.9999998994057109,-4.415233999412591e-06,-0.00044780576155904967,-2.5279906737337794e-05,0.9999998648653183,2.306465349153192e-05,0.00041935546101702864,0.00030639576395435686,0.9999999138835189,0.0,0.0,-0.00024734897571242464,0.9999999693049494,0.00015950770784883676,-0.00017122750704580406,-8.141579854452906e-05,0.0,0.0,0.9999998766908446,7.869000475384995e-05,0.0004569722122595448,0.0001777711338695228,0.9999999813410155,0.0,0.0,-0.0001811013664004073,0.9999984189387393,-8.025106180928594e-05,0.0017761924301803957,-2.8639827166336468e-05,0.0,0.0,1.0,0.0,0.0,0.0,1.0,0.0,0.0,0.0,1.0,0.0,0.0,0.0,0.0,0.0,0.0,1.0,0.0,0.0,0.0,1.0,0.0,0.0,0.0,0.0,0.0,0.0
0.0,0.0,0.0,0.9999998994057109,-4.415233999412591e-06,-0.00044780576155904967,-2.5279906737337794e-05,0.9999998648653183,2.306465349153192e-05,0.00041935546101702864,0.00030639576395435686,0.9999999138835189,0.0,0.0,-0.00024734897571242464,0.9999999693049494,0.00015950770784883676,-0.00017122750704580406,-8.141579854452906e-05,0.0,0.0,0.9999998766908446,7.869000475384995e-05,0.0004569722122595448,0.0001777711338695228,0.9999999813410155,0.0,0.0,-0.0001811013664004073,0.9999984189387393,-8.025106180928594e-05,0.0017761924301803957,-2.8639827166336468e-05,0.0,0.0,1.0,0.0,0.0,0.0,1.0,0.0,0.0,0.0,1.0,0.0,0.0,0.0,0.0,0.0,0.0,1.0,0.0,0.0,0.0,1.0,0.0,0.0,0.0,0.0,0.0,0.0
0.0,0.0,0.0,0.9999998994057109,-4.415233999412591e-06,-0.00044780576155904967,-2.5279906737337794e-05,0.9999998619662809,3.143182484290868e-05,0.0004261133663003364,0.0003057889119287493,0.9999999186444992,0.0,0.0,-0.00023732471410866447,0.9999999750366572,0.00013775162441526353,-0.00017482756778957194,-1.9659512888953235e-05,0.0,0.0,0.9999998766908446,7.869000475384995e-05,0.0004569722122595448,0.0001777711338695228,0.9999999820702928,0.0,0.0,-0.0001802101432380237,0.9999984351417385,-8.310077177860529e-05,0.0017671356442245795,6.320661284965373e-06,0.0,0.0,1.0,0.0,0.0,0.0,1.0,0.0,0.0,0.0,1.0,0.0,0.0,0.0,0.0,0.0,0.0,1.0,0.0,0.0,0.0,1.0,0.0,0.0,0.0,0.0,0.0,0.0
0.0,0.0,0.0,0.9999998994057109,-4.415233999412591e-06,-0.00044780576155904967,-2.5279906737337794e-05,0.9999998619662809,3.143182484290868e-05,0.0004261133663003364,0.0003057889119287493,0.9999999186444992,0.0,0.0,-0.00023732471410866447,0.9999999750366572,0.00013775162441526353,-0.00017482756778957194,-1.9659512888953235e-05,0.0,0.0,0.9999998766908446,7.869000475384995e-05,0.0004569722122595448,0.0001777711338695228,0.9999999820702928,0.0,0.0,-0.0001802101432380237,0.9999984351417385,-8.310077177860529e-05,0.0017671356442245795,6.320661284965373e-06,0.0,0.0,1.0,0.0,0.0,0.0,1.0,0.0,0.0,0.0,1.0,0.0,0.0,0.0,0.0,0.0,0.0,1.0,0.0,0.0,0.0,1.0,0.0,0.0,0.0,0.0,0.0,0.0
0.0,0.0,0.0,0.99999989798664,1.1437297643007299e-06,-0.00045141826473141694,-1.5714696720562762e-05,0.9999998417525424,2.451547783789161e-05,0.00046477510175222113,0.0003160347862947925,0.9999999266601242,0.0,0.0,-0.00024449369562265115,0.9999999751009139,0.00012823125147966497,-0.00017975398399998734,-3.2302059367424507e-05,0.0,0.0,0.9999998771101049,7.31316796276231e-05,0.0004605848534418284,0.00016820560475300965,0.9999999840255107,0.0,0.0,-0.00017414216271135731,0.9999984382922805,-0.00010702306595253444,0.0017640745502573885,2.1091605972430874e-07,0.0,0.0,1.0,0.0,0.0,0.0,1.0,0.0,0.0,0.0,1.0,0.0,0.0,0.0,0.0,0.0,0.0,1.0,0.0,0.0,0.0,1.0,0.0,0.0,0.0,0.0,0.0,0.0
0.0,0.0,0.0,0.99999989798664,1.1437297643007299e-06,-0.00045141826473141694,-1.5714696720562762e-05,0.9999998417525424,2.451547783789161e-05,0.00046477510175222113,0.0003160347862947925,0.9999999266601242,0.0,0.0,-0.00024449369562265115,0.9999999751009139,0.00012823125147966497,-0.00017975398399998734,-3.2302059367424507e-05,0.0,0.0,0.9999998771101049,7.31316796276231e-05,0.0004605848534418284,0.00016820560475300965,0.9999999840255107,0.0,0.0,-0.00017414216271135731,0.9999984382922805,-0.00010702306595253444,0.0017640745502573885,2.1091605972430874e-07,0.0,0.0,1.0,0.0,0.0,0.0,1.0,0.0,0.0,0.0,1.0,0.0,0.0,0.0,0.0,0.0,0.0,1.0,0.0,0.0,0.0,1.0,0.0,0.0,0.0,0.0,0.0,0.0
0.0,0.0,0.0,0.9999998969938088,3.132284270451277e-05,-0.00045263546487764566,-1.234452168982918e-05,0.9999998425259116,-5.663223177893454e-06,0.0004660012795529951,0.00031266417697596154,0.9999999266601242,0.0,0.0,-0.00024449369562265115,0.9999999751009139,0.00012823125147966497,-0.00017975398399998734,-3.2302059367424507e-05,0.0,0.0,0.9999998788596444,4.295278359041263e-05,0.0004618064065238767,0.00016483506269576736,0.9999999840255107,0.0,0.0,-0.00017414216271135731,0.9999984382922805,-0.00010702306595253444,0.0017640745502573885,2.1091605972430874e-07,0.0,0.0,1.0,0.0,0.0,0.0,1.0,0.0,0.0,0.0,1.0,0.0,0.0,0.0,0.0,0.0,0.0,1.0,0.0,0.0,0.0,1.0,0.0,0.0,0.0,0.0,0.0,0.0
0.0,0.0,0.0,0.9999998969938088,3.132284270451277e-05,-0.00045263546487764566,-1.234452168982918e-05,0.9999998425259116,-5.663223177893454e-06,0.0004660012795529951,0.00031266417697596154,0.9999999266601242,0.0,0.0,-0.00024449369562265115,0.9999999751009139,0.00012823125147966497,-0.00017975398399998734,-3.2302059367424507e-05,0.0,0.0,0.9999998788596444,4.295278359041263e-05,0.0004618064065238767,0.00016483506269576736,0.9999999840255107,0.0,0.0,-0.00017414216271135731,0.9999984382922805,-0.00010702306595253444,0.0017640745502573885,2.1091605972430874e-07,0.0,0.0,1.0,0.0,0.0,0.0,1.0,0.0,0.0,0.0,1.0,0.0,0.0,0.0,0.0,0.0,0.0,1.0,0.0,0.0,0.0,1.0,0.0,0.0,0.0,0.0,0.0,0.0
0.0,0.0,0.0,0.9999998969938088,3.132284270451277e-05,-0.00045263546487764566,-1.234452168982918e-05,0.9999998431506478,-5.08609605730569e-07,0.00046146020269819467,0.00031741597675325877,0.9999999243391593,0.0,0.0,-0.00024848738708289106,0.999999976898933,0.00010761649348625167,-0.00018453017679360005,-2.3862888389321505e-05,0.0,0.0,0.9999998750619232,5.055095891058895e-05,0.00046714546628979803,0.00017057506169820022,0.9999999826264285,0.0,0.0,-0.00017988528364791707,0.9999984443133737,-0.00011480893845983402,0.0017601179450537755,1.3212099528947999e-05,0.0,0.0,1.0,0.0,0.0,0.0,1.0,0.0,0.0,0.0,1.0,0.0,0.0,0.0,0.0,0.0,0.0,1.0,0.0,0.0,0.0,1.0,0.0,0.0,0.0,0.0,0.0,0.0
0.0,0.0,0.0,0.9999998969938088,3.132284270451277e-05,-0.00045263546487764566,-1.234452168982918e-05,0.9999998431506478,-5.08609605730569e-07,0.00046146020269819467,0.00031741597675325877,0.9999999243391593,0.0,0.0,-0.00024848738708289106,0.999999976898933,0.00010761649348625167,-0.00018453017679360005,-2.3862888389321505e-05,0.0,0.0,0.9999998750619232,5.055095891058895e-05,0.00046714546628979803,0.00017057506169820022,0.9999999826264285,0.0,0.0,-0.00017988528364791707,0.9999984443133737,-0.00011480893845983402,0.0017601179450537755,1.3212099528947999e-05,0.0,0.0,1.0,0.0,0.0,0.0,1.0,0.0,0.0,0.0,1.0,0.0,0.0,0.0,0.0,0.0,0.0,1.0,0.0,0.0,0.0,1.0,0.0,0.0,0.0,0.0,0.0,0.0
0.0,0.0,0.0,0.9999998969938088,3.132284270451277e-05,-0.00045263546487764566,-1.234452168982918e-05,0.9999998431506478,-5.08609605730569e-07,0.00046146020269819467,0.00031741597675325877,0.9999999243391593,0.0,0.0,-0.00024848738708289106,0.9999999711645068,0.00013906237012102732,-0.00017862597758342775,-8.015861127207715e-05,0.0,0.0,0.99999987813318,5.8396783354612915e-05,0.00046413339142816845,0.00015780885782425814,0.9999999847854089,0.0,0.0,-0.0001644933504402842,0.9999984262092467,-0.00011681745419151523,0.0017702600809610747,1.0581011815712804e-05,0.0,0.0,1.0,0.0,0.0,0.0,1.0,0.0,0.0,0.0,1.0,0.0,0.0,0.0,0.0,0.0,0.0,1.0,0.0,0.0,0.0,1.0,0.0,0.0,0.0,0.0,0.0,0.0
0.0,0.0,0.0,0.9999998969938088,3.132284270451277e-05,-0.00045263546487764566,-1.234452168982918e-05,0.9999998431506478,-5.08609605730569e-07,0.00046146020269819467,0.00031741597675325877,0.9999999243391593,0.0,0.0,-0.00024848738708289106,0.9999999711645068,0.00013906237012102732,-0.00017862597758342775,-8.015861127207715e-05,0.0,0.0,0.99999987813318,5.8396783354612915e-05,0.00046413339142816845,0.00015780885782425814,0.9999999847854089,0.0,0.0,-0.0001644933504402842,0.9999984262092467,-0.00011681745419151523,0.0017702600809610747,1.0581011815712804e-05,0.0,0.0,1.0,0.0,0.0,0.0,1.0,0.0,0.0,0.0,1.0,0.0,0.0,0.0,0.0,0.0,0.0,1.0,0.0,0.0,0.0,1.0,0.0,0.0,0.0,0.0,0.0,0.0
0.0,0.0,0.0,0.9999998987745224,1.5935459086554612e-05,-0.00044901087104570964,-2.42124729765002e-05,0.9999998382941225,9.902009676324174e-06,0.0004573842294469065,0.0003378066687361716,0.9999999244756609,0.0,0.0,-0.00024952184275382555,0.9999999687970762,0.00015562177754583956,-0.00017466169449940346,-8.7641322960018e-05,0.0,0.0,0.9999998768491595,7.378350311918936e-05,0.000460507622732435,0.0001696773109909171,0.999999985033312,0.0,0.0,-0.00015981838132982646,0.9999984199457483,-0.00010861484889654961,0.0017743375568694145,5.92078118079216e-06,0.0,0.0,1.0,0.0,0.0,0.0,1.0,0.0,0.0,0.0,1.0,0.0,0.0,0.0,0.0,0.0,0.0,1.0,0.0,0.0,0.0,1.0,0.0,0.0,0.0,0.0,0.0,0.0
0.0,0.0,0.0,0.9999998987745224,1.5935459086554612e-05,-0.00044901087104570964,-2.42124729765002e-05,0.9999998382941225,9.902009676324174e-06,0.0004573842294469065,0.0003378066687361716,0.9999999244756609,0.0,0.0,-0.00024952184275382555,0.9999999687970762,0.00015562177754583956,-0.00017466169449940346,-8.7641322960018e-05,0.0,0.0,0.9999998768491595,7.378350311918936e-05,0.000460507622732435,0.0001696773109909171,0.999999985033312,0.0,0.0,-0.00015981838132982646,0.9999984199457483,-0.00010861484889654961,0.0017743375568694145,5.92078118079216e-06,0.0,0.0,1.0,0.0,0.0,0.0,1.0,0.0,0.0,0.0,1.0,0.0,0.0,0.0,0.0,0.0,0.0,1.0,0.0,0.0,0.0,1.0,0.0,0.0,0.0,0.0,0.0,0.0
0.0,0.0,0.0,0.9999998941643908,1.322920803219838e-05,-0.0004596297329244974,-1.5385175477381983e-05,0.9999998362938858,1.2611664480610231e-05,0.0004680020152309322,0.0003289791200024385,0.9999999244756609,0.0,0.0,-0.00024952184275382555,0.9999999687970762,0.00015562177754583956,-0.00017466169449940346,-8.7641322960018e-05,0.0,0.0,0.9999998718041031,8.012686021727915e-05,0.0004787593755806394,0.00014408651538873695,0.9999999869910133,0.0,0.0,-0.00014305706752604097,0.9999984160985933,-0.00012034671701868058,0.0017757450320773514,-6.82299135507456e-06,0.0,0.0,1.0,0.0,0.0,0.0,1.0,0.0,0.0,0.0,1.0,0.0,0.0,0.0,0.0,0.0,0.0,1.0,0.0,0.0,0.0,1.0,0.0,0.0,0.0,0.0,0.0,0.0
0.0,0.0,0.0,0.9999998941643908,1.322920803219838e-05,-0.0004596297329244974,-1.5385175477381983e-05,0.9999998362938858,1.2611664480610231e-05,0.0004680020152309322,0.0003289791200024385,0.9999999244756609,0.0,0.0,-0.00024952184275382555,0.9999999687970762,0.00015562177754583956,-0.00017466169449940346,-8.7641322960018e-05,0.0,0.0,0.9999998718041031,8.012686021727915e-05,0.0004787593755806394,0.00014408651538873695,0.9999999869910133,0.0,0.0,-0.00014305706752604097,0.9999984160985933,-0.00012034671701868058,0.0017757450320773514,-6.82299135507456e-06,0.0,0.0,1.0,0.0,0.0,0.0,1.0,0.0,0.0,0.0,1.0,0.0,0.0,0.0,0.0,0.0,0.0,1.0,0.0,0.0,0.0,1.0,0.0,0.0,0.0,0.0,0.0,0.0
0.0,0.0,0.0,0.9999998941643908,1.322920803219838e-05,-0.0004596297329244974,-1.5385175477381983e-05,0.9999998362938858,1.2611664480610231e-05,0.0004680020152309322,0.0003289791200024385,0.9999999244756609,0.0,0.0,-0.00024952184275382555,0.9999999704786289,0.00014773044429203518,-0.00017688112775589602,-7.701638641994716e-05,0.0,0.0,0.9999998717992546,7.023416508161815e-05,0.00048579336583233105,0.00012439229134894906,0.9999999895750175,0.0,0.0,-0.00012335844964894816,0.9999984160985933,-0.00012034671701868058,0.0017757450320773514,-6.82299135507456e-06,0.0,0.0,1.0,0.0,0.0,0.0,1.0,0.0,0.0,0.0,1.0,0.0,0.0,0.0,0.0,0.0,0.0,1.0,0.0,0.0,0.0,1.0,0.0,0.0,0.0,0.0,0.0,0.0
0.0,0.0,0.0,0.9999998941643908,1.322920803219838e-05,-0.0004596297329244974,-1.5385175477381983e-05,0.9999998362938858,1.2611664480610231e-05,0.0004680020152309322,0.0003289791200024385,0.9999999244756609,0.0,0.0,-0.00024952184275382555,0.9999999704786289,0.00014773044429203518,-0.00017688112775589602,-7.701638641994716e-05,0.0,0.0,0.9999998717992546,7.023416508161815e-05,0.00048579336583233105,0.00012439229134894906,0.9999999895750175,0.0,0.0,-0.00012335844964894816,0.9999984160985933,-0.00012034671701868058,0.0017757450320773514,-6.82299135507456e-06,0.0,0.0,1.0,0.0,0.0,0.0,1.0,0.0,0.0,0.0,1.0,0.0,0.0,0.0,0.0,0.0,0.0,1.0,0.0,0.0,0.0,1.0,0.0,0.0,0.0,0.0,0.0,0.0
0.0,0.0,0.0,0.9999998941643908,1.322920803219838e-05,-0.0004596297329244974,-1.5385175477381983e-05,0.9999998400690536,1.0894500511079222e-05,0.00046116688851597737,0.0003272128941844787,0.9999999224008428,0.0,0.0,-0.00024880563967959705,0.9999999760008823,0.00012649692822628097,-0.0001768170711607049,-2.70644669802407e-05,0.0,0.0,0.9999998717992546,7.023416508161815e-05,0.00048579336583233105,0.00012439229134894906,0.9999999902939275,0.0,0.0,-0.00011995015251685977,0.9999984323994049,-0.00011072034789916013,0.0017669611598095903,-2.8071289479113026e-05,0.0,0.0,1.0,0.0,0.0,0.0,1.0,0.0,0.0,0.0,1.0,0.0,0.0,0.0,0.0,0.0,0.0,1.0,0.0,0.0,0.0,1.0,0.0,0.0,0.0,0.0,0.0,0.0
0.0,0.0,0.0,0.9999998941643908,1.322920803219838e-05,-0.0004596297329244974,-1.5385175477381983e-05,0.9999998400690536,1.0894500511079222e-05,0.00046116688851597737,0.0003272128941844787,0.9999999224008428,0.0,0.0,-0.00024880563967959705,0.9999999760008823,0.00012649692822628097,-0.0001768170711607049,-2.70644669802407e-05,0.0,0.0,0.9999998717992546,7.023416508161815e-05,0.00048579336583233105,0.00012439229134894906,0.9999999902939275,0.0,0.0,-0.00011995015251685977,0.9999984323994049,-0.00011072034789916013,0.0017669611598095903,-2.8071289479113026e-05,0.0,0.0,1.0,0.0,0.0,0.0,1.0,0.0,0.0,0.0,1.0,0.0,0.0,0.0,0.0,0.0,0.0,1.0,0.0,0.0,0.0,1.0,0.0,0.0,0.0,0.0,0.0,0.0
0.0,0.0,0.0,0.9999998949085718,1.0436114499915518e-05,-0.0004569042305467317,-3.622785059041963e-05,0.999999844315096,3.2560058355037016e-05,0.0004522406490676437,0.0003252507059744706,0.9999999323867806,0.0,0.0,-0.00021304651553840886,0.9999999795477615,0.00011146554365406608,-0.00016394234767981797,-4.003517911871009e-05,0.0,0.0,0.9999998701089483,7.302641618063783e-05,0.00048306929748938803,0.000145235266753593,0.9999999902939275,0.0,0.0,-0.00011995015251685977,0.9999984323994049,-0.00011072034789916013,0.0017669611598095903,-2.8071289479113026e-05,0.0,0.0,1.0,0.0,0.0,0.0,1.0,0.0,0.0,0.0,1.0,0.0,0.0,0.0,0.0,0.0,0.0,1.0,0.0,0.0,0.0,1.0,0.0,0.0,0.0,0.0,0.0,0.0
0.0,0.0,0.0,0.9999998949085718,1.0436114499915518e-05,-0.0004569042305467317,-3.622785059041963e-05,0.999999844315096,3.2560058355037016e-05,0.0004522406490676437,0.0003252507059744706,0.9999999323867806,0.0,0.0,-0.00021304651553840886,0.9999999795477615,0.00011146554365406608,-0.00016394234767981797,-4.003517911871009e-05,0.0,0.0,0.9999998701089483,7.302641618063783e-05,0.00048306929748938803,0.000145235266753593,0.9999999902939275,0.0,0.0,-0.00011995015251685977,0.9999984323994049,-0.00011072034789916013,0.0017669611598095903,-2.8071289479113026e-05,0.0,0.0,1.0,0.0,0.0,0.0,1.0,0.0,0.0,0.0,1.0,0.0,0.0,0.0,0.0,0.0,0.0,1.0,0.0,0.0,0.0,1.0,0.0,0.0,0.0,0.0,0.0,0.0
0.0,0.0,0.0,0.9999998949085718,1.0436114499915518e-05,-0.0004569042305467317,-3.622785059041963e-05,0.999999844315096,3.2560058355037016e-05,0.0004522406490676437,0.0003252507059744706,0.9999999323867806,0.0,0.0,-0.00021304651553840886,0.9999999795477615,0.00011146554365406608,-0.00016394234767981797,-4.003517911871009e-05,0.0,0.0,0.99999986752992,6.413639649194547e-05,0.0004879675276822252,0.00015071283033238944,0.9999999885965931,0.0,0.0,-0.00013256998904603693,0.999998427341723,-9.563270254247231e-05,0.0017704378369044046,-4.145277665642308e-05,0.0,0.0,1.0,0.0,0.0,0.0,1.0,0.0,0.0,0.0,1.0,0.0,0.0,0.0,0.0,0.0,0.0,1.0,0.0,0.0,0.0,1.0,0.0,0.0,0.0,0.0,0.0,0.0
0.0,0.0,0.0,0.9999998949085718,1.0436114499915518e-05,-0.0004569042305467317,-3.622785059041963e-05,0.999999844315096,3.2560058355037016e-05,0.0004522406490676437,0.0003252507059744706,0.9999999323867806,0.0,0.0,-0.00021304651553840886,0.9999999795477615,0.00011146554365406608,-0.00016394234767981797,-4.003517911871009e-05,0.0,0.0,0.99999986752992,6.413639649194547e-05,0.0004879675276822252,0.00015071283033238944,0.9999999885965931,0.0,0.0,-0.00013256998904603693,0.999998427341723,-9.563270254247231e-05,0.0017704378369044046,-4.145277665642308e-05,0.0,0.0,1.0,0.0,0.0,0.0,1.0,0.0,0.0,0.0,1.0,0.0,0.0,0.0,0.0,0.0,0.0,1.0,0.0,0.0,0.0,1.0,0.0,0.0,0.0,0.0,0.0,0.0
0.0,0.0,0.0,0.9999998905040716,2.2535870034113164e-05,-0.0004665759440565193,-2.8122370313189014e-05,0.9999998428172158,2.0463060846792818e-05,0.0004619155120948032,0.0003171448666857516,0.9999999323867806,0.0,0.0,-0.00021304651553840886,0.9999999806888762,0.00010662931782229912,-0.0001596700532791636,-4.192743868189312e-05,0.0,0.0,0.9999998646549464,5.203800009822316e-05,0.0004976400225855093,0.0001426062530702038,0.9999999885965931,0.0,0.0,-0.00013256998904603693,0.999998427341723,-9.563270254247231e-05,0.0017704378369044046,-4.145277665642308e-05,0.0,0.0,1.0,0.0,0.0,0.0,1.0,0.0,0.0,0.0,1.0,0.0,0.0,0.0,0.0,0.0,0.0,1.0,0.0,0.0,0.0,1.0,0.0,0.0,0.0,0.0,0.0,0.0
0.0,0.0,0.0,0.9999998905040716,2.2535870034113164e-05,-0.0004665759440565193,-2.8122370313189014e-05,0.9999998428172158,2.0463060846792818e-05,0.0004619155120948032,0.0003171448666857516,0.9999999323867806,0.0,0.0,-0.00021304651553840886,0.9999999806888762,0.00010662931782229912,-0.0001596700532791636,-4.192743868189312e-05,0.0,0.0,0.9999998646549464,5.203800009822316e-05,0.0004976400225855093,0.0001426062530702038,0.9999999885965931,0.0,0.0,-0.00013256998904603693,0.999998427341723,-9.563270254247231e-05,0.0017704378369044046,-4.145277665642308e-05,0.0,0.0,1.0,0.0,0.0,0.0,1.0,0.0,0.0,0.0,1.0,0.0,0.0,0.0,0.0,0.0,0.0,1.0,0.0,0.0,0.0,1.0,0.0,0.0,0.0,0.0,0.0,0.0
0.0,0.0,0.0,0.9999998905040716,2.2535870034113164e-05,-0.0004665759440565193,-2.8122370313189014e-05,0.9999998423593471,1.847125934853452e-05,0.0004616460392991481,0.0003190972075472365,0.9999999320197414,0.0,0.0,-0.00021499734117185886,0.9999999806888762,0.00010662931782229912,-0.0001596700532791636,-4.192743868189312e-05,0.0,0.0,0.9999998679728287,4.595477249657097e-05,0.0004869393231194225,0.00015758356398060146,0.9999999871880116,0.0,0.0,-0.00014754528352925697,0.999998427341723,-9.563270254247231e-05,0.0017704378369044046,-4.145277665642308e-05,0.0,0.0,1.0,0.0,0.0,0.0,1.0,0.0,0.0,0.0,1.0,0.0,0.0,0.0,0.0,0.0,0.0,1.0,0.0,0.0,0.0,1.0,0.0,0.0,0.0,0.0,0.0,0.0
0.0,0.0,0.0,0.9999998905040716,2.2535870034113164e-05,-0.0004665759440565193,-2.8122370313189014e-05,0.9999998423593471,1.847125934853452e-05,0.0004616460392991481,0.0003190972075472365,0.9999999320197414,0.0,0.0,-0.00021499734117185886,0.9999999806888762,0.00010662931782229912,-0.0001596700532791636,-4.192743868189312e-05,0.0,0.0,0.9999998679728287,4.595477249657097e-05,0.0004869393231194225,0.00015758356398060146,0.9999999871880116,0.0,0.0,-0.00014754528352925697,0.999998427341723,-9.563270254247231e-05,0.0017704378369044046,-4.145277665642308e-05,0.0,0.0,1.0,0.0,0.0,0.0,1.0,0.0,0.0,0.0,1.0,0.0,0.0,0.0,0.0,0.0,0.0,1.0,0.0,0.0,0.0,1.0,0.0,0.0,0.0,0.0,0.0,0.0
0.0,0.0,0.0,0.9999998905040716,2.2535870034113164e-05,-0.0004665759440565193,-2.8122370313189014e-05,0.9999998423593471,1.847125934853452e-05,0.0004616460392991481,0.0003190972075472365,0.9999999320197414,0.0,0.0,-0.00021499734117185886,0.9999999806888762,0.00010662931782229912,-0.0001596700532791636,-4.192743868189312e-05,0.0,0.0,0.9999998679728287,4.595477249657097e-05,0.0004869393231194225,0.00015758356398060146,0.9999999893472236,0.0,0.0,-0.00012966118508275594,0.9999984114402884,-0.00010282046171757526,0.0017789398400742673,-4.379380720055096e-05,0.0,0.0,1.0,0.0,0.0,0.0,1.0,0.0,0.0,0.0,1.0,0.0,0.0,0.0,0.0,0.0,0.0,1.0,0.0,0.0,0.0,1.0,0.0,0.0,0.0,0.0,0.0,0.0
0.0,0.0,0.0,0.9999998905040716,2.2535870034113164e-05,-0.0004665759440565193,-2.8122370313189014e-05,0.9999998423593471,1.847125934853452e-05,0.0004616460392991481,0.0003190972075472365,0.9999999320197414,0.0,0.0,-0.00021499734117185886,0.9999999806888762,0.00010662931782229912,-0.0001596700532791636,-4.192743868189312e-05,0.0,0.0,0.9999998679728287,4.595477249657097e-05,0.0004869393231194225,0.00015758356398060146,0.9999999893472236,0.0,0.0,-0.00012966118508275594,0.9999984114402884,-0.00010282046171757526,0.0017789398400742673,-4.379380720055096e-05,0.0,0.0,1.0,0.0,0.0,0.0,1.0,0.0,0.0,0.0,1.0,0.0,0.0,0.0,0.0,0.0,0.0,1.0,0.0,0.0,0.0,1.0,0.0,0.0,0.0,0.0,0.0,0.0
0.0,0.0,0.0,0.9999998905040716,2.2535870034113164e-05,-0.0004665759440565193,-2.8122370313189014e-05,0.9999998423593471,1.847125934853452e-05,0.0004616460392991481,0.0003190972075472365,0.9999999320197414,0.0,0.0,-0.00021499734117185886,0.9999999808216602,9.93142191487509e-05,-0.0001524893426559248,-7.239036933881073e-05,0.0,0.0,0.9999998679728287,4.595477249657097e-05,0.0004869393231194225,0.00015758356398060146,0.9999999893472236,0.0,0.0,-0.00012966118508275594,0.9999984171210561,-9.017698786934291e-05,0.0017768443874262316,-2.115457139282661e-05,0.0,0.0,1.0,0.0,0.0,0.0,1.0,0.0,0.0,0.0,1.0,0.0,0.0,0.0,0.0,0.0,0.0,1.0,0.0,0.0,0.0,1.0,0.0,0.0,0.0,0.0,0.0,0.0
0.0,0.0,0.0,0.999999892237991,2.406763101695369e-05,-0.0004621132694777049,-3.736417582347325e-05,0.9999998354178571,1.4509509236837427e-05,0.000463488743279426,0.0003378341571907548,0.9999999341115139,0.0,0.0,-0.00022450946821009926,0.9999999826858378,8.843417424819842e-05,-0.0001468666759434188,-7.237333981649369e-05,0.0,0.0,0.9999998687056667,4.4422245611654105e-05,0.00048247747940211353,0.00016682564381436245,0.9999999893472236,0.0,0.0,-0.00012966118508275594,0.9999984171210561,-9.017698786934291e-05,0.0017768443874262316,-2.115457139282661e-05,0.0,0.0,1.0,0.0,0.0,0.0,1.0,0.0,0.0,0.0,1.0,0.0,0.0,0.0,0.0,0.0,0.0,1.0,0.0,0.0,0.0,1.0,0.0,0.0,0.0,0.0,0.0,0.0
0.0,0.0,0.0,0.999999892237991,2.406763101695369e-05,-0.0004621132694777049,-3.736417582347325e-05,0.9999998354178571,1.4509509236837427e-05,0.000463488743279426,0.0003378341571907548,0.9999999341115139,0.0,0.0,-0.00022450946821009926,0.9999999826858378,8.843417424819842e-05,-0.0001468666759434188,-7.237333981649369e-05,0.0,0.0,0.9999998687056667,4.4422245611654105e-05,0.00048247747940211353,0.00016682564381436245,0.9999999893472236,0.0,0.0,-0.00012966118508275594,0.9999984171210561,-9.017698786934291e-05,0.0017768443874262316,-2.115457139282661e-05,0.0,0.0,1.0,0.0,0.0,0.0,1.0,0.0,0.0,0.0,1.0,0.0,0.0,0.0,0.0,0.0,0.0,1.0,0.0,0.0,0.0,1.0,0.0,0.0,0.0,0.0,0.0,0.0
0.0,0.0,0.0,0.9999998973031955,-1.5276130263675712e-06,-0.00045153167550259394,-3.886400504463425e-05,0.9999998390630056,4.0101570610369726e-05,0.0004528995163888645,0.0003393344295882484,0.9999999357458298,0.0,0.0,-0.00021943166355934345,0.9999999823071849,9.259662845698103e-05,-0.00014426671627344037,-7.745068583436346e-05,0.0,0.0,0.9999998707392271,7.86924455726698e-05,0.000476932609825319,0.00015768422188846222,0.9999999884339765,0.0,0.0,-0.0001292580646759821,0.9999984029943467,-9.298286253593742e-05,0.001784725089689785,-1.0922345700187995e-05,0.0,0.0,1.0,0.0,0.0,0.0,1.0,0.0,0.0,0.0,1.0,0.0,0.0,0.0,0.0,0.0,0.0,1.0,0.0,0.0,0.0,1.0,0.0,0.0,0.0,0.0,0.0,0.0
0.0,0.0,0.0,0.9999998973031955,-1.5276130263675712e-06,-0.00045153167550259394,-3.886400504463425e-05,0.9999998390630056,4.0101570610369726e-05,0.0004528995163888645,0.0003393344295882484,0.9999999357458298,0.0,0.0,-0.00021943166355934345,0.9999999823071849,9.259662845698103e-05,-0.00014426671627344037,-7.745068583436346e-05,0.0,0.0,0.9999998707392271,7.86924455726698e-05,0.000476932609825319,0.00015768422188846222,0.9999999884339765,0.0,0.0,-0.0001292580646759821,0.9999984029943467,-9.298286253593742e-05,0.001784725089689785,-1.0922345700187995e-05,0.0,0.0,1.0,0.0,0.0,0.0,1.0,0.0,0.0,0.0,1.0,0.0,0.0,0.0,0.0,0.0,0.0,1.0,0.0,0.0,0.0,1.0,0.0,0.0,0.0,0.0,0.0,0.0
0.0,0.0,0.0,0.9999998973031955,-1.5276130263675712e-06,-0.00045153167550259394,-3.886400504463425e-05,0.9999998417086933,3.192534837649032e-05,0.00044728069688312465,0.00033985782123403086,0.9999999344677465,0.0,0.0,-0.00021994899447477009,0.9999999823071849,9.259662845698103e-05,-0.00014426671627344037,-7.745068583436346e-05,0.0,0.0,0.9999998775335209,7.675741749738398e-05,0.0004622211974737879,0.00015935120572496884,0.9999999909418521,0.0,0.0,-0.00011828512480234956,0.9999984052324604,-0.0001094939368498064,0.0017824104658089885,-2.359120816533685e-05,0.0,0.0,1.0,0.0,0.0,0.0,1.0,0.0,0.0,0.0,1.0,0.0,0.0,0.0,0.0,0.0,0.0,1.0,0.0,0.0,0.0,1.0,0.0,0.0,0.0,0.0,0.0,0.0
0.0,0.0,0.0,0.9999998973031955,-1.5276130263675712e-06,-0.00045153167550259394,-3.886400504463425e-05,0.9999998417086933,3.192534837649032e-05,0.00044728069688312465,0.00033985782123403086,0.9999999344677465,0.0,0.0,-0.00021994899447477009,0.9999999823071849,9.259662845698103e-05,-0.00014426671627344037,-7.745068583436346e-05,0.0,0.0,0.9999998775335209,7.675741749738398e-05,0.0004622211974737879,0.00015935120572496884,0.9999999909418521,0.0,0.0,-0.00011828512480234956,0.9999984052324604,-0.0001094939368498064,0.0017824104658089885,-2.359120816533685e-05,0.0,0.0,1.0,0.0,0.0,0.0,1.0,0.0,0.0,0.0,1.0,0.0,0.0,0.0,0.0,0.0,0.0,1.0,0.0,0.0,0.0,1.0,0.0,0.0,0.0,0.0,0.0,0.0
0.0,0.0,0.0,0.9999998953720037,-2.712661219050905e-07,-0.0004569858147715444,-2.0490806486149525e-05,0.9999998419175817,3.569732503925686e-05,0.0004665517401999963,0.00031180119673714204,0.9999999401281229,0.0,0.0,-0.00021026965495317518,0.9999999766967638,0.00011932260474857798,-0.0001467155258746923,-0.00010413041023092264,0.0,0.0,0.9999998778528476,7.550192415009573e-05,0.00046767410686307314,0.000140977583674495,0.9999999909418521,0.0,0.0,-0.00011828512480234956,0.9999984022533699,-0.00010208418686783905,0.0017843708182037914,-3.301983184841261e-05,0.0,0.0,1.0,0.0,0.0,0.0,1.0,0.0,0.0,0.0,1.0,0.0,0.0,0.0,0.0,0.0,0.0,1.0,0.0,0.0,0.0,1.0,0.0,0.0,0.0,0.0,0.0,0.0
0.0,0.0,0.0,0.9999998953720037,-2.712661219050905e-07,-0.0004569858147715444,-2.0490806486149525e-05,0.9999998419175817,3.569732503925686e-05,0.0004665517401999963,0.00031180119673714204,0.9999999401281229,0.0,0.0,-0.00021026965495317518,0.9999999766967638,0.00011932260474857798,-0.0001467155258746923,-0.00010413041023092264,0.0,0.0,0.9999998778528476,7.550192415009573e-05,0.00046767410686307314,0.000140977583674495,0.9999999909418521,0.0,0.0,-0.00011828512480234956,0.9999984022533699,-0.00010208418686783905,0.0017843708182037914,-3.301983184841261e-05,0.0,0.0,1.0,0.0,0.0,0.0,1.0,0.0,0.0,0.0,1.0,0.0,0.0,0.0,0.0,0.0,0.0,1.0,0.0,0.0,0.0,1.0,0.0,0.0,0.0,0.0,0.0,0.0
0.0,0.0,0.0,0.9999998953720037,-2.712661219050905e-07,-0.0004569858147715444,-2.0490806486149525e-05,0.9999998419175817,3.569732503925686e-05,0.0004665517401999963,0.00031180119673714204,0.9999999401281229,0.0,0.0,-0.00021026965495317518,0.9999999804177754,0.0001129716132032866,-0.00014813948356332657,-6.675744955185577e-05,0.0,0.0,0.9999998755122034,6.422766779009268e-05,0.0004689806165915293,0.0001578213091793218,0.999999988516632,0.0,0.0,-0.00013512417023948373,0.9999984326284802,-5.190043492858066e-05,0.0017689031786405842,-5.5031557322897605e-05,0.0,0.0,1.0,0.0,0.0,0.0,1.0,0.0,0.0,0.0,1.0,0.0,0.0,0.0,0.0,0.0,0.0,1.0,0.0,0.0,0.0,1.0,0.0,0.0,0.0,0.0,0.0,0.0
0.0,0.0,0.0,0.9999998953720037,-2.712661219050905e-07,-0.0004569858147715444,-2.0490806486149525e-05,0.9999998419175817,3.569732503925686e-05,0.0004665517401999963,0.00031180119673714204,0.9999999401281229,0.0,0.0,-0.00021026965495317518,0.9999999804177754,0.0001129716132032866,-0.00014813948356332657,-6.675744955185577e-05,0.0,0.0,0.9999998755122034,6.422766779009268e-05,0.0004689806165915293,0.0001578213091793218,0.999999988516632,0.0,0.0,-0.00013512417023948373,0.9999984326284802,-5.190043492858066e-05,0.0017689031786405842,-5.5031557322897605e-05,0.0,0.0,1.0,0.0,0.0,0.0,1.0,0.0,0.0,0.0,1.0,0.0,0.0,0.0,0.0,0.0,0.0,1.0,0.0,0.0,0.0,1.0,0.0,0.0,0.0,0.0,0.0,0.0
0.0,0.0,0.0,0.9999998962366752,-1.962870370766594e-06,-0.000455455951315874,-9.091878648099873e-06,0.9999998460579952,3.738859259006845e-05,0.00046502098170551225,0.000300402339816705,0.9999999408830129,0.0,0.0,-0.00021196892222272293,0.9999999806885502,0.00011817272792590423,-0.0001429180863514514,-6.505786924839174e-05,0.0,0.0,0.9999998778528938,6.591919864651948e-05,0.00046744979248386335,0.0001464224996288997,0.9999999878010193,0.0,0.0,-0.00014024576263067183,0.9999984373269013,-5.85081042398744e-05,0.0017661903695167227,-4.992129693571634e-05,0.0,0.0,1.0,0.0,0.0,0.0,1.0,0.0,0.0,0.0,1.0,0.0,0.0,0.0,0.0,0.0,0.0,1.0,0.0,0.0,0.0,1.0,0.0,0.0,0.0,0.0,0.0,0.0
0.0,0.0,0.0,0.9999998962366752,-1.962870370766594e-06,-0.000455455951315874,-9.091878648099873e-06,0.9999998460579952,3.738859259006845e-05,0.00046502098170551225,0.000300402339816705,0.9999999408830129,0.0,0.0,-0.00021196892222272293,0.9999999806885502,0.00011817272792590423,-0.0001429180863514514,-6.505786924839174e-05,0.0,0.0,0.9999998778528938,6.591919864651948e-05,0.00046744979248386335,0.0001464224996288997,0.9999999878010193,0.0,0.0,-0.00014024576263067183,0.9999984373269013,-5.85081042398744e-05,0.0017661903695167227,-4.992129693571634e-05,0.0,0.0,1.0,0.0,0.0,0.0,1.0,0.0,0.0,0.0,1.0,0.0,0.0,0.0,0.0,0.0,0.0,1.0,0.0,0.0,0.0,1.0,0.0,0.0,0.0,0.0,0.0,0.0
0.0,0.0,0.0,0.9999998962366752,-1.962870370766594e-06,-0.000455455951315874,-9.091878648099873e-06,0.9999998453065961,3.950067356125411e-05,0.00047053990228079344,0.00029397054404900046,0.9999999412620594,0.0,0.0,-0.00020062245411954773,0.9999999770307169,0.00013494219262100206,-0.00015110633207556678,-6.997175710496566e-05,0.0,0.0,0.9999998778528938,6.591919864651948e-05,0.00046744979248386335,0.0001464224996288997,0.9999999842848043,0.0,0.0,-0.0001633912577423977,0.9999984398658923,-6.054982034267068e-05,0.0017651862142025482,-2.677927636914666e-05,0.0,0.0,1.0,0.0,0.0,0.0,1.0,0.0,0.0,0.0,1.0,0.0,0.0,0.0,0.0,0.0,0.0,1.0,0.0,0.0,0.0,1.0,0.0,0.0,0.0,0.0,0.0,0.0
0.0,0.0,0.0,0.9999998962366752,-1.962870370766594e-06,-0.000455455951315874,-9.091878648099873e-06,0.9999998453065961,3.950067356125411e-05,0.00047053990228079344,0.00029397054404900046,0.9999999412620594,0.0,0.0,-0.00020062245411954773,0.9999999770307169,0.00013494219262100206,-0.00015110633207556678,-6.997175710496566e-05,0.0,0.0,0.9999998778528938,6.591919864651948e-05,0.00046744979248386335,0.0001464224996288997,0.9999999842848043,0.0,0.0,-0.0001633912577423977,0.9999984398658923,-6.054982034267068e-05,0.0017651862142025482,-2.677927636914666e-05,0.0,0.0,1.0,0.0,0.0,0.0,1.0,0.0,0.0,0.0,1.0,0.0,0.0,0.0,0.0,0.0,0.0,1.0,0.0,0.0,0.0,1.0,0.0,0.0,0.0,0.0,0.0,0.0
0.0,0.0,0.0,0.9999998918948441,2.5904040560321315e-06,-0.00046490860355820124,-7.973738076801502e-06,0.9999998413110627,3.495010904677976e-05,0.00047999380944703307,0.00029285197999797974,0.9999999412620594,0.0,0.0,-0.00020062245411954773,0.999999978061297,0.0001335925070954327,-0.00015576408709463697,-4.204755474292037e-05,0.0,0.0,0.9999998711327458,6.403491537427711e-05,0.00048280895455342257,0.00014328131319290055,0.9999999843219832,0.0,0.0,-0.00016136942671101008,0.9999984414669075,-5.77543138970213e-05,0.001764566472641012,-5.775702932236264e-06,0.0,0.0,1.0,0.0,0.0,0.0,1.0,0.0,0.0,0.0,1.0,0.0,0.0,0.0,0.0,0.0,0.0,1.0,0.0,0.0,0.0,1.0,0.0,0.0,0.0,0.0,0.0,0.0
0.0,0.0,0.0,0.9999998918948441,2.5904040560321315e-06,-0.00046490860355820124,-7.973738076801502e-06,0.9999998413110627,3.495010904677976e-05,0.00047999380944703307,0.00029285197999797974,0.9999999412620594,0.0,0.0,-0.00020062245411954773,0.999999978061297,0.0001335925070954327,-0.00015576408709463697,-4.204755474292037e-05,0.0,0.0,0.9999998711327458,6.403491537427711e-05,0.00048280895455342257,0.00014328131319290055,0.9999999843219832,0.0,0.0,-0.00016136942671101008,0.9999984414669075,-5.77543138970213e-05,0.001764566472641012,-5.775702932236264e-06,0.0,0.0,1.0,0.0,0.0,0.0,1.0,0.0,0.0,0.0,1.0,0.0,0.0,0.0,0.0,0.0,0.0,1.0,0.0,0.0,0.0,1.0,0.0,0.0,0.0,0.0,0.0,0.0
0.0,0.0,0.0,0.999999886871982,-4.580012403831176e-06,-0.00047470172667604487,-2.988841389364615e-05,0.9999998391059209,3.626908573438309e-05,0.0004710806510878056,0.0003139358309415005,0.9999999366787046,0.0,0.0,-0.00019978682593523936,0.999999978061297,0.0001335925070954327,-0.00015576408709463697,-4.204755474292037e-05,0.0,0.0,0.9999998624914099,7.120626454326256e-05,0.0004926025657311027,0.0001651954645686642,0.9999999843219832,0.0,0.0,-0.00016136942671101008,0.9999984414669075,-5.77543138970213e-05,0.001764566472641012,-5.775702932236264e-06,0.0,0.0,1.0,0.0,0.0,0.0,1.0,0.0,0.0,0.0,1.0,0.0,0.0,0.0,0.0,0.0,0.0,1.0,0.0,0.0,0.0,1.0,0.0,0.0,0.0,0.0,0.0,0.0
0.0,0.0,0.0,0.999999886871982,-4.580012403831176e-06,-0.00047470172667604487,-2.988841389364615e-05,0.9999998391059209,3.626908573438309e-05,0.0004710806510878056,0.0003139358309415005,0.9999999366787046,0.0,0.0,-0.00019978682593523936,0.999999978061297,0.0001335925070954327,-0.00015576408709463697,-4.204755474292037e-05,0.0,0.0,0.9999998624914099,7.120626454326256e-05,0.0004926025657311027,0.0001651954645686642,0.9999999843219832,0.0,0.0,-0.00016136942671101008,0.9999984414669075,-5.77543138970213e-05,0.001764566472641012,-5.775702932236264e-06,0.0,0.0,1.0,0.0,0.0,0.0,1.0,0.0,0.0,0.0,1.0,0.0,0.0,0.0,0.0,0.0,0.0,1.0,0.0,0.0,0.0,1.0,0.0,0.0,0.0,0.0,0.0,0.0
0.0,0.0,0.0,0.999999886871982,-4.580012403831176e-06,-0.00047470172667604487,-2.988841389364615e-05,0.9999998391059209,3.626908573438309e-05,0.0004710806510878056,0.0003139358309415005,0.9999999366787046,0.0,0.0,-0.00019978682593523936,0.9999999702917819,0.0001774265121672678,-0.00014728527069962866,-7.901466416026277e-05,0.0,0.0,0.9999998624914099,7.120626454326256e-05,0.0004926025657311027,0.0001651954645686642,0.9999999843219832,0.0,0.0,-0.00016136942671101008,0.99999840778398,-9.586542602687337e-05,0.0017819199479801196,7.898854434054823e-07,0.0,0.0,1.0,0.0,0.0,0.0,1.0,0.0,0.0,0.0,1.0,0.0,0.0,0.0,0.0,0.0,0.0,1.0,0.0,0.0,0.0,1.0,0.0,0.0,0.0,0.0,0.0,0.0
0.0,0.0,0.0,0.999999886871982,-4.580012403831176e-06,-0.00047470172667604487,-2.988841389364615e-05,0.9999998391059209,3.626908573438309e-05,0.0004710806510878056,0.0003139358309415005,0.9999999366787046,0.0,0.0,-0.00019978682593523936,0.9999999702917819,0.0001774265121672678,-0.00014728527069962866,-7.901466416026277e-05,0.0,0.0,0.9999998624914099,7.120626454326256e-05,0.0004926025657311027,0.0001651954645686642,0.9999999843219832,0.0,0.0,-0.00016136942671101008,0.99999840778398,-9.586542602687337e-05,0.0017819199479801196,7.898854434054823e-07,0.0,0.0,1.0,0.0,0.0,0.0,1.0,0.0,0.0,0.0,1.0,0.0,0.0,0.0,0.0,0.0,0.0,1.0,0.0,0.0,0.0,1.0,0.0,0.0,0.0,0.0,0.0,0.0
0.0,0.0,0.0,0.999999886871982,-4.580012403831176e-06,-0.00047470172667604487,-2.988841389364615e-05,0.9999998391059209,3.626908573438309e-05,0.0004710806510878056,0.0003139358309415005,0.99999993945609,0.0,0.0,-0.00019568568478060523,0.9999999734087017,0.00015963659996463592,-0.00014418754777217405,-8.311860851394304e-05,0.0,0.0,0.9999998647665451,8.699127743492007e-05,0.00048813177902914994,0.00015692920471994823,0.999999985316773,0.0,0.0,-0.0001569466801943354,0.9999984004682954,-0.00010200318818205919,0.001785674912485925,4.6159735853906445e-06,0.0,0.0,1.0,0.0,0.0,0.0,1.0,0.0,0.0,0.0,1.0,0.0,0.0,0.0,0.0,0.0,0.0,1.0,0.0,0.0,0.0,1.0,0.0,0.0,0.0,0.0,0.0,0.0
0.0,0.0,0.0,0.999999886871982,-4.580012403831176e-06,-0.00047470172667604487,-2.988841389364615e-05,0.9999998391059209,3.626908573438309e-05,0.0004710806510878056,0.0003139358309415005,0.99999993945609,0.0,0.0,-0.00019568568478060523,0.9999999734087017,0.00015963659996463592,-0.00014418754777217405,-8.311860851394304e-05,0.0,0.0,0.9999998647665451,8.699127743492007e-05,0.00048813177902914994,0.00015692920471994823,0.999999985316773,0.0,0.0,-0.0001569466801943354,0.9999984004682954,-0.00010200318818205919,0.001785674912485925,4.6159735853906445e-06,0.0,0.0,1.0,0.0,0.0,0.0,1.0,0.0,0.0,0.0,1.0,0.0,0.0,0.0,0.0,0.0,0.0,1.0,0.0,0.0,0.0,1.0,0.0,0.0,0.0,0.0,0.0,0.0
0.0,0.0,0.0,0.999999886871982,-4.580012403831176e-06,-0.00047470172667604487,-2.988841389364615e-05,0.9999998391059209,3.626908573438309e-05,0.0004710806510878056,0.0003139358309415005,0.9999999345460445,0.0,0.0,-0.00020558737531129273,0.9999999724107865,0.00017002740498723153,-0.00014982000319723967,-6.183101372733646e-05,0.0,0.0,0.9999998647665451,8.699127743492007e-05,0.00048813177902914994,0.00015692920471994823,0.9999999896970501,0.0,0.0,-0.0001253360309887159,0.9999983957703406,-8.78817681635051e-05,0.0017885799466502285,-4.1416355227779325e-05,0.0,0.0,1.0,0.0,0.0,0.0,1.0,0.0,0.0,0.0,1.0,0.0,0.0,0.0,0.0,0.0,0.0,1.0,0.0,0.0,0.0,1.0,0.0,0.0,0.0,0.0,0.0,0.0
0.0,0.0,0.0,0.999999886871982,-4.580012403831176e-06,-0.00047470172667604487,-2.988841389364615e-05,0.9999998391059209,3.626908573438309e-05,0.0004710806510878056,0.0003139358309415005,0.9999999345460445,0.0,0.0,-0.00020558737531129273,0.9999999724107865,0.00017002740498723153,-0.00014982000319723967,-6.183101372733646e-05,0.0,0.0,0.9999998647665451,8.699127743492007e-05,0.00048813177902914994,0.00015692920471994823,0.9999999896970501,0.0,0.0,-0.0001253360309887159,0.9999983957703406,-8.78817681635051e-05,0.0017885799466502285,-4.1416355227779325e-05,0.0,0.0,1.0,0.0,0.0,0.0,1.0,0.0,0.0,0.0,1.0,0.0,0.0,0.0,0.0,0.0,0.0,1.0,0.0,0.0,0.0,1.0,0.0,0.0,0.0,0.0,0.0,0.0
0.0,0.0,0.0,0.9999998870411119,-3.983767591396815e-06,-0.00047410805479577094,-3.35178360757343e-05,0.9999998315984133,3.0627907256267905e-05,0.0004789857159894669,0.0003262480040280163,0.9999999354623386,0.0,0.0,-0.00021426648398543394,0.9999999724107865,0.00017002740498723153,-0.00014982000319723967,-6.183101372733646e-05,0.0,0.0,0.9999998645315222,8.639490846304391e-05,0.00048753848181651977,0.00016055866776478755,0.9999999896970501,0.0,0.0,-0.0001253360309887159,0.9999983734310425,-0.00012133840126562412,0.0017994077381889172,-2.3324952275764058e-05,0.0,0.0,1.0,0.0,0.0,0.0,1.0,0.0,0.0,0.0,1.0,0.0,0.0,0.0,0.0,0.0,0.0,1.0,0.0,0.0,0.0,1.0,0.0,0.0,0.0,0.0,0.0,0.0
0.0,0.0,0.0,0.9999998870411119,-3.983767591396815e-06,-0.00047410805479577094,-3.35178360757343e-05,0.9999998315984133,3.0627907256267905e-05,0.0004789857159894669,0.0003262480040280163,0.9999999354623386,0.0,0.0,-0.00021426648398543394,0.9999999724107865,0.00017002740498723153,-0.00014982000319723967,-6.183101372733646e-05,0.0,0.0,0.9999998645315222,8.639490846304391e-05,0.00048753848181651977,0.00016055866776478755,0.9999999896970501,0.0,0.0,-0.0001253360309887159,0.9999983734310425,-0.00012133840126562412,0.0017994077381889172,-2.3324952275764058e-05,0.0,0.0,1.0,0.0,0.0,0.0,1.0,0.0,0.0,0.0,1.0,0.0,0.0,0.0,0.0,0.0,0.0,1.0,0.0,0.0,0.0,1.0,0.0,0.0,0.0,0.0,0.0,0.0
0.0,0.0,0.0,0.9999998869435556,-6.620636315272412e-06,-0.00047483925104628767,-2.44280368638398e-05,0.9999998374159951,3.357697406548554e-05,0.00047480090901633686,0.0003140138008998564,0.9999999380375928,0.0,0.0,-0.00021074771337911778,0.999999974215177,0.00016883493188283143,-0.0001385449631409395,-6.220694754498084e-05,0.0,0.0,0.9999998653621277,8.903199212817498e-05,0.000488268594407188,0.0001514688438388834,0.9999999899211411,0.0,0.0,-0.00011855059167721583,0.9999983585825152,-0.00012273047592508684,0.0018074464792212145,-3.0111964388983666e-05,0.0,0.0,1.0,0.0,0.0,0.0,1.0,0.0,0.0,0.0,1.0,0.0,0.0,0.0,0.0,0.0,0.0,1.0,0.0,0.0,0.0,1.0,0.0,0.0,0.0,0.0,0.0,0.0
0.0,0.0,0.0,0.9999998869435556,-6.620636315272412e-06,-0.00047483925104628767,-2.44280368638398e-05,0.9999998374159951,3.357697406548554e-05,0.00047480090901633686,0.0003140138008998564,0.9999999380375928,0.0,0.0,-0.00021074771337911778,0.999999974215177,0.00016883493188283143,-0.0001385449631409395,-6.220694754498084e-05,0.0,0.0,0.9999998653621277,8.903199212817498e-05,0.000488268594407188,0.0001514688438388834,0.9999999899211411,0.0,0.0,-0.00011855059167721583,0.9999983585825152,-0.00012273047592508684,0.0018074464792212145,-3.0111964388983666e-05,0.0,0.0,1.0,0.0,0.0,0.0,1.0,0.0,0.0,0.0,1.0,0.0,0.0,0.0,0.0,0.0,0.0,1.0,0.0,0.0,0.0,1.0,0.0,0.0,0.0,0.0,0.0,0.0
0.0,0.0,0.0,0.9999998869435556,-6.620636315272412e-06,-0.00047483925104628767,-2.44280368638398e-05,0.9999998374159951,3.357697406548554e-05,0.00047480090901633686,0.0003140138008998564,0.9999999380375928,0.0,0.0,-0.00021074771337911778,0.9999999776522932,0.00015354834003111198,-0.0001325340391561644,-5.960745787889706e-05,0.0,0.0,0.9999998735645905,9.71909329661492e-05,0.000466109705445923,0.00016176052674137892,0.999999990197973,0.0,0.0,-0.0001288479920980546,0.9999983540312242,-0.0001383893975635298,0.0018090022040961205,-1.7153506942055364e-05,0.0,0.0,1.0,0.0,0.0,0.0,1.0,0.0,0.0,0.0,1.0,0.0,0.0,0.0,0.0,0.0,0.0,1.0,0.0,0.0,0.0,1.0,0.0,0.0,0.0,0.0,0.0,0.0
0.0,0.0,0.0,0.9999998869435556,-6.620636315272412e-06,-0.00047483925104628767,-2.44280368638398e-05,0.9999998374159951,3.357697406548554e-05,0.00047480090901633686,0.0003140138008998564,0.9999999380375928,0.0,0.0,-0.00021074771337911778,0.9999999776522932,0.00015354834003111198,-0.0001325340391561644,-5.960745787889706e-05,0.0,0.0,0.9999998735645905,9.71909329661492e-05,0.000466109705445923,0.00016176052674137892,0.999999990197973,0.0,0.0,-0.0001288479920980546,0.9999983540312242,-0.0001383893975635298,0.0018090022040961205,-1.7153506942055364e-05,0.0,0.0,1.0,0.0,0.0,0.0,1.0,0.0,0.0,0.0,1.0,0.0,0.0,0.0,0.0,0.0,0.0,1.0,0.0,0.0,0.0,1.0,0.0,0.0,0.0,0.0,0.0,0.0
0.0,0.0,0.0,0.9999998869435556,-6.620636315272412e-06,-0.00047483925104628767,-2.44280368638398e-05,0.9999998374159951,3.357697406548554e-05,0.00047480090901633686,0.0003140138008998564,0.9999999410455157,0.0,0.0,-0.00020198801320473858,0.9999999792965669,0.00014032464789466085,-0.0001305431106852209,-6.836925535846817e-05,0.0,0.0,0.9999998735645905,9.71909329661492e-05,0.000466109705445923,0.00016176052674137892,0.9999999890926159,0.0,0.0,-0.00013919349157128877,0.9999983699412027,-0.00011394219728943541,0.0018019673510828995,-6.765995818255163e-06,0.0,0.0,1.0,0.0,0.0,0.0,1.0,0.0,0.0,0.0,1.0,0.0,0.0,0.0,0.0,0.0,0.0,1.0,0.0,0.0,0.0,1.0,0.0,0.0,0.0,0.0,0.0,0.0
0.0,0.0,0.0,0.9999998869435556,-6.620636315272412e-06,-0.00047483925104628767,-2.44280368638398e-05,0.9999998374159951,3.357697406548554e-05,0.00047480090901633686,0.0003140138008998564,0.9999999410455157,0.0,0.0,-0.00020198801320473858,0.9999999792965669,0.00014032464789466085,-0.0001305431106852209,-6.836925535846817e-05,0.0,0.0,0.9999998735645905,9.71909329661492e-05,0.000466109705445923,0.00016176052674137892,0.9999999890926159,0.0,0.0,-0.00013919349157128877,0.9999983699412027,-0.00011394219728943541,0.0018019673510828995,-6.765995818255163e-06,0.0,0.0,1.0,0.0,0.0,0.0,1.0,0.0,0.0,0.0,1.0,0.0,0.0,0.0,0.0,0.0,0.0,1.0,0.0,0.0,0.0,1.0,0.0,0.0,0.0,0.0,0.0,0.0
0.0,0.0,0.0,0.9999998902653677,1.883696744890501e-06,-0.00046690156407720024,-3.8322757125922284e-05,0.9999998352349724,1.5102283198849044e-05,0.0004698026844487358,0.0003295260032031836,0.9999999418957621,0.0,0.0,-0.00020359794452381666,0.9999999792965669,0.00014032464789466085,-0.0001305431106852209,-6.836925535846817e-05,0.0,0.0,0.9999998745406108,7.559209748913877e-05,0.000465250059514185,0.00016954934271596822,0.9999999896814823,0.0,0.0,-0.00013308089169875454,0.9999983742311533,-0.000108443883613889,0.001799788309013844,-2.3173630723688053e-05,0.0,0.0,1.0,0.0,0.0,0.0,1.0,0.0,0.0,0.0,1.0,0.0,0.0,0.0,0.0,0.0,0.0,1.0,0.0,0.0,0.0,1.0,0.0,0.0,0.0,0.0,0.0,0.0
0.0,0.0,0.0,0.9999998902653677,1.883696744890501e-06,-0.00046690156407720024,-3.8322757125922284e-05,0.9999998352349724,1.5102283198849044e-05,0.0004698026844487358,0.0003295260032031836,0.9999999418957621,0.0,0.0,-0.00020359794452381666,0.9999999792965669,0.00014032464789466085,-0.0001305431106852209,-6.836925535846817e-05,0.0,0.0,0.9999998745406108,7.559209748913877e-05,0.000465250059514185,0.00016954934271596822,0.9999999896814823,0.0,0.0,-0.00013308089169875454,0.9999983742311533,-0.000108443883613889,0.001799788309013844,-2.3173630723688053e-05,0.0,0.0,1.0,0.0,0.0,0.0,1.0,0.0,0.0,0.0,1.0,0.0,0.0,0.0,0.0,0.0,0.0,1.0,0.0,0.0,0.0,1.0,0.0,0.0,0.0,0.0,0.0,0.0
0.0,0.0,0.0,0.9999998903002344,1.8709569548383704e-06,-0.00046368881919705163,-6.624724597744016e-05,0.9999998271470187,1.5114006422290494e-05,0.00046659040652656866,0.0003574505450488205,0.9999999418957621,0.0,0.0,-0.00020359794452381666,0.999999973528135,0.00016778157045563543,-0.00012775377733642454,-9.20437199136037e-05,0.0,0.0,0.9999998709037302,7.560446177506262e-05,0.00046203947475804426,0.00019747407993958598,0.9999999896814823,0.0,0.0,-0.00013308089169875454,0.9999983742311533,-0.000108443883613889,0.001799788309013844,-2.3173630723688053e-05,0.0,0.0,1.0,0.0,0.0,0.0,1.0,0.0,0.0,0.0,1.0,0.0,0.0,0.0,0.0,0.0,0.0,1.0,0.0,0.0,0.0,1.0,0.0,0.0,0.0,0.0,0.0,0.0
0.0,0.0,0.0,0.9999998903002344,1.8709569548383704e-06,-0.00046368881919705163,-6.624724597744016e-05,0.9999998271470187,1.5114006422290494e-05,0.00046659040652656866,0.0003574505450488205,0.9999999418957621,0.0,0.0,-0.00020359794452381666,0.999999973528135,0.00016778157045563543,-0.00012775377733642454,-9.20437199136037e-05,0.0,0.0,0.9999998709037302,7.560446177506262e-05,0.00046203947475804426,0.00019747407993958598,0.9999999896814823,0.0,0.0,-0.00013308089169875454,0.9999983742311533,-0.000108443883613889,0.001799788309013844,-2.3173630723688053e-05,0.0,0.0,1.0,0.0,0.0,0.0,1.0,0.0,0.0,0.0,1.0,0.0,0.0,0.0,0.0,0.0,0.0,1.0,0.0,0.0,0.0,1.0,0.0,0.0,0.0,0.0,0.0,0.0
0.0,0.0,0.0,0.9999998903002344,1.8709569548383704e-06,-0.00046368881919705163,-6.624724597744016e-05,0.999999822070933,6.822688182044943e-06,0.0004724654361081012,0.0003641263037282254,0.9999999441545404,0.0,0.0,-0.00020689151331955563,0.9999999822200002,0.00012768377837093006,-0.00013164649584096837,-4.3886810172798017e-05,0.0,0.0,0.9999998718060527,8.283252309834275e-05,0.00045914689831539544,0.00019675054552544604,0.9999999876627766,0.0,0.0,-0.00014800633987633848,0.9999983709687718,-9.518509520487762e-05,0.001802020169185082,-4.150795179812405e-05,0.0,0.0,1.0,0.0,0.0,0.0,1.0,0.0,0.0,0.0,1.0,0.0,0.0,0.0,0.0,0.0,0.0,1.0,0.0,0.0,0.0,1.0,0.0,0.0,0.0,0.0,0.0,0.0
0.0,0.0,0.0,0.9999998903002344,1.8709569548383704e-06,-0.00046368881919705163,-6.624724597744016e-05,0.999999822070933,6.822688182044943e-06,0.0004724654361081012,0.0003641263037282254,0.9999999441545404,0.0,0.0,-0.00020689151331955563,0.9999999822200002,0.00012768377837093006,-0.00013164649584096837,-4.3886810172798017e-05,0.0,0.0,0.9999998718060527,8.283252309834275e-05,0.00045914689831539544,0.00019675054552544604,0.9999999876627766,0.0,0.0,-0.00014800633987633848,0.9999983709687718,-9.518509520487762e-05,0.001802020169185082,-4.150795179812405e-05,0.0,0.0,1.0,0.0,0.0,0.0,1.0,0.0,0.0,0.0,1.0,0.0,0.0,0.0,0.0,0.0,0.0,1.0,0.0,0.0,0.0,1.0,0.0,0.0,0.0,0.0,0.0,0.0
0.0,0.0,0.0,0.9999998903002344,1.8709569548383704e-06,-0.00046368881919705163,-6.624724597744016e-05,0.999999822070933,6.822688182044943e-06,0.0004724654361081012,0.0003641263037282254,0.999999943984312,0.0,0.0,-0.00020726679068379717,0.9999999797197155,0.00014757124703818346,-0.00012996249879021805,-4.3509128482658973e-05,0.0,0.0,0.9999998718060527,8.283252309834275e-05,0.00045914689831539544,0.00019675054552544604,0.9999999876813938,0.0,0.0,-0.00014074892684513667,0.999998375172243,-5.669037951016623e-05,0.0018011295261308633,-4.8698097881583515e-05,0.0,0.0,1.0,0.0,0.0,0.0,1.0,0.0,0.0,0.0,1.0,0.0,0.0,0.0,0.0,0.0,0.0,1.0,0.0,0.0,0.0,1.0,0.0,0.0,0.0,0.0,0.0,0.0
0.0,0.0,0.0,0.9999998903002344,1.8709569548383704e-06,-0.00046368881919705163,-6.624724597744016e-05,0.999999822070933,6.822688182044943e-06,0.0004724654361081012,0.0003641263037282254,0.999999943984312,0.0,0.0,-0.00020726679068379717,0.9999999797197155,0.00014757124703818346,-0.00012996249879021805,-4.3509128482658973e-05,0.0,0.0,0.9999998718060527,8.283252309834275e-05,0.00045914689831539544,0.00019675054552544604,0.9999999876813938,0.0,0.0,-0.00014074892684513667,0.999998375172243,-5.669037951016623e-05,0.0018011295261308633,-4.8698097881583515e-05,0.0,0.0,1.0,0.0,0.0,0.0,1.0,0.0,0.0,0.0,1.0,0.0,0.0,0.0,0.0,0.0,0.0,1.0,0.0,0.0,0.0,1.0,0.0,0.0,0.0,0.0,0.0,0.0
0.0,0.0,0.0,0.9999998870653172,-1.5740057149635265e-06,-0.00046911622248731975,-7.613701536797678e-05,0.9999998174452525,6.255157857130652e-06,0.0004740363568584806,0.0003746463227374967,0.9999999429824992,0.0,0.0,-0.00020789399217063914,0.9999999797197155,0.00014757124703818346,-0.00012996249879021805,-4.3509128482658973e-05,0.0,0.0,0.9999998611773656,8.724613415034125e-05,0.00047508198578242983,0.0002105480189144827,0.99999998648658,0.0,0.0,-0.00014465709662141247,0.999998381186951,-7.14694024245729e-05,0.0017969696411029884,-5.8444084792242365e-05,0.0,0.0,1.0,0.0,0.0,0.0,1.0,0.0,0.0,0.0,1.0,0.0,0.0,0.0,0.0,0.0,0.0,1.0,0.0,0.0,0.0,1.0,0.0,0.0,0.0,0.0,0.0,0.0
0.0,0.0,0.0,0.9999998870653172,-1.5740057149635265e-06,-0.00046911622248731975,-7.613701536797678e-05,0.9999998174452525,6.255157857130652e-06,0.0004740363568584806,0.0003746463227374967,0.9999999429824992,0.0,0.0,-0.00020789399217063914,0.9999999797197155,0.00014757124703818346,-0.00012996249879021805,-4.3509128482658973e-05,0.0,0.0,0.9999998611773656,8.724613415034125e-05,0.00047508198578242983,0.0002105480189144827,0.99999998648658,0.0,0.0,-0.00014465709662141247,0.999998381186951,-7.14694024245729e-05,0.0017969696411029884,-5.8444084792242365e-05,0.0,0.0,1.0,0.0,0.0,0.0,1.0,0.0,0.0,0.0,1.0,0.0,0.0,0.0,0.0,0.0,0.0,1.0,0.0,0.0,0.0,1.0,0.0,0.0,0.0,0.0,0.0,0.0
0.0,0.0,0.0,0.9999998857606517,-2.4768107062706336e-06,-0.00047152515385676694,-7.833631524485445e-05,0.999999815468118,7.15867107473482e-06,0.0004764450286045831,0.0003768456156287923,0.9999999429824992,0.0,0.0,-0.00020789399217063914,0.9999999793111128,0.00015022421385870358,-0.00013448462453192098,-2.6913661134027757e-05,0.0,0.0,0.9999998594853571,8.81492497954686e-05,0.00047749098401127373,0.00021274711774074811,0.99999998648658,0.0,0.0,-0.00014465709662141247,0.999998381186951,-7.14694024245729e-05,0.0017969696411029884,-5.8444084792242365e-05,0.0,0.0,1.0,0.0,0.0,0.0,1.0,0.0,0.0,0.0,1.0,0.0,0.0,0.0,0.0,0.0,0.0,1.0,0.0,0.0,0.0,1.0,0.0,0.0,0.0,0.0,0.0,0.0
0.0,0.0,0.0,0.9999998857606517,-2.4768107062706336e-06,-0.00047152515385676694,-7.833631524485445e-05,0.999999815468118,7.15867107473482e-06,0.0004764450286045831,0.0003768456156287923,0.9999999429824992,0.0,0.0,-0.00020789399217063914,0.9999999793111128,0.00015022421385870358,-0.00013448462453192098,-2.6913661134027757e-05,0.0,0.0,0.9999998594853571,8.81492497954686e-05,0.00047749098401127373,0.00021274711774074811,0.99999998648658,0.0,0.0,-0.00014465709662141247,0.999998381186951,-7.14694024245729e-05,0.0017969696411029884,-5.8444084792242365e-05,0.0,0.0,1.0,0.0,0.0,0.0,1.0,0.0,0.0,0.0,1.0,0.0,0.0,0.0,0.0,0.0,0.0,1.0,0.0,0.0,0.0,1.0,0.0,0.0,0.0,0.0,0.0,0.0
0.0,0.0,0.0,0.9999998857606517,-2.4768107062706336e-06,-0.00047152515385676694,-7.833631524485445e-05,0.999999815468118,7.15867107473482e-06,0.0004764450286045831,0.0003768456156287923,0.9999999418461726,0.0,0.0,-0.00021288657169050884,0.9999999731479129,0.00017793341039759296,-0.0001329320604949345,-6.612822598218376e-05,0.0,0.0,0.9999998609624727,9.412703368002779e-05,0.00047549421991310717,0.00020765448125455486,0.9999999855581534,0.0,0.0,-0.00014462811063157768,0.9999983608829223,-9.929102519957769e-05,0.001807837916513334,-9.737996967331348e-06,0.0,0.0,1.0,0.0,0.0,0.0,1.0,0.0,0.0,0.0,1.0,0.0,0.0,0.0,0.0,0.0,0.0,1.0,0.0,0.0,0.0,1.0,0.0,0.0,0.0,0.0,0.0,0.0
0.0,0.0,0.0,0.9999998857606517,-2.4768107062706336e-06,-0.00047152515385676694,-7.833631524485445e-05,0.999999815468118,7.15867107473482e-06,0.0004764450286045831,0.0003768456156287923,0.9999999418461726,0.0,0.0,-0.00021288657169050884,0.9999999731479129,0.00017793341039759296,-0.0001329320604949345,-6.612822598218376e-05,0.0,0.0,0.9999998609624727,9.412703368002779e-05,0.00047549421991310717,0.00020765448125455486,0.9999999855581534,0.0,0.0,-0.00014462811063157768,0.9999983608829223,-9.929102519957769e-05,0.001807837916513334,-9.737996967331348e-06,0.0,0.0,1.0,0.0,0.0,0.0,1.0,0.0,0.0,0.0,1.0,0.0,0.0,0.0,0.0,0.0,0.0,1.0,0.0,0.0,0.0,1.0,0.0,0.0,0.0,0.0,0.0,0.0
0.0,0.0,0.0,0.9999998857606517,-2.4768107062706336e-06,-0.00047152515385676694,-7.833631524485445e-05,0.999999815468118,7.15867107473482e-06,0.0004764450286045831,0.0003768456156287923,0.9999999447028955,0.0,0.0,-0.00020552033327560457,0.9999999732393156,0.00017824306187919715,-0.00012786415359240843,-7.349515153154403e-05,0.0,0.0,0.9999998609624727,9.412703368002779e-05,0.00047549421991310717,0.00020765448125455486,0.9999999848319684,0.0,0.0,-0.00014045820674516153,0.9999983480261863,-8.689712399759446e-05,0.0018155442680458142,-1.3885206237961525e-05,0.0,0.0,1.0,0.0,0.0,0.0,1.0,0.0,0.0,0.0,1.0,0.0,0.0,0.0,0.0,0.0,0.0,1.0,0.0,0.0,0.0,1.0,0.0,0.0,0.0,0.0,0.0,0.0
0.0,0.0,0.0,0.9999998857606517,-2.4768107062706336e-06,-0.00047152515385676694,-7.833631524485445e-05,0.999999815468118,7.15867107473482e-06,0.0004764450286045831,0.0003768456156287923,0.9999999447028955,0.0,0.0,-0.00020552033327560457,0.9999999732393156,0.00017824306187919715,-0.00012786415359240843,-7.349515153154403e-05,0.0,0.0,0.9999998609624727,9.412703368002779e-05,0.00047549421991310717,0.00020765448125455486,0.9999999848319684,0.0,0.0,-0.00014045820674516153,0.9999983480261863,-8.689712399759446e-05,0.0018155442680458142,-1.3885206237961525e-05,0.0,0.0,1.0,0.0,0.0,0.0,1.0,0.0,0.0,0.0,1.0,0.0,0.0,0.0,0.0,0.0,0.0,1.0,0.0,0.0,0.0,1.0,0.0,0.0,0.0,0.0,0.0,0.0
0.0,0.0,0.0,0.9999998859573753,-6.806650696029387e-06,-0.00047111129121289795,-7.805803703539353e-05,0.999999812823806,9.658669646727307e-06,0.00047460955920985835,0.000386011436686578,0.9999999424106277,0.0,0.0,-0.00021496302873991394,0.9999999732393156,0.00017824306187919715,-0.00012786415359240843,-7.349515153154403e-05,0.0,0.0,0.9999998666331048,8.93465572576338e-05,0.00045772302798564055,0.00022190221925705119,0.9999999844682281,0.0,0.0,-0.00015498111987179234,0.9999983572677156,-6.681212677380983e-05,0.0018112750682486543,1.675222666139301e-05,0.0,0.0,1.0,0.0,0.0,0.0,1.0,0.0,0.0,0.0,1.0,0.0,0.0,0.0,0.0,0.0,0.0,1.0,0.0,0.0,0.0,1.0,0.0,0.0,0.0,0.0,0.0,0.0
0.0,0.0,0.0,0.9999998859573753,-6.806650696029387e-06,-0.00047111129121289795,-7.805803703539353e-05,0.999999812823806,9.658669646727307e-06,0.00047460955920985835,0.000386011436686578,0.9999999424106277,0.0,0.0,-0.00021496302873991394,0.9999999732393156,0.00017824306187919715,-0.00012786415359240843,-7.349515153154403e-05,0.0,0.0,0.9999998666331048,8.93465572576338e-05,0.00045772302798564055,0.00022190221925705119,0.9999999844682281,0.0,0.0,-0.00015498111987179234,0.9999983572677156,-6.681212677380983e-05,0.0018112750682486543,1.675222666139301e-05,0.0,0.0,1.0,0.0,0.0,0.0,1.0,0.0,0.0,0.0,1.0,0.0,0.0,0.0,0.0,0.0,0.0,1.0,0.0,0.0,0.0,1.0,0.0,0.0,0.0,0.0,0.0,0.0
0.0,0.0,0.0,0.9999998859573753,-6.806650696029387e-06,-0.00047111129121289795,-7.805803703539353e-05,0.999999812823806,9.658669646727307e-06,0.00047460955920985835,0.000386011436686578,0.9999999424106277,0.0,0.0,-0.00021496302873991394,0.9999999695359368,0.00018909468932899103,-0.00012946082065010036,-9.17127033374212e-05,0.0,0.0,0.9999998666331048,8.93465572576338e-05,0.00045772302798564055,0.00022190221925705119,0.9999999844682281,0.0,0.0,-0.00015498111987179234,0.9999983572677156,-6.681212677380983e-05,0.0018112750682486543,1.675222666139301e-05,0.0,0.0,1.0,0.0,0.0,0.0,1.0,0.0,0.0,0.0,1.0,0.0,0.0,0.0,0.0,0.0,0.0,1.0,0.0,0.0,0.0,1.0,0.0,0.0,0.0,0.0,0.0,0.0
0.0,0.0,0.0,0.9999998874625858,3.135428866301768e-05,-0.0004657720317509695,-8.454666614980325e-05,0.9999998124528108,-2.8503934859687755e-05,0.0004692820694127738,0.00039249994684130196,0.9999999464039262,0.0,0.0,-0.000200542637543345,0.999999975096013,0.0001472856827455983,-0.00012855208855841712,-0.00010765343238084892,0.0,0.0,0.9999998702803725,5.1184937228352655e-05,0.0004523897944176735,0.00022839179994954586,0.9999999866710871,0.0,0.0,-0.00014474615356621773,0.9999983592995139,-7.804703972525043e-05,0.0018097692460257917,6.497401549652862e-06,0.0,0.0,1.0,0.0,0.0,0.0,1.0,0.0,0.0,0.0,1.0,0.0,0.0,0.0,0.0,0.0,0.0,1.0,0.0,0.0,0.0,1.0,0.0,0.0,0.0,0.0,0.0,0.0
0.0,0.0,0.0,0.9999998874625858,3.135428866301768e-05,-0.0004657720317509695,-8.454666614980325e-05,0.9999998124528108,-2.8503934859687755e-05,0.0004692820694127738,0.00039249994684130196,0.9999999464039262,0.0,0.0,-0.000200542637543345,0.999999975096013,0.0001472856827455983,-0.00012855208855841712,-0.00010765343238084892,0.0,0.0,0.9999998702803725,5.1184937228352655e-05,0.0004523897944176735,0.00022839179994954586,0.9999999866710871,0.0,0.0,-0.00014474615356621773,0.9999983592995139,-7.804703972525043e-05,0.0018097692460257917,6.497401549652862e-06,0.0,0.0,1.0,0.0,0.0,0.0,1.0,0.0,0.0,0.0,1.0,0.0,0.0,0.0,0.0,0.0,0.0,1.0,0.0,0.0,0.0,1.0,0.0,0.0,0.0,0.0,0.0,0.0
0.0,0.0,0.0,0.9999998874625858,3.135428866301768e-05,-0.0004657720317509695,-8.454666614980325e-05,0.9999998049325021,-2.3824378882955206e-05,0.0004821685944626452,0.0003963342063656731,0.9999999436330234,0.0,0.0,-0.00021408730804521733,0.9999999745580579,0.00014660378804226486,-0.00014070461678191543,-9.794602407725691e-05,0.0,0.0,0.9999998686088576,4.214114835414586e-05,0.00045295285378107113,0.00023630510689038488,0.9999999858330986,0.0,0.0,-0.00015265590979628924,0.9999983741336295,-6.238274758298093e-05,0.0018021342002268927,-1.2280672513554693e-05,0.0,0.0,1.0,0.0,0.0,0.0,1.0,0.0,0.0,0.0,1.0,0.0,0.0,0.0,0.0,0.0,0.0,1.0,0.0,0.0,0.0,1.0,0.0,0.0,0.0,0.0,0.0,0.0
0.0,0.0,0.0,0.9999998874625858,3.135428866301768e-05,-0.0004657720317509695,-8.454666614980325e-05,0.9999998049325021,-2.3824378882955206e-05,0.0004821685944626452,0.0003963342063656731,0.9999999436330234,0.0,0.0,-0.00021408730804521733,0.9999999745580579,0.00014660378804226486,-0.00014070461678191543,-9.794602407725691e-05,0.0,0.0,0.9999998686088576,4.214114835414586e-05,0.00045295285378107113,0.00023630510689038488,0.9999999858330986,0.0,0.0,-0.00015265590979628924,0.9999983741336295,-6.238274758298093e-05,0.0018021342002268927,-1.2280672513554693e-05,0.0,0.0,1.0,0.0,0.0,0.0,1.0,0.0,0.0,0.0,1.0,0.0,0.0,0.0,0.0,0.0,0.0,1.0,0.0,0.0,0.0,1.0,0.0,0.0,0.0,0.0,0.0,0.0
0.0,0.0,0.0,0.9999998874625858,3.135428866301768e-05,-0.0004657720317509695,-8.454666614980325e-05,0.9999998049325021,-2.3824378882955206e-05,0.0004821685944626452,0.0003963342063656731,0.9999999436330234,0.0,0.0,-0.00021408730804521733,0.9999999745580579,0.00014660378804226486,-0.00014070461678191543,-9.794602407725691e-05,0.0,0.0,0.9999998697470408,6.665908841876793e-05,0.00044791621797490795,0.00023544326047785958,0.9999999875520519,0.0,0.0,-0.00013211829344700733,0.9999983595501679,-1.573803059855034e-05,0.0018086534567682748,-9.706678602061315e-05,0.0,0.0,1.0,0.0,0.0,0.0,1.0,0.0,0.0,0.0,1.0,0.0,0.0,0.0,0.0,0.0,0.0,1.0,0.0,0.0,0.0,1.0,0.0,0.0,0.0,0.0,0.0,0.0
0.0,0.0,0.0,0.9999998874625858,3.135428866301768e-05,-0.0004657720317509695,-8.454666614980325e-05,0.9999998049325021,-2.3824378882955206e-05,0.0004821685944626452,0.0003963342063656731,0.9999999436330234,0.0,0.0,-0.00021408730804521733,0.9999999745580579,0.00014660378804226486,-0.00014070461678191543,-9.794602407725691e-05,0.0,0.0,0.9999998697470408,6.665908841876793e-05,0.00044791621797490795,0.00023544326047785958,0.9999999875520519,0.0,0.0,-0.00013211829344700733,0.9999983595501679,-1.573803059855034e-05,0.0018086534567682748,-9.706678602061315e-05,0.0,0.0,1.0,0.0,0.0,0.0,1.0,0.0,0.0,0.0,1.0,0.0,0.0,0.0,0.0,0.0,0.0,1.0,0.0,0.0,0.0,1.0,0.0,0.0,0.0,0.0,0.0,0.0
0.0,0.0,0.0,0.9999998858353737,2.909894289101533e-05,-0.00046874386485117725,-8.810039866089955e-05,0.9999998130982329,-1.5090140727108899e-05,0.0004660839917043949,0.00039540042916218383,0.9999999392528581,0.0,0.0,-0.0002096034118912513,0.999999972417618,0.00015977606916352832,-0.0001376476511360005,-0.00010339001524658898,0.0,0.0,0.9999998674156336,6.891494606899457e-05,0.00045088805868810075,0.00023899666131886894,0.9999999875520519,0.0,0.0,-0.00013211829344700733,0.9999983595501679,-1.573803059855034e-05,0.0018086534567682748,-9.706678602061315e-05,0.0,0.0,1.0,0.0,0.0,0.0,1.0,0.0,0.0,0.0,1.0,0.0,0.0,0.0,0.0,0.0,0.0,1.0,0.0,0.0,0.0,1.0,0.0,0.0,0.0,0.0,0.0,0.0
0.0,0.0,0.0,0.9999998858353737,2.909894289101533e-05,-0.00046874386485117725,-8.810039866089955e-05,0.9999998130982329,-1.5090140727108899e-05,0.0004660839917043949,0.00039540042916218383,0.9999999392528581,0.0,0.0,-0.0002096034118912513,0.999999972417618,0.00015977606916352832,-0.0001376476511360005,-0.00010339001524658898,0.0,0.0,0.9999998674156336,6.891494606899457e-05,0.00045088805868810075,0.00023899666131886894,0.9999999875520519,0.0,0.0,-0.00013211829344700733,0.9999983595501679,-1.573803059855034e-05,0.0018086534567682748,-9.706678602061315e-05,0.0,0.0,1.0,0.0,0.0,0.0,1.0,0.0,0.0,0.0,1.0,0.0,0.0,0.0,0.0,0.0,0.0,1.0,0.0,0.0,0.0,1.0,0.0,0.0,0.0,0.0,0.0,0.0
0.0,0.0,0.0,0.9999998858353737,2.909894289101533e-05,-0.00046874386485117725,-8.810039866089955e-05,0.9999998130982329,-1.5090140727108899e-05,0.0004660839917043949,0.00039540042916218383,0.9999999362743529,0.0,0.0,-0.0002204378744065826,0.999999978105859,0.0001488052079676228,-0.00014132007064009556,-4.091368143109421e-05,0.0,0.0,0.9999998674156336,6.891494606899457e-05,0.00045088805868810075,0.00023899666131886894,0.9999999839121467,0.0,0.0,-0.0001512746656141451,0.999998350540039,-7.241426144964434e-06,0.0018146065995373432,-7.78951343411855e-05,0.0,0.0,1.0,0.0,0.0,0.0,1.0,0.0,0.0,0.0,1.0,0.0,0.0,0.0,0.0,0.0,0.0,1.0,0.0,0.0,0.0,1.0,0.0,0.0,0.0,0.0,0.0,0.0
0.0,0.0,0.0,0.9999998858353737,2.909894289101533e-05,-0.00046874386485117725,-8.810039866089955e-05,0.9999998130982329,-1.5090140727108899e-05,0.0004660839917043949,0.00039540042916218383,0.9999999362743529,0.0,0.0,-0.0002204378744065826,0.999999978105859,0.0001488052079676228,-0.00014132007064009556,-4.091368143109421e-05,0.0,0.0,0.9999998674156336,6.891494606899457e-05,0.00045088805868810075,0.00023899666131886894,0.9999999839121467,0.0,0.0,-0.0001512746656141451,0.999998350540039,-7.241426144964434e-06,0.0018146065995373432,-7.78951343411855e-05,0.0,0.0,1.0,0.0,0.0,0.0,1.0,0.0,0.0,0.0,1.0,0.0,0.0,0.0,0.0,0.0,0.0,1.0,0.0,0.0,0.0,1.0,0.0,0.0,0.0,0.0,0.0,0.0
0.0,0.0,0.0,0.9999998858353737,2.909894289101533e-05,-0.00046874386485117725,-8.810039866089955e-05,0.9999998105265979,-2.4838309124962646e-05,0.000463522185956513,0.00040432290301145964,0.999999934001944,0.0,0.0,-0.0002293529415966639,0.999999978105859,0.0001488052079676228,-0.00014132007064009556,-4.091368143109421e-05,0.0,0.0,0.9999998709014536,5.261042560140113e-05,0.0004425621779277014,0.0002440654380642398,0.9999999846222691,0.0,0.0,-0.00015633727250837745,0.999998350540039,-7.241426144964434e-06,0.0018146065995373432,-7.78951343411855e-05,0.0,0.0,1.0,0.0,0.0,0.0,1.0,0.0,0.0,0.0,1.0,0.0,0.0,0.0,0.0,0.0,0.0,1.0,0.0,0.0,0.0,1.0,0.0,0.0,0.0,0.0,0.0,0.0
0.0,0.0,0.0,0.9999998858353737,2.909894289101533e-05,-0.00046874386485117725,-8.810039866089955e-05,0.9999998105265979,-2.4838309124962646e-05,0.000463522185956513,0.00040432290301145964,0.999999934001944,0.0,0.0,-0.0002293529415966639,0.999999978105859,0.0001488052079676228,-0.00014132007064009556,-4.091368143109421e-05,0.0,0.0,0.9999998709014536,5.261042560140113e-05,0.0004425621779277014,0.0002440654380642398,0.9999999846222691,0.0,0.0,-0.00015633727250837745,0.999998350540039,-7.241426144964434e-06,0.0018146065995373432,-7.78951343411855e-05,0.0,0.0,1.0,0.0,0.0,0.0,1.0,0.0,0.0,0.0,1.0,0.0,0.0,0.0,0.0,0.0,0.0,1.0,0.0,0.0,0.0,1.0,0.0,0.0,0.0,0.0,0.0,0.0
0.0,0.0,0.0,0.9999998767520726,-2.9604276937745132e-05,-0.00048615904662688953,-9.627464815357201e-05,0.9999997952803951,3.0055771621765977e-05,0.00047840300314636714,0.00042387071749596826,0.9999999258544461,0.0,0.0,-0.00025543255346259107,0.9999999790064027,0.0001406073656141278,-0.0001467311395960481,-2.6205639012683124e-05,0.0,0.0,0.9999998562069363,0.00011131657468306407,0.0004599688691089677,0.00025223672670266454,0.999999988902412,0.0,0.0,-0.00011865692265158551,0.9999983470995595,8.73586566809299e-06,0.001814489073149772,-0.00011554755409729987,0.0,0.0,1.0,0.0,0.0,0.0,1.0,0.0,0.0,0.0,1.0,0.0,0.0,0.0,0.0,0.0,0.0,1.0,0.0,0.0,0.0,1.0,0.0,0.0,0.0,0.0,0.0,0.0
0.0,0.0,0.0,0.9999998767520726,-2.9604276937745132e-05,-0.00048615904662688953,-9.627464815357201e-05,0.9999997952803951,3.0055771621765977e-05,0.00047840300314636714,0.00042387071749596826,0.9999999258544461,0.0,0.0,-0.00025543255346259107,0.9999999790064027,0.0001406073656141278,-0.0001467311395960481,-2.6205639012683124e-05,0.0,0.0,0.9999998562069363,0.00011131657468306407,0.0004599688691089677,0.00025223672670266454,0.999999988902412,0.0,0.0,-0.00011865692265158551,0.9999983470995595,8.73586566809299e-06,0.001814489073149772,-0.00011554755409729987,0.0,0.0,1.0,0.0,0.0,0.0,1.0,0.0,0.0,0.0,1.0,0.0,0.0,0.0,0.0,0.0,0.0,1.0,0.0,0.0,0.0,1.0,0.0,0.0,0.0,0.0,0.0,0.0
0.0,0.0,0.0,0.9999998767520726,-2.9604276937745132e-05,-0.00048615904662688953,-9.627464815357201e-05,0.9999997952803951,3.0055771621765977e-05,0.00047840300314636714,0.00042387071749596826,0.9999999258544461,0.0,0.0,-0.00025543255346259107,0.9999999790064027,0.0001406073656141278,-0.0001467311395960481,-2.6205639012683124e-05,0.0,0.0,0.9999998562069363,0.00011131657468306407,0.0004599688691089677,0.00025223672670266454,0.999999988902412,0.0,0.0,-0.00011865692265158551,0.9999983536517586,9.57015355871147e-06,0.001810765272927258,-0.00011718067599192177,0.0,0.0,1.0,0.0,0.0,0.0,1.0,0.0,0.0,0.0,1.0,0.0,0.0,0.0,0.0,0.0,0.0,1.0,0.0,0.0,0.0,1.0,0.0,0.0,0.0,0.0,0.0,0.0
0.0,0.0,0.0,0.9999998747801461,-3.987553623788924e-05,-0.0004887832777434617,-9.970226339478996e-05,0.9999997922029281,4.032791661026666e-05,0.0004810238703079712,0.0004272982515774837,0.9999999258544461,0.0,0.0,-0.00025543255346259107,0.9999999779513177,0.00014017997066721464,-0.00014788432692933642,-5.076579380601017e-05,0.0,0.0,0.9999998486534379,0.00011675703275464269,0.0004677553656161099,0.00026507699731761255,0.9999999877090558,0.0,0.0,-0.00012806783583645234,0.9999983580029412,-2.4004407195817523e-05,0.0018106983424311426,-6.918614336366684e-05,0.0,0.0,1.0,0.0,0.0,0.0,1.0,0.0,0.0,0.0,1.0,0.0,0.0,0.0,0.0,0.0,0.0,1.0,0.0,0.0,0.0,1.0,0.0,0.0,0.0,0.0,0.0,0.0
0.0,0.0,0.0,0.9999998747801461,-3.987553623788924e-05,-0.0004887832777434617,-9.970226339478996e-05,0.9999997922029281,4.032791661026666e-05,0.0004810238703079712,0.0004272982515774837,0.9999999258544461,0.0,0.0,-0.00025543255346259107,0.9999999779513177,0.00014017997066721464,-0.00014788432692933642,-5.076579380601017e-05,0.0,0.0,0.9999998486534379,0.00011675703275464269,0.0004677553656161099,0.00026507699731761255,0.9999999877090558,0.0,0.0,-0.00012806783583645234,0.9999983580029412,-2.4004407195817523e-05,0.0018106983424311426,-6.918614336366684e-05,0.0,0.0,1.0,0.0,0.0,0.0,1.0,0.0,0.0,0.0,1.0,0.0,0.0,0.0,0.0,0.0,0.0,1.0,0.0,0.0,0.0,1.0,0.0,0.0,0.0,0.0,0.0,0.0
0.0,0.0,0.0,0.9999998747801461,-3.987553623788924e-05,-0.0004887832777434617,-9.970226339478996e-05,0.9999997958074764,3.956290869584366e-05,0.00047490352080411965,0.0004257774390705005,0.9999999240972421,0.0,0.0,-0.00025921974394086853,0.9999999704860139,0.00016061493965387015,-0.0001353681023197268,-0.0001220913161139423,0.0,0.0,0.9999998486534379,0.00011675703275464269,0.0004677553656161099,0.00026507699731761255,0.999999988574021,0.0,0.0,-0.00012423340222696318,0.9999983480536552,-3.785815472586726e-05,0.0018157976898716351,-7.304430270786999e-05,0.0,0.0,1.0,0.0,0.0,0.0,1.0,0.0,0.0,0.0,1.0,0.0,0.0,0.0,0.0,0.0,0.0,1.0,0.0,0.0,0.0,1.0,0.0,0.0,0.0,0.0,0.0,0.0
0.0,0.0,0.0,0.9999998747801461,-3.987553623788924e-05,-0.0004887832777434617,-9.970226339478996e-05,0.9999997958074764,3.956290869584366e-05,0.00047490352080411965,0.0004257774390705005,0.9999999240972421,0.0,0.0,-0.00025921974394086853,0.9999999704860139,0.00016061493965387015,-0.0001353681023197268,-0.0001220913161139423,0.0,0.0,0.9999998486534379,0.00011675703275464269,0.0004677553656161099,0.00026507699731761255,0.999999988574021,0.0,0.0,-0.00012423340222696318,0.9999983480536552,-3.785815472586726e-05,0.0018157976898716351,-7.304430270786999e-05,0.0,0.0,1.0,0.0,0.0,0.0,1.0,0.0,0.0,0.0,1.0,0.0,0.0,0.0,0.0,0.0,0.0,1.0,0.0,0.0,0.0,1.0,0.0,0.0,0.0,0.0,0.0,0.0
0.0,0.0,0.0,0.9999998806774104,4.258032901369896e-06,-0.00048383164805070896,-6.733476449229684e-05,0.9999998121694352,-4.5727215308921665e-06,0.0004699662974932428,0.0003934105534569877,0.9999999240972421,0.0,0.0,-0.00025921974394086853,0.9999999704860139,0.00016061493965387015,-0.0001353681023197268,-0.0001220913161139423,0.0,0.0,0.9999998597785865,7.998980760173985e-05,0.00047049657802470724,0.00022951559446300604,0.9999999880091918,0.0,0.0,-0.00012104086250917448,0.9999983480536552,-3.785815472586726e-05,0.0018157976898716351,-7.304430270786999e-05,0.0,0.0,1.0,0.0,0.0,0.0,1.0,0.0,0.0,0.0,1.0,0.0,0.0,0.0,0.0,0.0,0.0,1.0,0.0,0.0,0.0,1.0,0.0,0.0,0.0,0.0,0.0,0.0
0.0,0.0,0.0,0.9999998806774104,4.258032901369896e-06,-0.00048383164805070896,-6.733476449229684e-05,0.9999998121694352,-4.5727215308921665e-06,0.0004699662974932428,0.0003934105534569877,0.9999999271927444,0.0,0.0,-0.00022680319408980096,0.9999999606330101,0.00018121118990766611,-0.00014840918058934028,-0.00015450306759963838,0.0,0.0,0.9999998597785865,7.998980760173985e-05,0.00047049657802470724,0.00022951559446300604,0.9999999897069134,0.0,0.0,-0.00011589178762309627,0.9999983565980153,-6.80502309876218e-05,0.0018111901009683245,-4.19625197574129e-05,0.0,0.0,1.0,0.0,0.0,0.0,1.0,0.0,0.0,0.0,1.0,0.0,0.0,0.0,0.0,0.0,0.0,1.0,0.0,0.0,0.0,1.0,0.0,0.0,0.0,0.0,0.0,0.0
0.0,0.0,0.0,0.9999998806774104,4.258032901369896e-06,-0.00048383164805070896,-6.733476449229684e-05,0.9999998121694352,-4.5727215308921665e-06,0.0004699662974932428,0.0003934105534569877,0.9999999271927444,0.0,0.0,-0.00022680319408980096,0.9999999606330101,0.00018121118990766611,-0.00014840918058934028,-0.00015450306759963838,0.0,0.0,0.9999998597785865,7.998980760173985e-05,0.00047049657802470724,0.00022951559446300604,0.9999999897069134,0.0,0.0,-0.00011589178762309627,0.9999983565980153,-6.80502309876218e-05,0.0018111901009683245,-4.19625197574129e-05,0.0,0.0,1.0,0.0,0.0,0.0,1.0,0.0,0.0,0.0,1.0,0.0,0.0,0.0,0.0,0.0,0.0,1.0,0.0,0.0,0.0,1.0,0.0,0.0,0.0,0.0,0.0,0.0
0.0,0.0,0.0,0.9999998806774104,4.258032901369896e-06,-0.00048383164805070896,-6.733476449229684e-05,0.9999998121694352,-4.5727215308921665e-06,0.0004699662974932428,0.0003934105534569877,0.9999999271927444,0.0,0.0,-0.00022680319408980096,0.9999999570906513,0.00018302785978151554,-0.00015046517626478818,-0.00017227805652670906,0.0,0.0,0.9999998597785865,7.998980760173985e-05,0.00047049657802470724,0.00022951559446300604,0.9999999897069134,0.0,0.0,-0.00011589178762309627,0.9999983565980153,-6.80502309876218e-05,0.0018111901009683245,-4.19625197574129e-05,0.0,0.0,1.0,0.0,0.0,0.0,1.0,0.0,0.0,0.0,1.0,0.0,0.0,0.0,0.0,0.0,0.0,1.0,0.0,0.0,0.0,1.0,0.0,0.0,0.0,0.0,0.0,0.0
0.0,0.0,0.0,0.9999998806774104,4.258032901369896e-06,-0.00048383164805070896,-6.733476449229684e-05,0.9999998274767716,-4.547238363258353e-06,0.0004452143911323274,0.0003831577947434384,0.999999921687356,0.0,0.0,-0.000216548964098741,0.9999999570906513,0.00018302785978151554,-0.00015046517626478818,-0.00017227805652670906,0.0,0.0,0.9999998597785865,7.998980760173985e-05,0.00047049657802470724,0.00022951559446300604,0.9999999897069134,0.0,0.0,-0.00011589178762309627,0.9999983565980153,-6.80502309876218e-05,0.0018111901009683245,-4.19625197574129e-05,0.0,0.0,1.0,0.0,0.0,0.0,1.0,0.0,0.0,0.0,1.0,0.0,0.0,0.0,0.0,0.0,0.0,1.0,0.0,0.0,0.0,1.0,0.0,0.0,0.0,0.0,0.0,0.0
0.0,0.0,0.0,0.9999998813451972,2.7104085646741022e-05,-0.0004796886199037182,-8.045985220598351e-05,0.9999998238292025,-2.739409154293057e-05,0.0004410785726355735,0.00039628376244310137,0.9999999194753281,0.0,0.0,-0.00022407372815712195,0.9999999576153956,0.0001861110618968538,-0.00015161945712560465,-0.00016475260198231897,0.0,0.0,0.9999998524274295,4.459847228640091e-05,0.00047992330153062154,0.0002506585729654879,0.9999999853897679,0.0,0.0,-0.00013943906643985095,0.999998355069811,-5.487609268157856e-05,0.0018127738664884775,-2.6404459677988934e-05,0.0,0.0,1.0,0.0,0.0,0.0,1.0,0.0,0.0,0.0,1.0,0.0,0.0,0.0,0.0,0.0,0.0,1.0,0.0,0.0,0.0,1.0,0.0,0.0,0.0,0.0,0.0,0.0
0.0,0.0,0.0,0.9999998813451972,2.7104085646741022e-05,-0.0004796886199037182,-8.045985220598351e-05,0.9999998238292025,-2.739409154293057e-05,0.0004410785726355735,0.00039628376244310137,0.9999999194753281,0.0,0.0,-0.00022407372815712195,0.9999999576153956,0.0001861110618968538,-0.00015161945712560465,-0.00016475260198231897,0.0,0.0,0.9999998524274295,4.459847228640091e-05,0.00047992330153062154,0.0002506585729654879,0.9999999853897679,0.0,0.0,-0.00013943906643985095,0.999998355069811,-5.487609268157856e-05,0.0018127738664884775,-2.6404459677988934e-05,0.0,0.0,1.0,0.0,0.0,0.0,1.0,0.0,0.0,0.0,1.0,0.0,0.0,0.0,0.0,0.0,0.0,1.0,0.0,0.0,0.0,1.0,0.0,0.0,0.0,0.0,0.0,0.0
0.0,0.0,0.0,0.9999998813451972,2.7104085646741022e-05,-0.0004796886199037182,-8.045985220598351e-05,0.9999998238292025,-2.739409154293057e-05,0.0004410785726355735,0.00039628376244310137,0.9999999194753281,0.0,0.0,-0.00022407372815712195,0.9999999576153956,0.0001861110618968538,-0.00015161945712560465,-0.00016475260198231897,0.0,0.0,0.9999998522840152,6.3864427210781e-05,0.00048703698401568777,0.00023269778445309504,0.999999986195361,0.0,0.0,-0.00012148567017833577,0.9999983605193735,-3.697153313220975e-05,0.0018101880033902897,-2.8479170560798344e-05,0.0,0.0,1.0,0.0,0.0,0.0,1.0,0.0,0.0,0.0,1.0,0.0,0.0,0.0,0.0,0.0,0.0,1.0,0.0,0.0,0.0,1.0,0.0,0.0,0.0,0.0,0.0,0.0
0.0,0.0,0.0,0.9999998782395747,2.1475653655269306e-05,-0.00048548377247584093,-8.582038636009501e-05,0.9999998166992774,-1.237997838926324e-05,0.00044943425076578365,0.000405532984825519,0.9999999164397824,0.0,0.0,-0.00023570039745756855,0.999999958325008,0.00018773649098208944,-0.00015313109027202188,-0.00015702184999548296,0.0,0.0,0.9999998478079601,6.949370199741595e-05,0.0004928317666177133,0.00023805783258868472,0.9999999813435341,0.0,0.0,-0.00012194240870963096,0.999998372714213,2.646235216236484e-05,0.0018036322931905156,-2.7914526513165603e-05,0.0,0.0,1.0,0.0,0.0,0.0,1.0,0.0,0.0,0.0,1.0,0.0,0.0,0.0,0.0,0.0,0.0,1.0,0.0,0.0,0.0,1.0,0.0,0.0,0.0,0.0,0.0,0.0
0.0,0.0,0.0,0.9999998782395747,2.1475653655269306e-05,-0.00048548377247584093,-8.582038636009501e-05,0.9999998166992774,-1.237997838926324e-05,0.00044943425076578365,0.000405532984825519,0.9999999164397824,0.0,0.0,-0.00023570039745756855,0.999999958325008,0.00018773649098208944,-0.00015313109027202188,-0.00015702184999548296,0.0,0.0,0.9999998478079601,6.949370199741595e-05,0.0004928317666177133,0.00023805783258868472,0.9999999813435341,0.0,0.0,-0.00012194240870963096,0.999998372714213,2.646235216236484e-05,0.0018036322931905156,-2.7914526513165603e-05,0.0,0.0,1.0,0.0,0.0,0.0,1.0,0.0,0.0,0.0,1.0,0.0,0.0,0.0,0.0,0.0,0.0,1.0,0.0,0.0,0.0,1.0,0.0,0.0,0.0,0.0,0.0,0.0
0.0,0.0,0.0,0.9999998782395747,2.1475653655269306e-05,-0.00048548377247584093,-8.582038636009501e-05,0.9999998030912326,-2.2984129510880765e-05,0.00046637751745725724,0.0004192627304617325,0.999999919185052,0.0,0.0,-0.00024942330405419244,0.9999999750489282,0.00013537347231061124,-0.0001555365223940792,-8.593343985132643e-05,0.0,0.0,0.9999998478079601,6.949370199741595e-05,0.0004928317666177133,0.00023805783258868472,0.9999999813435341,0.0,0.0,-0.00012194240870963096,0.999998372714213,2.646235216236484e-05,0.0018036322931905156,-2.7914526513165603e-05,0.0,0.0,1.0,0.0,0.0,0.0,1.0,0.0,0.0,0.0,1.0,0.0,0.0,0.0,0.0,0.0,0.0,1.0,0.0,0.0,0.0,1.0,0.0,0.0,0.0,0.0,0.0,0.0
0.0,0.0,0.0,0.9999998782395747,2.1475653655269306e-05,-0.00048548377247584093,-8.582038636009501e-05,0.9999998030912326,-2.2984129510880765e-05,0.00046637751745725724,0.0004192627304617325,0.999999919185052,0.0,0.0,-0.00024942330405419244,0.9999999750489282,0.00013537347231061124,-0.0001555365223940792,-8.593343985132643e-05,0.0,0.0,0.9999998478079601,6.949370199741595e-05,0.0004928317666177133,0.00023805783258868472,0.9999999813435341,0.0,0.0,-0.00012194240870963096,0.999998372714213,2.646235216236484e-05,0.0018036322931905156,-2.7914526513165603e-05,0.0,0.0,1.0,0.0,0.0,0.0,1.0,0.0,0.0,0.0,1.0,0.0,0.0,0.0,0.0,0.0,0.0,1.0,0.0,0.0,0.0,1.0,0.0,0.0,0.0,0.0,0.0,0.0
0.0,0.0,0.0,0.9999998773860689,3.2149180408008406e-06,-0.0004865236645121428,-9.226177674216992e-05,0.9999998001403095,-4.7229250547840744e-06,0.000467411309800882,0.0004257037729166764,0.999999919185052,0.0,0.0,-0.00024942330405419244,0.9999999750489282,0.00013537347231061124,-0.0001555365223940792,-8.593343985132643e-05,0.0,0.0,0.9999998433257485,8.273803126316359e-05,0.000490653049805451,0.0002564419649689098,0.9999999814826726,0.0,0.0,-0.00012533419940732575,0.9999983654008258,5.672981371648114e-05,0.001806171689508666,-6.1001909553765585e-05,0.0,0.0,1.0,0.0,0.0,0.0,1.0,0.0,0.0,0.0,1.0,0.0,0.0,0.0,0.0,0.0,0.0,1.0,0.0,0.0,0.0,1.0,0.0,0.0,0.0,0.0,0.0,0.0
0.0,0.0,0.0,0.9999998773860689,3.2149180408008406e-06,-0.0004865236645121428,-9.226177674216992e-05,0.9999998001403095,-4.7229250547840744e-06,0.000467411309800882,0.0004257037729166764,0.999999919185052,0.0,0.0,-0.00024942330405419244,0.9999999750489282,0.00013537347231061124,-0.0001555365223940792,-8.593343985132643e-05,0.0,0.0,0.9999998433257485,8.273803126316359e-05,0.000490653049805451,0.0002564419649689098,0.9999999814826726,0.0,0.0,-0.00012533419940732575,0.9999983654008258,5.672981371648114e-05,0.001806171689508666,-6.1001909553765585e-05,0.0,0.0,1.0,0.0,0.0,0.0,1.0,0.0,0.0,0.0,1.0,0.0,0.0,0.0,0.0,0.0,0.0,1.0,0.0,0.0,0.0,1.0,0.0,0.0,0.0,0.0,0.0,0.0
0.0,0.0,0.0,0.9999998773860689,3.2149180408008406e-06,-0.0004865236645121428,-9.226177674216992e-05,0.9999998001403095,-4.7229250547840744e-06,0.000467411309800882,0.0004257037729166764,0.999999919185052,0.0,0.0,-0.00024942330405419244,0.9999999784137372,0.00012863633767491673,-0.00015682567724487604,-4.5065782601258825e-05,0.0,0.0,0.9999998447396277,7.69985090557488e-05,0.00048562712658015747,0.0002622179326423431,0.9999999818272777,0.0,0.0,-0.00013110773742510995,0.9999983539349946,2.8954564453132975e-06,0.0018128405013996347,-7.568509922014996e-05,0.0,0.0,1.0,0.0,0.0,0.0,1.0,0.0,0.0,0.0,1.0,0.0,0.0,0.0,0.0,0.0,0.0,1.0,0.0,0.0,0.0,1.0,0.0,0.0,0.0,0.0,0.0,0.0
0.0,0.0,0.0,0.9999998773860689,3.2149180408008406e-06,-0.0004865236645121428,-9.226177674216992e-05,0.9999998001403095,-4.7229250547840744e-06,0.000467411309800882,0.0004257037729166764,0.999999919185052,0.0,0.0,-0.00024942330405419244,0.9999999784137372,0.00012863633767491673,-0.00015682567724487604,-4.5065782601258825e-05,0.0,0.0,0.9999998447396277,7.69985090557488e-05,0.00048562712658015747,0.0002622179326423431,0.9999999818272777,0.0,0.0,-0.00013110773742510995,0.9999983539349946,2.8954564453132975e-06,0.0018128405013996347,-7.568509922014996e-05,0.0,0.0,1.0,0.0,0.0,0.0,1.0,0.0,0.0,0.0,1.0,0.0,0.0,0.0,0.0,0.0,0.0,1.0,0.0,0.0,0.0,1.0,0.0,0.0,0.0,0.0,0.0,0.0
0.0,0.0,0.0,0.9999998710836605,-6.864020648125836e-06,-0.00049763492834158,-0.000100722517354238,0.9999997852921966,3.573416877264597e-06,0.00048357180244978833,0.00044222291134662716,0.999999919416591,0.0,0.0,-0.00025513605721256833,0.9999999613827895,0.0001808584854891537,-0.00015115358677319327,-0.00014723186146932844,0.0,0.0,0.9999998362013524,8.707934357522496e-05,0.0004967373548128826,0.0002706777725647711,0.9999999807305163,0.0,0.0,-0.0001273182249302831,0.9999983449139269,1.323574581144788e-05,0.00181760306984292,-7.945629116023845e-05,0.0,0.0,1.0,0.0,0.0,0.0,1.0,0.0,0.0,0.0,1.0,0.0,0.0,0.0,0.0,0.0,0.0,1.0,0.0,0.0,0.0,1.0,0.0,0.0,0.0,0.0,0.0,0.0
0.0,0.0,0.0,0.9999998710836605,-6.864020648125836e-06,-0.00049763492834158,-0.000100722517354238,0.9999997852921966,3.573416877264597e-06,0.00048357180244978833,0.00044222291134662716,0.999999919416591,0.0,0.0,-0.00025513605721256833,0.9999999613827895,0.0001808584854891537,-0.00015115358677319327,-0.00014723186146932844,0.0,0.0,0.9999998362013524,8.707934357522496e-05,0.0004967373548128826,0.0002706777725647711,0.9999999807305163,0.0,0.0,-0.0001273182249302831,0.9999983449139269,1.323574581144788e-05,0.00181760306984292,-7.945629116023845e-05,0.0,0.0,1.0,0.0,0.0,0.0,1.0,0.0,0.0,0.0,1.0,0.0,0.0,0.0,0.0,0.0,0.0,1.0,0.0,0.0,0.0,1.0,0.0,0.0,0.0,0.0,0.0,0.0
0.0,0.0,0.0,0.9999998728945839,-2.0973479295771927e-06,-0.0004954957151777901,-9.322238650092078e-05,0.999999797538193,1.5353302029680458e-05,0.0004704297744529958,0.0004282332034571741,0.9999999104985744,0.0,0.0,-0.0002630005664474325,0.9999999617874887,0.00018407232240213683,-0.00015774333988914343,-0.00013288882541113265,0.0,0.0,0.9999998378143877,7.98167251045131e-05,0.0004983570719435661,0.00026389527710999136,0.9999999805706083,0.0,0.0,-0.00012803481251729988,0.9999983449139269,1.323574581144788e-05,0.00181760306984292,-7.945629116023845e-05,0.0,0.0,1.0,0.0,0.0,0.0,1.0,0.0,0.0,0.0,1.0,0.0,0.0,0.0,0.0,0.0,0.0,1.0,0.0,0.0,0.0,1.0,0.0,0.0,0.0,0.0,0.0,0.0
0.0,0.0,0.0,0.9999998728945839,-2.0973479295771927e-06,-0.0004954957151777901,-9.322238650092078e-05,0.999999797538193,1.5353302029680458e-05,0.0004704297744529958,0.0004282332034571741,0.9999999104985744,0.0,0.0,-0.0002630005664474325,0.9999999617874887,0.00018407232240213683,-0.00015774333988914343,-0.00013288882541113265,0.0,0.0,0.9999998378143877,7.98167251045131e-05,0.0004983570719435661,0.00026389527710999136,0.9999999805706083,0.0,0.0,-0.00012803481251729988,0.9999983449139269,1.323574581144788e-05,0.00181760306984292,-7.945629116023845e-05,0.0,0.0,1.0,0.0,0.0,0.0,1.0,0.0,0.0,0.0,1.0,0.0,0.0,0.0,0.0,0.0,0.0,1.0,0.0,0.0,0.0,1.0,0.0,0.0,0.0,0.0,0.0,0.0
0.0,0.0,0.0,0.9999998728945839,-2.0973479295771927e-06,-0.0004954957151777901,-9.322238650092078e-05,0.999999797538193,1.5353302029680458e-05,0.0004704297744529958,0.0004282332034571741,0.9999999104985744,0.0,0.0,-0.0002630005664474325,0.9999999703884584,0.00015149935739133602,-0.00015965277215677521,-0.00010383650237683951,0.0,0.0,0.9999998319253037,8.181738165231361e-05,0.0004989252222430489,0.0002837761496549735,0.999999977631277,0.0,0.0,-0.00015997343634455507,0.9999983542998281,-3.249894476150078e-05,0.0018137750740353214,-2.369461705279331e-05,0.0,0.0,1.0,0.0,0.0,0.0,1.0,0.0,0.0,0.0,1.0,0.0,0.0,0.0,0.0,0.0,0.0,1.0,0.0,0.0,0.0,1.0,0.0,0.0,0.0,0.0,0.0,0.0
0.0,0.0,0.0,0.9999998728945839,-2.0973479295771927e-06,-0.0004954957151777901,-9.322238650092078e-05,0.999999797538193,1.5353302029680458e-05,0.0004704297744529958,0.0004282332034571741,0.9999999104985744,0.0,0.0,-0.0002630005664474325,0.9999999703884584,0.00015149935739133602,-0.00015965277215677521,-0.00010383650237683951,0.0,0.0,0.9999998319253037,8.181738165231361e-05,0.0004989252222430489,0.0002837761496549735,0.999999977631277,0.0,0.0,-0.00015997343634455507,0.9999983542998281,-3.249894476150078e-05,0.0018137750740353214,-2.369461705279331e-05,0.0,0.0,1.0,0.0,0.0,0.0,1.0,0.0,0.0,0.0,1.0,0.0,0.0,0.0,0.0,0.0,0.0,1.0,0.0,0.0,0.0,1.0,0.0,0.0,0.0,0.0,0.0,0.0
0.0,0.0,0.0,0.9999998725346617,2.9206677333758957e-05,-0.0004921532886589355,-0.00010891634789391336,0.9999997916123499,-1.8462985099755648e-05,0.00046724647373456367,0.0004451012332618151,0.9999999143118784,0.0,0.0,-0.00025903541132587914,0.9999999820015301,9.619498644522141e-05,-0.0001582455056541668,-4.125316926472928e-05,0.0,0.0,0.99999983107827,5.051266627192081e-05,0.0004955900117759663,0.00029947026965041157,0.999999977631277,0.0,0.0,-0.00015997343634455507,0.9999983542998281,-3.249894476150078e-05,0.0018137750740353214,-2.369461705279331e-05,0.0,0.0,1.0,0.0,0.0,0.0,1.0,0.0,0.0,0.0,1.0,0.0,0.0,0.0,0.0,0.0,0.0,1.0,0.0,0.0,0.0,1.0,0.0,0.0,0.0,0.0,0.0,0.0
0.0,0.0,0.0,0.9999998725346617,2.9206677333758957e-05,-0.0004921532886589355,-0.00010891634789391336,0.9999997916123499,-1.8462985099755648e-05,0.00046724647373456367,0.0004451012332618151,0.9999999143118784,0.0,0.0,-0.00025903541132587914,0.9999999820015301,9.619498644522141e-05,-0.0001582455056541668,-4.125316926472928e-05,0.0,0.0,0.99999983107827,5.051266627192081e-05,0.0004955900117759663,0.00029947026965041157,0.999999977631277,0.0,0.0,-0.00015997343634455507,0.9999983542998281,-3.249894476150078e-05,0.0018137750740353214,-2.369461705279331e-05,0.0,0.0,1.0,0.0,0.0,0.0,1.0,0.0,0.0,0.0,1.0,0.0,0.0,0.0,0.0,0.0,0.0,1.0,0.0,0.0,0.0,1.0,0.0,0.0,0.0,0.0,0.0,0.0
0.0,0.0,0.0,0.9999998725346617,2.9206677333758957e-05,-0.0004921532886589355,-0.00010891634789391336,0.9999997936898136,-1.3033090447020911e-05,0.0004790459448248759,0.0004277446102650016,0.9999999218746004,0.0,0.0,-0.00024168413517336793,0.9999999820015301,9.619498644522141e-05,-0.0001582455056541668,-4.125316926472928e-05,0.0,0.0,0.99999983107827,5.051266627192081e-05,0.0004955900117759663,0.00029947026965041157,0.999999977631277,0.0,0.0,-0.00015997343634455507,0.9999983699550817,-9.05602311140302e-06,0.0018054914719342382,1.4342686679669998e-05,0.0,0.0,1.0,0.0,0.0,0.0,1.0,0.0,0.0,0.0,1.0,0.0,0.0,0.0,0.0,0.0,0.0,1.0,0.0,0.0,0.0,1.0,0.0,0.0,0.0,0.0,0.0,0.0
0.0,0.0,0.0,0.9999998725346617,2.9206677333758957e-05,-0.0004921532886589355,-0.00010891634789391336,0.9999997936898136,-1.3033090447020911e-05,0.0004790459448248759,0.0004277446102650016,0.9999999218746004,0.0,0.0,-0.00024168413517336793,0.9999999820015301,9.619498644522141e-05,-0.0001582455056541668,-4.125316926472928e-05,0.0,0.0,0.99999983107827,5.051266627192081e-05,0.0004955900117759663,0.00029947026965041157,0.999999977631277,0.0,0.0,-0.00015997343634455507,0.9999983699550817,-9.05602311140302e-06,0.0018054914719342382,1.4342686679669998e-05,0.0,0.0,1.0,0.0,0.0,0.0,1.0,0.0,0.0,0.0,1.0,0.0,0.0,0.0,0.0,0.0,0.0,1.0,0.0,0.0,0.0,1.0,0.0,0.0,0.0,0.0,0.0,0.0
0.0,0.0,0.0,0.9999998725346617,2.9206677333758957e-05,-0.0004921532886589355,-0.00010891634789391336,0.9999997936898136,-1.3033090447020911e-05,0.0004790459448248759,0.0004277446102650016,0.9999999215305914,0.0,0.0,-0.00024803297796458163,0.999999983478722,8.45238733712603e-05,-0.00015709818547631846,-3.4906027919304e-05,0.0,0.0,0.99999983107827,5.051266627192081e-05,0.0004955900117759663,0.00029947026965041157,0.9999999764552884,0.0,0.0,-0.00017223918089681841,0.9999983645246773,-2.11462756553899e-05,0.0018082571387080283,2.658808093644468e-05,0.0,0.0,1.0,0.0,0.0,0.0,1.0,0.0,0.0,0.0,1.0,0.0,0.0,0.0,0.0,0.0,0.0,1.0,0.0,0.0,0.0,1.0,0.0,0.0,0.0,0.0,0.0,0.0
0.0,0.0,0.0,0.9999998737195867,2.637594734679122e-05,-0.0004900660325821834,-0.00010816840447444683,0.9999997950404934,-1.0203035889343718e-05,0.00047695777432254203,0.000426996663554838,0.9999999215305914,0.0,0.0,-0.00024803297796458163,0.9999999818616222,9.681639736858925e-05,-0.00015576018408187134,-5.140141585753562e-05,0.0,0.0,0.9999998311055178,6.233238735896513e-05,0.0004979107144494405,0.0002932380085561257,0.9999999761109033,0.0,0.0,-0.00016675838828178886,0.9999983645246773,-2.11462756553899e-05,0.0018082571387080283,2.658808093644468e-05,0.0,0.0,1.0,0.0,0.0,0.0,1.0,0.0,0.0,0.0,1.0,0.0,0.0,0.0,0.0,0.0,0.0,1.0,0.0,0.0,0.0,1.0,0.0,0.0,0.0,0.0,0.0,0.0
0.0,0.0,0.0,0.9999998737195867,2.637594734679122e-05,-0.0004900660325821834,-0.00010816840447444683,0.9999997950404934,-1.0203035889343718e-05,0.00047695777432254203,0.000426996663554838,0.9999999215305914,0.0,0.0,-0.00024803297796458163,0.9999999818616222,9.681639736858925e-05,-0.00015576018408187134,-5.140141585753562e-05,0.0,0.0,0.9999998311055178,6.233238735896513e-05,0.0004979107144494405,0.0002932380085561257,0.9999999761109033,0.0,0.0,-0.00016675838828178886,0.9999983645246773,-2.11462756553899e-05,0.0018082571387080283,2.658808093644468e-05,0.0,0.0,1.0,0.0,0.0,0.0,1.0,0.0,0.0,0.0,1.0,0.0,0.0,0.0,0.0,0.0,0.0,1.0,0.0,0.0,0.0,1.0,0.0,0.0,0.0,0.0,0.0,0.0
0.0,0.0,0.0,0.9999998733481112,-3.110271317039109e-05,-0.0004968381889678542,-7.408236503098209e-05,0.9999998047051728,4.7277333740477455e-05,0.0004837110582160966,0.0003929097632483117,0.9999999192898859,0.0,0.0,-0.0002497145615105636,0.9999999810681895,9.562350782119472e-05,-0.0001620114320403952,-4.971982661244639e-05,0.0,0.0,0.9999998322036083,0.00012446703740148356,0.0005107450333326001,0.0002433931444256455,0.9999999775082272,0.0,0.0,-0.00015100144308748006,0.9999983772844782,1.698053090532891e-05,0.0018013782858975838,-1.3279423628454196e-05,0.0,0.0,1.0,0.0,0.0,0.0,1.0,0.0,0.0,0.0,1.0,0.0,0.0,0.0,0.0,0.0,0.0,1.0,0.0,0.0,0.0,1.0,0.0,0.0,0.0,0.0,0.0,0.0
0.0,0.0,0.0,0.9999998733481112,-3.110271317039109e-05,-0.0004968381889678542,-7.408236503098209e-05,0.9999997960474835,4.351173566190946e-05,0.0004947684518376444,0.0004015169975784496,0.9999999176891959,0.0,0.0,-0.00026527933993666697,0.9999999755683545,0.0001238788349383022,-0.00017558568142923703,-5.1836214258926115e-05,0.0,0.0,0.9999998322036083,0.00012446703740148356,0.0005107450333326001,0.0002433931444256455,0.9999999775082272,0.0,0.0,-0.00015100144308748006,0.9999983820678502,-6.293659340331647e-06,0.0017988311587816062,5.341712191576037e-06,0.0,0.0,1.0,0.0,0.0,0.0,1.0,0.0,0.0,0.0,1.0,0.0,0.0,0.0,0.0,0.0,0.0,1.0,0.0,0.0,0.0,1.0,0.0,0.0,0.0,0.0,0.0,0.0
0.0,0.0,0.0,0.9999998732717805,-2.5545832283714163e-05,-0.0004990177912397374,-6.152298129978505e-05,0.9999998001561494,3.795554288561611e-05,0.0004969497197377672,0.00038895759925428535,0.9999999176891959,0.0,0.0,-0.00026527933993666697,0.9999999755683545,0.0001238788349383022,-0.00017558568142923703,-5.1836214258926115e-05,0.0,0.0,0.9999998379325646,0.00010908334830500903,0.0005066356514364745,0.0002357031695685389,0.9999999775316084,0.0,0.0,-0.000161662984145001,0.9999983846903426,-5.481714728820977e-06,0.00179734876591734,1.1138662715014202e-05,0.0,0.0,1.0,0.0,0.0,0.0,1.0,0.0,0.0,0.0,1.0,0.0,0.0,0.0,0.0,0.0,0.0,1.0,0.0,0.0,0.0,1.0,0.0,0.0,0.0,0.0,0.0,0.0
0.0,0.0,0.0,0.9999998732717805,-2.5545832283714163e-05,-0.0004990177912397374,-6.152298129978505e-05,0.9999998001561494,3.795554288561611e-05,0.0004969497197377672,0.00038895759925428535,0.9999999176891959,0.0,0.0,-0.00026527933993666697,0.9999999755683545,0.0001238788349383022,-0.00017558568142923703,-5.1836214258926115e-05,0.0,0.0,0.9999998379325646,0.00010908334830500903,0.0005066356514364745,0.0002357031695685389,0.9999999775316084,0.0,0.0,-0.000161662984145001,0.9999983846903426,-5.481714728820977e-06,0.00179734876591734,1.1138662715014202e-05,0.0,0.0,1.0,0.0,0.0,0.0,1.0,0.0,0.0,0.0,1.0,0.0,0.0,0.0,0.0,0.0,0.0,1.0,0.0,0.0,0.0,1.0,0.0,0.0,0.0,0.0,0.0,0.0
0.0,0.0,0.0,0.9999998765604895,-2.1835665932572917e-05,-0.0004941237816268559,-4.736980039407164e-05,0.9999998110819888,5.13230095410054e-05,0.0004958692958368207,0.00035960475111533017,0.9999999214621773,0.0,0.0,-0.0002500932542462998,0.9999999732066703,0.00013143310954412168,-0.00017550192964723755,-7.42365749992075e-05,0.0,0.0,0.9999998450733101,9.746594171377428e-05,0.0005013430706475948,0.00022137947438721984,0.9999999759999942,0.0,0.0,-0.0001627971733737209,0.9999983760921043,1.1687522879026982e-05,0.0018020879262338298,1.2476460305186061e-05,0.0,0.0,1.0,0.0,0.0,0.0,1.0,0.0,0.0,0.0,1.0,0.0,0.0,0.0,0.0,0.0,0.0,1.0,0.0,0.0,0.0,1.0,0.0,0.0,0.0,0.0,0.0,0.0
0.0,0.0,0.0,0.9999998765604895,-2.1835665932572917e-05,-0.0004941237816268559,-4.736980039407164e-05,0.9999998110819888,5.13230095410054e-05,0.0004958692958368207,0.00035960475111533017,0.9999999270833037,0.0,0.0,-0.00024337038598779,0.9999999748571661,0.00011818476830670372,-0.00016239048275921162,-9.973644638242134e-05,0.0,0.0,0.9999998450733101,9.746594171377428e-05,0.0005013430706475948,0.00022137947438721984,0.9999999759999942,0.0,0.0,-0.0001627971733737209,0.9999983759059315,-9.566199706014537e-06,0.0018019082599538257,3.493722872680373e-05,0.0,0.0,1.0,0.0,0.0,0.0,1.0,0.0,0.0,0.0,1.0,0.0,0.0,0.0,0.0,0.0,0.0,1.0,0.0,0.0,0.0,1.0,0.0,0.0,0.0,0.0,0.0,0.0
0.0,0.0,0.0,0.9999998765604895,-2.1835665932572917e-05,-0.0004941237816268559,-4.736980039407164e-05,0.9999998110819888,5.13230095410054e-05,0.0004958692958368207,0.00035960475111533017,0.9999999270833037,0.0,0.0,-0.00024337038598779,0.9999999748571661,0.00011818476830670372,-0.00016239048275921162,-9.973644638242134e-05,0.0,0.0,0.9999998450733101,9.746594171377428e-05,0.0005013430706475948,0.00022137947438721984,0.9999999759999942,0.0,0.0,-0.0001627971733737209,0.9999983759059315,-9.566199706014537e-06,0.0018019082599538257,3.493722872680373e-05,0.0,0.0,1.0,0.0,0.0,0.0,1.0,0.0,0.0,0.0,1.0,0.0,0.0,0.0,0.0,0.0,0.0,1.0,0.0,0.0,0.0,1.0,0.0,0.0,0.0,0.0,0.0,0.0
0.0,0.0,0.0,0.9999998765604895,-2.1835665932572917e-05,-0.0004941237816268559,-4.736980039407164e-05,0.9999998110819888,5.13230095410054e-05,0.0004958692958368207,0.00035960475111533017,0.9999999369322609,0.0,0.0,-0.00021074008621969664,0.999999973838421,9.92896445364571e-05,-0.00015793384023783425,-0.0001323692791396802,0.0,0.0,0.9999998450733101,9.746594171377428e-05,0.0005013430706475948,0.00022137947438721984,0.9999999786812122,0.0,0.0,-0.0001480459688131042,0.9999983732480884,9.089638879362039e-06,0.0018037202465957173,-3.439085908104037e-06,0.0,0.0,1.0,0.0,0.0,0.0,1.0,0.0,0.0,0.0,1.0,0.0,0.0,0.0,0.0,0.0,0.0,1.0,0.0,0.0,0.0,1.0,0.0,0.0,0.0,0.0,0.0,0.0
0.0,0.0,0.0,0.9999998765604895,-2.1835665932572917e-05,-0.0004941237816268559,-4.736980039407164e-05,0.9999998110819888,5.13230095410054e-05,0.0004958692958368207,0.00035960475111533017,0.9999999369322609,0.0,0.0,-0.00021074008621969664,0.999999973838421,9.92896445364571e-05,-0.00015793384023783425,-0.0001323692791396802,0.0,0.0,0.9999998450733101,9.746594171377428e-05,0.0005013430706475948,0.00022137947438721984,0.9999999786812122,0.0,0.0,-0.0001480459688131042,0.9999983732480884,9.089638879362039e-06,0.0018037202465957173,-3.439085908104037e-06,0.0,0.0,1.0,0.0,0.0,0.0,1.0,0.0,0.0,0.0,1.0,0.0,0.0,0.0,0.0,0.0,0.0,1.0,0.0,0.0,0.0,1.0,0.0,0.0,0.0,0.0,0.0,0.0
0.0,0.0,0.0,0.9999998799742051,-9.698074923279463e-06,-0.0004890074831565399,-2.8795902925165962e-05,0.9999998158764448,4.4135037486626396e-05,0.0004908851117191164,0.00035402116067808774,0.9999999338725174,0.0,0.0,-0.00022373408173868457,0.999999973838421,9.92896445364571e-05,-0.00015793384023783425,-0.0001323692791396802,0.0,0.0,0.999999855242369,8.712517653035502e-05,0.0004894885883673953,0.0002057312966418401,0.9999999842292333,0.0,0.0,-0.00011929660468820865,0.9999983659884516,-8.656957603949202e-06,0.0018074043136353927,-3.5144428701371244e-05,0.0,0.0,1.0,0.0,0.0,0.0,1.0,0.0,0.0,0.0,1.0,0.0,0.0,0.0,0.0,0.0,0.0,1.0,0.0,0.0,0.0,1.0,0.0,0.0,0.0,0.0,0.0,0.0
0.0,0.0,0.0,0.9999998799742051,-9.698074923279463e-06,-0.0004890074831565399,-2.8795902925165962e-05,0.9999998158764448,4.4135037486626396e-05,0.0004908851117191164,0.00035402116067808774,0.9999999338725174,0.0,0.0,-0.00022373408173868457,0.999999973838421,9.92896445364571e-05,-0.00015793384023783425,-0.0001323692791396802,0.0,0.0,0.999999855242369,8.712517653035502e-05,0.0004894885883673953,0.0002057312966418401,0.9999999842292333,0.0,0.0,-0.00011929660468820865,0.9999983659884516,-8.656957603949202e-06,0.0018074043136353927,-3.5144428701371244e-05,0.0,0.0,1.0,0.0,0.0,0.0,1.0,0.0,0.0,0.0,1.0,0.0,0.0,0.0,0.0,0.0,0.0,1.0,0.0,0.0,0.0,1.0,0.0,0.0,0.0,0.0,0.0,0.0
0.0,0.0,0.0,0.9999998824482803,-7.34473043159906e-06,-0.00047891577653900894,-7.542651756437979e-05,0.9999998032839218,4.177832330107997e-05,0.0004807957694555818,0.00040065211512755206,0.9999999338725174,0.0,0.0,-0.00022373408173868457,0.9999999765565263,7.851579091071081e-05,-0.00015619338911751108,-0.00012777262036039845,0.0,0.0,0.9999998487025773,8.863534606599911e-05,0.000488082276576325,0.000237727342261484,0.9999999846010725,0.0,0.0,-0.00010466264325641106,0.9999983659884516,-8.656957603949202e-06,0.0018074043136353927,-3.5144428701371244e-05,0.0,0.0,1.0,0.0,0.0,0.0,1.0,0.0,0.0,0.0,1.0,0.0,0.0,0.0,0.0,0.0,0.0,1.0,0.0,0.0,0.0,1.0,0.0,0.0,0.0,0.0,0.0,0.0
0.0,0.0,0.0,0.9999998824482803,-7.34473043159906e-06,-0.00047891577653900894,-7.542651756437979e-05,0.9999998032839218,4.177832330107997e-05,0.0004807957694555818,0.00040065211512755206,0.9999999338725174,0.0,0.0,-0.00022373408173868457,0.9999999765565263,7.851579091071081e-05,-0.00015619338911751108,-0.00012777262036039845,0.0,0.0,0.9999998487025773,8.863534606599911e-05,0.000488082276576325,0.000237727342261484,0.9999999846010725,0.0,0.0,-0.00010466264325641106,0.9999983659884516,-8.656957603949202e-06,0.0018074043136353927,-3.5144428701371244e-05,0.0,0.0,1.0,0.0,0.0,0.0,1.0,0.0,0.0,0.0,1.0,0.0,0.0,0.0,0.0,0.0,0.0,1.0,0.0,0.0,0.0,1.0,0.0,0.0,0.0,0.0,0.0,0.0
0.0,0.0,0.0,0.9999998824482803,-7.34473043159906e-06,-0.00047891577653900894,-7.542651756437979e-05,0.9999998091508946,5.144256968706488e-05,0.0004831959874102508,0.00038154092074018156,0.999999937273384,0.0,0.0,-0.00020668125785377285,0.9999999868523494,3.2307194304212654e-05,-0.00014973609487277072,-5.320383519846936e-05,0.0,0.0,0.9999998487025773,8.863534606599911e-05,0.000488082276576325,0.000237727342261484,0.9999999846010725,0.0,0.0,-0.00010466264325641106,0.9999983659884516,-8.656957603949202e-06,0.0018074043136353927,-3.5144428701371244e-05,0.0,0.0,1.0,0.0,0.0,0.0,1.0,0.0,0.0,0.0,1.0,0.0,0.0,0.0,0.0,0.0,0.0,1.0,0.0,0.0,0.0,1.0,0.0,0.0,0.0,0.0,0.0,0.0
0.0,0.0,0.0,0.9999998824482803,-7.34473043159906e-06,-0.00047891577653900894,-7.542651756437979e-05,0.9999998091508946,5.144256968706488e-05,0.0004831959874102508,0.00038154092074018156,0.999999937273384,0.0,0.0,-0.00020668125785377285,0.9999999868523494,3.2307194304212654e-05,-0.00014973609487277072,-5.320383519846936e-05,0.0,0.0,0.9999998487025773,8.863534606599911e-05,0.000488082276576325,0.000237727342261484,0.9999999846010725,0.0,0.0,-0.00010466264325641106,0.9999983659884516,-8.656957603949202e-06,0.0018074043136353927,-3.5144428701371244e-05,0.0,0.0,1.0,0.0,0.0,0.0,1.0,0.0,0.0,0.0,1.0,0.0,0.0,0.0,0.0,0.0,0.0,1.0,0.0,0.0,0.0,1.0,0.0,0.0,0.0,0.0,0.0,0.0
0.0,0.0,0.0,0.9999998824482803,-7.34473043159906e-06,-0.00047891577653900894,-7.542651756437979e-05,0.9999998091508946,5.144256968706488e-05,0.0004831959874102508,0.00038154092074018156,0.9999999279821277,0.0,0.0,-0.00023962993143445695,0.9999999870132891,3.141041913331929e-05,-0.0001567690073535417,-2.0255503864813928e-05,0.0,0.0,0.9999998487025773,8.863534606599911e-05,0.000488082276576325,0.000237727342261484,0.999999985004711,0.0,0.0,-0.0001050959484431275,0.9999983738640711,2.9475401970774542e-05,0.001801634899432379,-7.424353983059841e-05,0.0,0.0,1.0,0.0,0.0,0.0,1.0,0.0,0.0,0.0,1.0,0.0,0.0,0.0,0.0,0.0,0.0,1.0,0.0,0.0,0.0,1.0,0.0,0.0,0.0,0.0,0.0,0.0
0.0,0.0,0.0,0.9999998824482803,-7.34473043159906e-06,-0.00047891577653900894,-7.542651756437979e-05,0.9999998091508946,5.144256968706488e-05,0.0004831959874102508,0.00038154092074018156,0.9999999279821277,0.0,0.0,-0.00023962993143445695,0.9999999870132891,3.141041913331929e-05,-0.0001567690073535417,-2.0255503864813928e-05,0.0,0.0,0.9999998487025773,8.863534606599911e-05,0.000488082276576325,0.000237727342261484,0.999999985004711,0.0,0.0,-0.0001050959484431275,0.9999983738640711,2.9475401970774542e-05,0.001801634899432379,-7.424353983059841e-05,0.0,0.0,1.0,0.0,0.0,0.0,1.0,0.0,0.0,0.0,1.0,0.0,0.0,0.0,0.0,0.0,0.0,1.0,0.0,0.0,0.0,1.0,0.0,0.0,0.0,0.0,0.0,0.0
0.0,0.0,0.0,0.9999998820539729,-1.0466345974869782e-05,-0.0004760493491406245,-9.570534541611752e-05,0.9999998039217931,3.7214611810225155e-05,0.00047569240268349966,0.00040557143156997363,0.9999999266895693,0.0,0.0,-0.00024336811390867654,0.9999999870132891,3.141041913331929e-05,-0.0001567690073535417,-2.0255503864813928e-05,0.0,0.0,0.9999998446265278,8.909409673275718e-05,0.0004905038080016361,0.0002494297028902118,0.9999999855421532,0.0,0.0,-9.651819802521106e-05,0.9999983710517245,8.518523135867693e-05,0.0018010602370355357,-8.257963775538946e-05,0.0,0.0,1.0,0.0,0.0,0.0,1.0,0.0,0.0,0.0,1.0,0.0,0.0,0.0,0.0,0.0,0.0,1.0,0.0,0.0,0.0,1.0,0.0,0.0,0.0,0.0,0.0,0.0
0.0,0.0,0.0,0.9999998820539729,-1.0466345974869782e-05,-0.0004760493491406245,-9.570534541611752e-05,0.9999998039217931,3.7214611810225155e-05,0.00047569240268349966,0.00040557143156997363,0.9999999266895693,0.0,0.0,-0.00024336811390867654,0.9999999870132891,3.141041913331929e-05,-0.0001567690073535417,-2.0255503864813928e-05,0.0,0.0,0.9999998446265278,8.909409673275718e-05,0.0004905038080016361,0.0002494297028902118,0.9999999855421532,0.0,0.0,-9.651819802521106e-05,0.9999983710517245,8.518523135867693e-05,0.0018010602370355357,-8.257963775538946e-05,0.0,0.0,1.0,0.0,0.0,0.0,1.0,0.0,0.0,0.0,1.0,0.0,0.0,0.0,0.0,0.0,0.0,1.0,0.0,0.0,0.0,1.0,0.0,0.0,0.0,0.0,0.0,0.0
0.0,0.0,0.0,0.9999998820539729,-1.0466345974869782e-05,-0.0004760493491406245,-9.570534541611752e-05,0.9999998039217931,3.7214611810225155e-05,0.00047569240268349966,0.00040557143156997363,0.9999999266895693,0.0,0.0,-0.00024336811390867654,0.999999986973229,3.430937093613579e-05,-0.00015311084672429019,-3.786129206856358e-05,0.0,0.0,0.9999998446265278,8.909409673275718e-05,0.0004905038080016361,0.0002494297028902118,0.9999999811984787,0.0,0.0,-0.00011612308151005213,0.9999983760549315,0.00011125430745748524,0.0017976511660220793,-6.293063024055151e-05,0.0,0.0,1.0,0.0,0.0,0.0,1.0,0.0,0.0,0.0,1.0,0.0,0.0,0.0,0.0,0.0,0.0,1.0,0.0,0.0,0.0,1.0,0.0,0.0,0.0,0.0,0.0,0.0
0.0,0.0,0.0,0.9999998818920747,-4.802502542252345e-06,-0.00047946007384546037,-7.944060686770137e-05,0.999999806630247,1.6372965833653772e-05,0.0004822714381087877,0.00039228262056854147,0.9999999247778918,0.0,0.0,-0.00025924933321412103,0.9999999820831104,7.331412824839085e-05,-0.0001539349893597902,-8.223646690422258e-05,0.0,0.0,0.9999998473611708,8.343101281303824e-05,0.0004939141258427839,0.00023316461479397867,0.9999999811984787,0.0,0.0,-0.00011612308151005213,0.9999983760549315,0.00011125430745748524,0.0017976511660220793,-6.293063024055151e-05,0.0,0.0,1.0,0.0,0.0,0.0,1.0,0.0,0.0,0.0,1.0,0.0,0.0,0.0,0.0,0.0,0.0,1.0,0.0,0.0,0.0,1.0,0.0,0.0,0.0,0.0,0.0,0.0
0.0,0.0,0.0,0.9999998818920747,-4.802502542252345e-06,-0.00047946007384546037,-7.944060686770137e-05,0.999999806630247,1.6372965833653772e-05,0.0004822714381087877,0.00039228262056854147,0.9999999247778918,0.0,0.0,-0.00025924933321412103,0.9999999820831104,7.331412824839085e-05,-0.0001539349893597902,-8.223646690422258e-05,0.0,0.0,0.9999998473611708,8.343101281303824e-05,0.0004939141258427839,0.00023316461479397867,0.9999999811984787,0.0,0.0,-0.00011612308151005213,0.9999983760549315,0.00011125430745748524,0.0017976511660220793,-6.293063024055151e-05,0.0,0.0,1.0,0.0,0.0,0.0,1.0,0.0,0.0,0.0,1.0,0.0,0.0,0.0,0.0,0.0,0.0,1.0,0.0,0.0,0.0,1.0,0.0,0.0,0.0,0.0,0.0,0.0
0.0,0.0,0.0,0.9999998818920747,-4.802502542252345e-06,-0.00047946007384546037,-7.944060686770137e-05,0.999999806630247,1.6372965833653772e-05,0.0004822714381087877,0.00039228262056854147,0.9999999247778918,0.0,0.0,-0.00025924933321412103,0.9999999820831104,7.331412824839085e-05,-0.0001539349893597902,-8.223646690422258e-05,0.0,0.0,0.9999998572080251,7.349057387286565e-05,0.0004756307722068481,0.0002322895462716807,0.999999984148406,0.0,0.0,-0.00011524360076527502,0.9999983885315333,0.00011079224369931137,0.0017912269202919055,-4.6535311553582453e-05,0.0,0.0,1.0,0.0,0.0,0.0,1.0,0.0,0.0,0.0,1.0,0.0,0.0,0.0,0.0,0.0,0.0,1.0,0.0,0.0,0.0,1.0,0.0,0.0,0.0,0.0,0.0,0.0
0.0,0.0,0.0,0.9999998818920747,-4.802502542252345e-06,-0.00047946007384546037,-7.944060686770137e-05,0.999999806630247,1.6372965833653772e-05,0.0004822714381087877,0.00039228262056854147,0.9999999247778918,0.0,0.0,-0.00025924933321412103,0.9999999820831104,7.331412824839085e-05,-0.0001539349893597902,-8.223646690422258e-05,0.0,0.0,0.9999998572080251,7.349057387286565e-05,0.0004756307722068481,0.0002322895462716807,0.999999984148406,0.0,0.0,-0.00011524360076527502,0.9999983885315333,0.00011079224369931137,0.0017912269202919055,-4.6535311553582453e-05,0.0,0.0,1.0,0.0,0.0,0.0,1.0,0.0,0.0,0.0,1.0,0.0,0.0,0.0,0.0,0.0,0.0,1.0,0.0,0.0,0.0,1.0,0.0,0.0,0.0,0.0,0.0,0.0
0.0,0.0,0.0,0.99999988218932,-3.8406307962865987e-07,-0.0004796446411769746,-7.45802713047086e-05,0.9999998084979789,1.1954597999568349e-05,0.00048245733222151933,0.00038742227080426227,0.9999999290846922,0.0,0.0,-0.0002523943025324897,0.9999999817672302,9.037630514835468e-05,-0.000142690857567642,-8.908974101864763e-05,0.0,0.0,0.9999998585522042,6.907214407512168e-05,0.0004758156815445701,0.0002274292150987673,0.9999999829242557,0.0,0.0,-0.00013395453488195287,0.9999983850410356,8.281727041080866e-05,0.0017952862551142807,-1.9704370037262383e-06,0.0,0.0,1.0,0.0,0.0,0.0,1.0,0.0,0.0,0.0,1.0,0.0,0.0,0.0,0.0,0.0,0.0,1.0,0.0,0.0,0.0,1.0,0.0,0.0,0.0,0.0,0.0,0.0
0.0,0.0,0.0,0.99999988218932,-3.8406307962865987e-07,-0.0004796446411769746,-7.45802713047086e-05,0.9999998084979789,1.1954597999568349e-05,0.00048245733222151933,0.00038742227080426227,0.9999999290846922,0.0,0.0,-0.0002523943025324897,0.9999999817672302,9.037630514835468e-05,-0.000142690857567642,-8.908974101864763e-05,0.0,0.0,0.9999998585522042,6.907214407512168e-05,0.0004758156815445701,0.0002274292150987673,0.9999999829242557,0.0,0.0,-0.00013395453488195287,0.9999983850410356,8.281727041080866e-05,0.0017952862551142807,-1.9704370037262383e-06,0.0,0.0,1.0,0.0,0.0,0.0,1.0,0.0,0.0,0.0,1.0,0.0,0.0,0.0,0.0,0.0,0.0,1.0,0.0,0.0,0.0,1.0,0.0,0.0,0.0,0.0,0.0,0.0
0.0,0.0,0.0,0.9999998800078288,-7.242640957254285e-07,-0.00048436496425972777,-7.331019591192243e-05,0.9999998030704139,8.687564950349841e-06,0.0004912857410310136,0.00039041257706415295,0.9999999292800859,0.0,0.0,-0.0002566521157337817,0.9999999817672302,9.037630514835468e-05,-0.000142690857567642,-8.908974101864763e-05,0.0,0.0,0.9999998565596396,6.94130617191163e-05,0.0004805358654132527,0.00022615881420349137,0.9999999829242557,0.0,0.0,-0.00013395453488195287,0.9999983850410356,8.281727041080866e-05,0.0017952862551142807,-1.9704370037262383e-06,0.0,0.0,1.0,0.0,0.0,0.0,1.0,0.0,0.0,0.0,1.0,0.0,0.0,0.0,0.0,0.0,0.0,1.0,0.0,0.0,0.0,1.0,0.0,0.0,0.0,0.0,0.0,0.0
0.0,0.0,0.0,0.9999998800078288,-7.242640957254285e-07,-0.00048436496425972777,-7.331019591192243e-05,0.9999998030704139,8.687564950349841e-06,0.0004912857410310136,0.00039041257706415295,0.9999999292800859,0.0,0.0,-0.0002566521157337817,0.9999999817672302,9.037630514835468e-05,-0.000142690857567642,-8.908974101864763e-05,0.0,0.0,0.9999998565596396,6.94130617191163e-05,0.0004805358654132527,0.00022615881420349137,0.9999999829242557,0.0,0.0,-0.00013395453488195287,0.9999983850410356,8.281727041080866e-05,0.0017952862551142807,-1.9704370037262383e-06,0.0,0.0,1.0,0.0,0.0,0.0,1.0,0.0,0.0,0.0,1.0,0.0,0.0,0.0,0.0,0.0,0.0,1.0,0.0,0.0,0.0,1.0,0.0,0.0,0.0,0.0,0.0,0.0
0.0,0.0,0.0,0.9999998800078288,-7.242640957254285e-07,-0.00048436496425972777,-7.331019591192243e-05,0.9999998030704139,8.687564950349841e-06,0.0004912857410310136,0.00039041257706415295,0.9999999292800859,0.0,0.0,-0.0002566521157337817,0.9999999822927145,7.118599542722473e-05,-0.000149484989112053,-8.945033643789342e-05,0.0,0.0,0.9999998547243987,5.96871242420156e-05,0.0004838757748293351,0.00022989750630119442,0.9999999822249966,0.0,0.0,-0.00013837582514966042,0.9999983623458412,7.36976365811956e-05,0.00180827890681857,-1.2996658812371278e-06,0.0,0.0,1.0,0.0,0.0,0.0,1.0,0.0,0.0,0.0,1.0,0.0,0.0,0.0,0.0,0.0,0.0,1.0,0.0,0.0,0.0,1.0,0.0,0.0,0.0,0.0,0.0,0.0
0.0,0.0,0.0,0.9999998800078288,-7.242640957254285e-07,-0.00048436496425972777,-7.331019591192243e-05,0.9999998030704139,8.687564950349841e-06,0.0004912857410310136,0.00039041257706415295,0.9999999292800859,0.0,0.0,-0.0002566521157337817,0.9999999822927145,7.118599542722473e-05,-0.000149484989112053,-8.945033643789342e-05,0.0,0.0,0.9999998547243987,5.96871242420156e-05,0.0004838757748293351,0.00022989750630119442,0.9999999822249966,0.0,0.0,-0.00013837582514966042,0.9999983623458412,7.36976365811956e-05,0.00180827890681857,-1.2996658812371278e-06,0.0,0.0,1.0,0.0,0.0,0.0,1.0,0.0,0.0,0.0,1.0,0.0,0.0,0.0,0.0,0.0,0.0,1.0,0.0,0.0,0.0,1.0,0.0,0.0,0.0,0.0,0.0,0.0
0.0,0.0,0.0,0.9999998800078288,-7.242640957254285e-07,-0.00048436496425972777,-7.331019591192243e-05,0.9999998030704139,8.687564950349841e-06,0.0004912857410310136,0.00039041257706415295,0.9999999308235933,0.0,0.0,-0.0002471547488290815,0.9999999841309682,5.162182460638992e-05,-0.00016286455331314279,-5.048156024811433e-05,0.0,0.0,0.9999998547243987,5.96871242420156e-05,0.0004838757748293351,0.00022989750630119442,0.9999999822249966,0.0,0.0,-0.00013837582514966042,0.999998374897636,6.831224363561261e-05,0.0018015314505361337,4.467340141576793e-06,0.0,0.0,1.0,0.0,0.0,0.0,1.0,0.0,0.0,0.0,1.0,0.0,0.0,0.0,0.0,0.0,0.0,1.0,0.0,0.0,0.0,1.0,0.0,0.0,0.0,0.0,0.0,0.0
0.0,0.0,0.0,0.9999998800078288,-7.242640957254285e-07,-0.00048436496425972777,-7.331019591192243e-05,0.9999998109576906,3.730353492283578e-05,0.0004789912552053587,0.0003837452366571061,0.9999999272479577,0.0,0.0,-0.0002405088357488063,0.9999999841309682,5.162182460638992e-05,-0.00016286455331314279,-5.048156024811433e-05,0.0,0.0,0.9999998547243987,5.96871242420156e-05,0.0004838757748293351,0.00022989750630119442,0.9999999822249966,0.0,0.0,-0.00013837582514966042,0.999998374897636,6.831224363561261e-05,0.0018015314505361337,4.467340141576793e-06,0.0,0.0,1.0,0.0,0.0,0.0,1.0,0.0,0.0,0.0,1.0,0.0,0.0,0.0,0.0,0.0,0.0,1.0,0.0,0.0,0.0,1.0,0.0,0.0,0.0,0.0,0.0,0.0
0.0,0.0,0.0,0.9999998800078288,-7.242640957254285e-07,-0.00048436496425972777,-7.331019591192243e-05,0.9999998109576906,3.730353492283578e-05,0.0004789912552053587,0.0003837452366571061,0.9999999288730519,0.0,0.0,-0.0002416629581431476,0.9999999852127792,5.627332518083554e-05,-0.0001548374425622997,-4.9326672074652287e-05,0.0,0.0,0.9999998540574061,4.854983068181346e-05,0.0004912529117060163,0.00021954192585885127,0.99999998351696,0.0,0.0,-0.00012801612745507755,0.999998374897636,6.831224363561261e-05,0.0018015314505361337,4.467340141576793e-06,0.0,0.0,1.0,0.0,0.0,0.0,1.0,0.0,0.0,0.0,1.0,0.0,0.0,0.0,0.0,0.0,0.0,1.0,0.0,0.0,0.0,1.0,0.0,0.0,0.0,0.0,0.0,0.0
0.0,0.0,0.0,0.9999998800078288,-7.242640957254285e-07,-0.00048436496425972777,-7.331019591192243e-05,0.9999998109576906,3.730353492283578e-05,0.0004789912552053587,0.0003837452366571061,0.9999999288730519,0.0,0.0,-0.0002416629581431476,0.9999999852127792,5.627332518083554e-05,-0.0001548374425622997,-4.9326672074652287e-05,0.0,0.0,0.9999998540574061,4.854983068181346e-05,0.0004912529117060163,0.00021954192585885127,0.99999998351696,0.0,0.0,-0.00012801612745507755,0.999998374897636,6.831224363561261e-05,0.0018015314505361337,4.467340141576793e-06,0.0,0.0,1.0,0.0,0.0,0.0,1.0,0.0,0.0,0.0,1.0,0.0,0.0,0.0,0.0,0.0,0.0,1.0,0.0,0.0,0.0,1.0,0.0,0.0,0.0,0.0,0.0,0.0
0.0,0.0,0.0,0.9999998825876261,-1.2282467968184928e-05,-0.0004787069614588671,-7.425308246075973e-05,0.9999998029717126,4.923832116955876e-05,0.0004855655132077226,0.0003947888751299851,0.9999999296808256,0.0,0.0,-0.0002517642335939156,0.9999999852127792,5.627332518083554e-05,-0.0001548374425622997,-4.9326672074652287e-05,0.0,0.0,0.9999998559862896,6.0107200538553705e-05,0.0004855932635741308,0.00022048516254621176,0.999999980804971,0.0,0.0,-0.00014457260003332873,0.9999983710425137,5.910774684966022e-05,0.0018034660674441242,-4.3917386873997315e-05,0.0,0.0,1.0,0.0,0.0,0.0,1.0,0.0,0.0,0.0,1.0,0.0,0.0,0.0,0.0,0.0,0.0,1.0,0.0,0.0,0.0,1.0,0.0,0.0,0.0,0.0,0.0,0.0
0.0,0.0,0.0,0.9999998825876261,-1.2282467968184928e-05,-0.0004787069614588671,-7.425308246075973e-05,0.9999998029717126,4.923832116955876e-05,0.0004855655132077226,0.0003947888751299851,0.9999999296808256,0.0,0.0,-0.0002517642335939156,0.9999999869071974,4.077819668995316e-05,-0.00015486237822076758,-2.3246235703471698e-05,0.0,0.0,0.9999998562537342,6.328236628986078e-05,0.00048580675588099726,0.000217898253711875,0.9999999820520921,0.0,0.0,-0.0001404152192284404,0.9999983841942315,5.767551741490537e-05,0.0017961661890803571,-4.549156052944644e-05,0.0,0.0,1.0,0.0,0.0,0.0,1.0,0.0,0.0,0.0,1.0,0.0,0.0,0.0,0.0,0.0,0.0,1.0,0.0,0.0,0.0,1.0,0.0,0.0,0.0,0.0,0.0,0.0
0.0,0.0,0.0,0.9999998825876261,-1.2282467968184928e-05,-0.0004787069614588671,-7.425308246075973e-05,0.9999998029717126,4.923832116955876e-05,0.0004855655132077226,0.0003947888751299851,0.9999999296808256,0.0,0.0,-0.0002517642335939156,0.9999999869071974,4.077819668995316e-05,-0.00015486237822076758,-2.3246235703471698e-05,0.0,0.0,0.9999998562537342,6.328236628986078e-05,0.00048580675588099726,0.000217898253711875,0.9999999820520921,0.0,0.0,-0.0001404152192284404,0.9999983841942315,5.767551741490537e-05,0.0017961661890803571,-4.549156052944644e-05,0.0,0.0,1.0,0.0,0.0,0.0,1.0,0.0,0.0,0.0,1.0,0.0,0.0,0.0,0.0,0.0,0.0,1.0,0.0,0.0,0.0,1.0,0.0,0.0,0.0,0.0,0.0,0.0
0.0,0.0,0.0,0.9999998805034864,-3.738844581508314e-05,-0.0004808199113956065,-8.004579838191129e-05,0.9999997879529852,6.515190320672903e-05,0.0004926450888435252,0.00042089194637516775,0.999999926373299,0.0,0.0,-0.0002720675941284408,0.9999999869071974,4.077819668995316e-05,-0.00015486237822076758,-2.3246235703471698e-05,0.0,0.0,0.9999998520436719,8.838860618929095e-05,0.00048791639384809647,0.00022369103984691568,0.9999999820520921,0.0,0.0,-0.0001404152192284404,0.9999983841942315,5.767551741490537e-05,0.0017961661890803571,-4.549156052944644e-05,0.0,0.0,1.0,0.0,0.0,0.0,1.0,0.0,0.0,0.0,1.0,0.0,0.0,0.0,0.0,0.0,0.0,1.0,0.0,0.0,0.0,1.0,0.0,0.0,0.0,0.0,0.0,0.0
0.0,0.0,0.0,0.9999998805034864,-3.738844581508314e-05,-0.0004808199113956065,-8.004579838191129e-05,0.9999997879529852,6.515190320672903e-05,0.0004926450888435252,0.00042089194637516775,0.9999999270467829,0.0,0.0,-0.00027725788160189277,0.9999999882394536,3.656798321971589e-05,-0.00014784400485972452,-1.8056180794096424e-05,0.0,0.0,0.9999998520436719,8.838860618929095e-05,0.00048791639384809647,0.00022369103984691568,0.9999999820520921,0.0,0.0,-0.0001404152192284404,0.9999983841942315,5.767551741490537e-05,0.0017961661890803571,-4.549156052944644e-05,0.0,0.0,1.0,0.0,0.0,0.0,1.0,0.0,0.0,0.0,1.0,0.0,0.0,0.0,0.0,0.0,0.0,1.0,0.0,0.0,0.0,1.0,0.0,0.0,0.0,0.0,0.0,0.0
0.0,0.0,0.0,0.9999998805034864,-3.738844581508314e-05,-0.0004808199113956065,-8.004579838191129e-05,0.9999997879529852,6.515190320672903e-05,0.0004926450888435252,0.00042089194637516775,0.9999999270467829,0.0,0.0,-0.00027725788160189277,0.9999999886739355,3.357475217755736e-05,-0.00014671336524110662,-2.3123823123838232e-07,0.0,0.0,0.9999998582396638,0.00010195769492610121,0.00047121097454869593,0.000226021013302324,0.9999999823040878,0.0,0.0,-0.0001427506746099227,0.9999983788045425,8.573689638120866e-05,0.0017966315307731083,-8.457312886715855e-05,0.0,0.0,1.0,0.0,0.0,0.0,1.0,0.0,0.0,0.0,1.0,0.0,0.0,0.0,0.0,0.0,0.0,1.0,0.0,0.0,0.0,1.0,0.0,0.0,0.0,0.0,0.0,0.0
0.0,0.0,0.0,0.9999998805034864,-3.738844581508314e-05,-0.0004808199113956065,-8.004579838191129e-05,0.9999997879529852,6.515190320672903e-05,0.0004926450888435252,0.00042089194637516775,0.9999999270467829,0.0,0.0,-0.00027725788160189277,0.9999999886739355,3.357475217755736e-05,-0.00014671336524110662,-2.3123823123838232e-07,0.0,0.0,0.9999998582396638,0.00010195769492610121,0.00047121097454869593,0.000226021013302324,0.9999999823040878,0.0,0.0,-0.0001427506746099227,0.9999983788045425,8.573689638120866e-05,0.0017966315307731083,-8.457312886715855e-05,0.0,0.0,1.0,0.0,0.0,0.0,1.0,0.0,0.0,0.0,1.0,0.0,0.0,0.0,0.0,0.0,0.0,1.0,0.0,0.0,0.0,1.0,0.0,0.0,0.0,0.0,0.0,0.0
0.0,0.0,0.0,0.9999998805034864,-3.738844581508314e-05,-0.0004808199113956065,-8.004579838191129e-05,0.9999997879529852,6.515190320672903e-05,0.0004926450888435252,0.00042089194637516775,0.9999999188854116,0.0,0.0,-0.000302943913572577,0.999999987970259,4.287645378865778e-05,-0.00014687782157730075,2.5455787724800115e-05,0.0,0.0,0.9999998582396638,0.00010195769492610121,0.00047121097454869593,0.000226021013302324,0.9999999811923551,0.0,0.0,-0.0001462147118071079,0.9999983785379977,8.060359193716877e-05,0.0017982454860188827,-5.2322161899043805e-05,0.0,0.0,1.0,0.0,0.0,0.0,1.0,0.0,0.0,0.0,1.0,0.0,0.0,0.0,0.0,0.0,0.0,1.0,0.0,0.0,0.0,1.0,0.0,0.0,0.0,0.0,0.0,0.0
0.0,0.0,0.0,0.9999998793462013,-4.0219139849008515e-05,-0.0004817259086265873,-8.735074561691467e-05,0.9999997842168912,6.79828194008542e-05,0.0004935503227605002,0.0004281969012854144,0.9999999188854116,0.0,0.0,-0.000302943913572577,0.999999987970259,4.287645378865778e-05,-0.00014687782157730075,2.5455787724800115e-05,0.0,0.0,0.9999998558419385,0.00010478859132134923,0.0004721170296357592,0.00023332587464058564,0.9999999811923551,0.0,0.0,-0.0001462147118071079,0.9999983785379977,8.060359193716877e-05,0.0017982454860188827,-5.2322161899043805e-05,0.0,0.0,1.0,0.0,0.0,0.0,1.0,0.0,0.0,0.0,1.0,0.0,0.0,0.0,0.0,0.0,0.0,1.0,0.0,0.0,0.0,1.0,0.0,0.0,0.0,0.0,0.0,0.0
0.0,0.0,0.0,0.9999998793462013,-4.0219139849008515e-05,-0.0004817259086265873,-8.735074561691467e-05,0.9999997849954836,6.487807617654688e-05,0.0004896187477169069,0.0004313621490898638,0.9999999171477992,0.0,0.0,-0.00030610680471897814,0.9999999884905045,3.756458778015063e-05,-0.00014674587788778283,8.575548401099024e-06,0.0,0.0,0.9999998558419385,0.00010478859132134923,0.0004721170296357592,0.00023332587464058564,0.999999981303898,0.0,0.0,-0.0001475738403188538,0.9999983844216881,8.034891877295634e-05,0.0017950211105101793,-5.0963493640048454e-05,0.0,0.0,1.0,0.0,0.0,0.0,1.0,0.0,0.0,0.0,1.0,0.0,0.0,0.0,0.0,0.0,0.0,1.0,0.0,0.0,0.0,1.0,0.0,0.0,0.0,0.0,0.0,0.0
0.0,0.0,0.0,0.9999998793462013,-4.0219139849008515e-05,-0.0004817259086265873,-8.735074561691467e-05,0.9999997849954836,6.487807617654688e-05,0.0004896187477169069,0.0004313621490898638,0.9999999171477992,0.0,0.0,-0.00030610680471897814,0.9999999884905045,3.756458778015063e-05,-0.00014674587788778283,8.575548401099024e-06,0.0,0.0,0.9999998558419385,0.00010478859132134923,0.0004721170296357592,0.00023332587464058564,0.999999981303898,0.0,0.0,-0.0001475738403188538,0.9999983844216881,8.034891877295634e-05,0.0017950211105101793,-5.0963493640048454e-05,0.0,0.0,1.0,0.0,0.0,0.0,1.0,0.0,0.0,0.0,1.0,0.0,0.0,0.0,0.0,0.0,0.0,1.0,0.0,0.0,0.0,1.0,0.0,0.0,0.0,0.0,0.0,0.0
0.0,0.0,0.0,0.999999879593226,-3.842494547773736e-05,-0.00048031940503084984,-9.289954905924033e-05,0.9999997959309382,7.728969610963535e-05,0.00046885880950280973,0.00042700796430903304,0.9999999138007982,0.0,0.0,-0.00029621419755961444,0.9999999884905045,3.756458778015063e-05,-0.00014674587788778283,8.575548401099024e-06,0.0,0.0,0.9999998585150248,9.947557956490691e-05,0.0004612559073300083,0.00024559626946978915,0.999999981382718,0.0,0.0,-0.00015429410996314257,0.9999983844216881,8.034891877295634e-05,0.0017950211105101793,-5.0963493640048454e-05,0.0,0.0,1.0,0.0,0.0,0.0,1.0,0.0,0.0,0.0,1.0,0.0,0.0,0.0,0.0,0.0,0.0,1.0,0.0,0.0,0.0,1.0,0.0,0.0,0.0,0.0,0.0,0.0
0.0,0.0,0.0,0.999999879593226,-3.842494547773736e-05,-0.00048031940503084984,-9.289954905924033e-05,0.9999997959309382,7.728969610963535e-05,0.00046885880950280973,0.00042700796430903304,0.9999999138007982,0.0,0.0,-0.00029621419755961444,0.9999999884905045,3.756458778015063e-05,-0.00014674587788778283,8.575548401099024e-06,0.0,0.0,0.9999998585150248,9.947557956490691e-05,0.0004612559073300083,0.00024559626946978915,0.999999981382718,0.0,0.0,-0.00015429410996314257,0.9999983844216881,8.034891877295634e-05,0.0017950211105101793,-5.0963493640048454e-05,0.0,0.0,1.0,0.0,0.0,0.0,1.0,0.0,0.0,0.0,1.0,0.0,0.0,0.0,0.0,0.0,0.0,1.0,0.0,0.0,0.0,1.0,0.0,0.0,0.0,0.0,0.0,0.0
0.0,0.0,0.0,0.999999879593226,-3.842494547773736e-05,-0.00048031940503084984,-9.289954905924033e-05,0.9999997959309382,7.728969610963535e-05,0.00046885880950280973,0.00042700796430903304,0.9999999161271614,0.0,0.0,-0.00028569487116377563,0.999999986752147,3.7400894798783436e-05,-0.00015827673934323125,6.734445886652772e-06,0.0,0.0,0.9999998676211801,6.547501790350643e-05,0.00045835417760934765,0.00022445955567900903,0.9999999869662921,0.0,0.0,-0.00013314442331905028,0.9999983723559234,5.9443475360099455e-05,0.0018032106598213737,-1.3538599417474008e-05,0.0,0.0,1.0,0.0,0.0,0.0,1.0,0.0,0.0,0.0,1.0,0.0,0.0,0.0,0.0,0.0,0.0,1.0,0.0,0.0,0.0,1.0,0.0,0.0,0.0,0.0,0.0,0.0
0.0,0.0,0.0,0.999999879593226,-3.842494547773736e-05,-0.00048031940503084984,-9.289954905924033e-05,0.9999997959309382,7.728969610963535e-05,0.00046885880950280973,0.00042700796430903304,0.9999999161271614,0.0,0.0,-0.00028569487116377563,0.999999986752147,3.7400894798783436e-05,-0.00015827673934323125,6.734445886652772e-06,0.0,0.0,0.9999998676211801,6.547501790350643e-05,0.00045835417760934765,0.00022445955567900903,0.9999999869662921,0.0,0.0,-0.00013314442331905028,0.9999983723559234,5.9443475360099455e-05,0.0018032106598213737,-1.3538599417474008e-05,0.0,0.0,1.0,0.0,0.0,0.0,1.0,0.0,0.0,0.0,1.0,0.0,0.0,0.0,0.0,0.0,0.0,1.0,0.0,0.0,0.0,1.0,0.0,0.0,0.0,0.0,0.0,0.0
0.0,0.0,0.0,0.999999879593226,-3.842494547773736e-05,-0.00048031940503084984,-9.289954905924033e-05,0.9999997959309382,7.728969610963535e-05,0.00046885880950280973,0.00042700796430903304,0.9999999211324431,0.0,0.0,-0.0002688848258683269,0.9999999868681196,3.315710683259294e-05,-0.00015831247112317508,-1.0076121633934724e-05,0.0,0.0,0.9999998676211801,6.547501790350643e-05,0.00045835417760934765,0.00022445955567900903,0.999999984552699,0.0,0.0,-0.00014377687081965857,0.9999983606977706,5.383185331395386e-05,0.0018098484433090028,1.234971646455872e-05,0.0,0.0,1.0,0.0,0.0,0.0,1.0,0.0,0.0,0.0,1.0,0.0,0.0,0.0,0.0,0.0,0.0,1.0,0.0,0.0,0.0,1.0,0.0,0.0,0.0,0.0,0.0,0.0
0.0,0.0,0.0,0.999999879593226,-3.842494547773736e-05,-0.00048031940503084984,-9.289954905924033e-05,0.999999795911301,6.591078837590674e-05,0.0004632149041934294,0.00043504606303959646,0.9999999182012652,0.0,0.0,-0.00027691436867082354,0.9999999868681196,3.315710683259294e-05,-0.00015831247112317508,-1.0076121633934724e-05,0.0,0.0,0.9999998676211801,6.547501790350643e-05,0.00045835417760934765,0.00022445955567900903,0.9999999840955747,0.0,0.0,-0.0001539754716040907,0.9999983691539298,3.9169291062269905e-05,0.0018054495175250861,2.2523034925821632e-05,0.0,0.0,1.0,0.0,0.0,0.0,1.0,0.0,0.0,0.0,1.0,0.0,0.0,0.0,0.0,0.0,0.0,1.0,0.0,0.0,0.0,1.0,0.0,0.0,0.0,0.0,0.0,0.0
0.0,0.0,0.0,0.999999879593226,-3.842494547773736e-05,-0.00048031940503084984,-9.289954905924033e-05,0.999999795911301,6.591078837590674e-05,0.0004632149041934294,0.00043504606303959646,0.9999999182012652,0.0,0.0,-0.00027691436867082354,0.9999999868681196,3.315710683259294e-05,-0.00015831247112317508,-1.0076121633934724e-05,0.0,0.0,0.9999998676211801,6.547501790350643e-05,0.00045835417760934765,0.00022445955567900903,0.9999999840955747,0.0,0.0,-0.0001539754716040907,0.9999983691539298,3.9169291062269905e-05,0.0018054495175250861,2.2523034925821632e-05,0.0,0.0,1.0,0.0,0.0,0.0,1.0,0.0,0.0,0.0,1.0,0.0,0.0,0.0,0.0,0.0,0.0,1.0,0.0,0.0,0.0,1.0,0.0,0.0,0.0,0.0,0.0,0.0
0.0,0.0,0.0,0.9999998793428224,-3.692508567539005e-05,-0.0004820725522787535,-8.693062148397211e-05,0.9999997977741718,6.441142648070995e-05,0.0004649684014640298,0.0004290771134737206,0.9999999234798539,0.0,0.0,-0.0002663611768779677,0.9999999868926931,4.834171706415333e-05,-0.00014384154001057512,-5.645620651381134e-05,0.0,0.0,0.999999870381853,5.797403638141779e-05,0.00045534220503451646,0.00022031514845848732,0.999999984409348,0.0,0.0,-0.0001557978401915178,0.9999983691539298,3.9169291062269905e-05,0.0018054495175250861,2.2523034925821632e-05,0.0,0.0,1.0,0.0,0.0,0.0,1.0,0.0,0.0,0.0,1.0,0.0,0.0,0.0,0.0,0.0,0.0,1.0,0.0,0.0,0.0,1.0,0.0,0.0,0.0,0.0,0.0,0.0
0.0,0.0,0.0,0.9999998793428224,-3.692508567539005e-05,-0.0004820725522787535,-8.693062148397211e-05,0.9999997977741718,6.441142648070995e-05,0.0004649684014640298,0.0004290771134737206,0.9999999234798539,0.0,0.0,-0.0002663611768779677,0.9999999878350498,3.403206905586575e-05,-0.00014612441632892855,-4.265411502479552e-05,0.0,0.0,0.9999998660187376,8.644855271277228e-05,0.0004649513474675691,0.00021049797838373067,0.9999999837328905,0.0,0.0,-0.0001459912544333502,0.9999983707660238,7.698289368711456e-05,0.0018033683095278663,-2.0041758456025117e-05,0.0,0.0,1.0,0.0,0.0,0.0,1.0,0.0,0.0,0.0,1.0,0.0,0.0,0.0,0.0,0.0,0.0,1.0,0.0,0.0,0.0,1.0,0.0,0.0,0.0,0.0,0.0,0.0
0.0,0.0,0.0,0.9999998793428224,-3.692508567539005e-05,-0.0004820725522787535,-8.693062148397211e-05,0.9999997977741718,6.441142648070995e-05,0.0004649684014640298,0.0004290771134737206,0.9999999234798539,0.0,0.0,-0.0002663611768779677,0.9999999878350498,3.403206905586575e-05,-0.00014612441632892855,-4.265411502479552e-05,0.0,0.0,0.9999998660187376,8.644855271277228e-05,0.0004649513474675691,0.00021049797838373067,0.9999999837328905,0.0,0.0,-0.0001459912544333502,0.9999983707660238,7.698289368711456e-05,0.0018033683095278663,-2.0041758456025117e-05,0.0,0.0,1.0,0.0,0.0,0.0,1.0,0.0,0.0,0.0,1.0,0.0,0.0,0.0,0.0,0.0,0.0,1.0,0.0,0.0,0.0,1.0,0.0,0.0,0.0,0.0,0.0,0.0
0.0,0.0,0.0,0.9999998775603177,-2.380111986334684e-05,-0.00048685370158401965,-8.535999968519294e-05,0.9999997934384728,4.2301140150804875e-05,0.0004828600190697881,0.00042211352426682966,0.9999999336651328,0.0,0.0,-0.0002502729239597478,0.99999998835201,1.7747509846752675e-05,-0.00014189910733236827,-5.334462720165122e-05,0.0,0.0,0.9999998651613496,7.332515095133828e-05,0.0004697340410887612,0.00020892734458626745,0.9999999802535469,0.0,0.0,-0.00016225822520483758,0.9999983868955269,0.00010076373206374015,0.0017933318358127129,-3.7337644099666523e-06,0.0,0.0,1.0,0.0,0.0,0.0,1.0,0.0,0.0,0.0,1.0,0.0,0.0,0.0,0.0,0.0,0.0,1.0,0.0,0.0,0.0,1.0,0.0,0.0,0.0,0.0,0.0,0.0
0.0,0.0,0.0,0.9999998775603177,-2.380111986334684e-05,-0.00048685370158401965,-8.535999968519294e-05,0.9999997934384728,4.2301140150804875e-05,0.0004828600190697881,0.00042211352426682966,0.9999999336651328,0.0,0.0,-0.0002502729239597478,0.99999998835201,1.7747509846752675e-05,-0.00014189910733236827,-5.334462720165122e-05,0.0,0.0,0.9999998651613496,7.332515095133828e-05,0.0004697340410887612,0.00020892734458626745,0.9999999802535469,0.0,0.0,-0.00016225822520483758,0.9999983868955269,0.00010076373206374015,0.0017933318358127129,-3.7337644099666523e-06,0.0,0.0,1.0,0.0,0.0,0.0,1.0,0.0,0.0,0.0,1.0,0.0,0.0,0.0,0.0,0.0,0.0,1.0,0.0,0.0,0.0,1.0,0.0,0.0,0.0,0.0,0.0,0.0
0.0,0.0,0.0,0.9999998775603177,-2.380111986334684e-05,-0.00048685370158401965,-8.535999968519294e-05,0.9999997934384728,4.2301140150804875e-05,0.0004828600190697881,0.00042211352426682966,0.9999999336651328,0.0,0.0,-0.0002502729239597478,0.99999998835201,1.7747509846752675e-05,-0.00014189910733236827,-5.334462720165122e-05,0.0,0.0,0.9999998651613496,7.332515095133828e-05,0.0004697340410887612,0.00020892734458626745,0.9999999802535469,0.0,0.0,-0.00016225822520483758,0.999998372644146,0.00013638078932629632,0.0017987308230878267,-2.601472742421192e-05,0.0,0.0,1.0,0.0,0.0,0.0,1.0,0.0,0.0,0.0,1.0,0.0,0.0,0.0,0.0,0.0,0.0,1.0,0.0,0.0,0.0,1.0,0.0,0.0,0.0,0.0,0.0,0.0
0.0,0.0,0.0,0.9999998775603177,-2.380111986334684e-05,-0.00048685370158401965,-8.535999968519294e-05,0.9999998011129007,3.816569627487191e-05,0.00046339555718920424,0.0004261245081342784,0.9999999275343978,0.0,0.0,-0.0002542808554889747,0.99999998835201,1.7747509846752675e-05,-0.00014189910733236827,-5.334462720165122e-05,0.0,0.0,0.9999998651613496,7.332515095133828e-05,0.0004697340410887612,0.00020892734458626745,0.9999999813494458,0.0,0.0,-0.00015373837613555702,0.9999983876455443,0.00014629496637067718,0.001789444793349896,-3.4517040657053145e-05,0.0,0.0,1.0,0.0,0.0,0.0,1.0,0.0,0.0,0.0,1.0,0.0,0.0,0.0,0.0,0.0,0.0,1.0,0.0,0.0,0.0,1.0,0.0,0.0,0.0,0.0,0.0,0.0
0.0,0.0,0.0,0.9999998775603177,-2.380111986334684e-05,-0.00048685370158401965,-8.535999968519294e-05,0.9999998011129007,3.816569627487191e-05,0.00046339555718920424,0.0004261245081342784,0.9999999275343978,0.0,0.0,-0.0002542808554889747,0.99999998835201,1.7747509846752675e-05,-0.00014189910733236827,-5.334462720165122e-05,0.0,0.0,0.9999998651613496,7.332515095133828e-05,0.0004697340410887612,0.00020892734458626745,0.9999999813494458,0.0,0.0,-0.00015373837613555702,0.9999983876455443,0.00014629496637067718,0.001789444793349896,-3.4517040657053145e-05,0.0,0.0,1.0,0.0,0.0,0.0,1.0,0.0,0.0,0.0,1.0,0.0,0.0,0.0,0.0,0.0,0.0,1.0,0.0,0.0,0.0,1.0,0.0,0.0,0.0,0.0,0.0,0.0
0.0,0.0,0.0,0.999999879154683,-3.193473548756305e-05,-0.0004809306290138992,-9.683244303177163e-05,0.9999997985434045,4.629756207176362e-05,0.0004574698760896735,0.0004375968446984472,0.9999999275343978,0.0,0.0,-0.0002542808554889747,0.9999999893073798,2.6466165444055163e-06,-0.00014551381913097212,-1.4281606675627e-05,0.0,0.0,0.9999998638696668,8.850646865840054e-05,0.0004719163109765419,0.0002042602463747681,0.999999982426717,0.0,0.0,-0.00013760160846773003,0.9999983876455443,0.00014629496637067718,0.001789444793349896,-3.4517040657053145e-05,0.0,0.0,1.0,0.0,0.0,0.0,1.0,0.0,0.0,0.0,1.0,0.0,0.0,0.0,0.0,0.0,0.0,1.0,0.0,0.0,0.0,1.0,0.0,0.0,0.0,0.0,0.0,0.0
0.0,0.0,0.0,0.999999879154683,-3.193473548756305e-05,-0.0004809306290138992,-9.683244303177163e-05,0.9999997985434045,4.629756207176362e-05,0.0004574698760896735,0.0004375968446984472,0.9999999275343978,0.0,0.0,-0.0002542808554889747,0.9999999893073798,2.6466165444055163e-06,-0.00014551381913097212,-1.4281606675627e-05,0.0,0.0,0.9999998638696668,8.850646865840054e-05,0.0004719163109765419,0.0002042602463747681,0.999999982426717,0.0,0.0,-0.00013760160846773003,0.9999983876455443,0.00014629496637067718,0.001789444793349896,-3.4517040657053145e-05,0.0,0.0,1.0,0.0,0.0,0.0,1.0,0.0,0.0,0.0,1.0,0.0,0.0,0.0,0.0,0.0,0.0,1.0,0.0,0.0,0.0,1.0,0.0,0.0,0.0,0.0,0.0,0.0
0.0,0.0,0.0,0.999999879154683,-3.193473548756305e-05,-0.0004809306290138992,-9.683244303177163e-05,0.9999997985434045,4.629756207176362e-05,0.0004574698760896735,0.0004375968446984472,0.999999925326024,0.0,0.0,-0.0002597600146990461,0.9999999880228372,3.659845914551549e-05,-0.0001470477086872415,-3.1493647194764386e-05,0.0,0.0,0.9999998638696668,8.850646865840054e-05,0.0004719163109765419,0.0002042602463747681,0.999999982426717,0.0,0.0,-0.00013760160846773003,0.9999983876455443,0.00014629496637067718,0.001789444793349896,-3.4517040657053145e-05,0.0,0.0,1.0,0.0,0.0,0.0,1.0,0.0,0.0,0.0,1.0,0.0,0.0,0.0,0.0,0.0,0.0,1.0,0.0,0.0,0.0,1.0,0.0,0.0,0.0,0.0,0.0,0.0
0.0,0.0,0.0,0.999999879154683,-3.193473548756305e-05,-0.0004809306290138992,-9.683244303177163e-05,0.9999997985434045,4.629756207176362e-05,0.0004574698760896735,0.0004375968446984472,0.999999925326024,0.0,0.0,-0.0002597600146990461,0.9999999880228372,3.659845914551549e-05,-0.0001470477086872415,-3.1493647194764386e-05,0.0,0.0,0.9999998638696668,8.850646865840054e-05,0.0004719163109765419,0.0002042602463747681,0.999999982426717,0.0,0.0,-0.00013760160846773003,0.9999983876455443,0.00014629496637067718,0.001789444793349896,-3.4517040657053145e-05,0.0,0.0,1.0,0.0,0.0,0.0,1.0,0.0,0.0,0.0,1.0,0.0,0.0,0.0,0.0,0.0,0.0,1.0,0.0,0.0,0.0,1.0,0.0,0.0,0.0,0.0,0.0,0.0
0.0,0.0,0.0,0.999999879154683,-3.193473548756305e-05,-0.0004809306290138992,-9.683244303177163e-05,0.9999998008589305,5.116761089279693e-05,0.00046103550635010436,0.0004279138195585711,0.9999999277820508,0.0,0.0,-0.0002478272289285602,0.9999999868772385,6.244161316597404e-05,-0.0001456294514598674,-3.374360124911893e-05,0.0,0.0,0.9999998626088527,7.952749688725676e-05,0.0004716255573721494,0.000214539010121699,0.9999999851338027,0.0,0.0,-0.00013288137417111326,0.9999984000156552,0.00013875429939221528,0.0017827676911908283,-4.952507595175367e-05,0.0,0.0,1.0,0.0,0.0,0.0,1.0,0.0,0.0,0.0,1.0,0.0,0.0,0.0,0.0,0.0,0.0,1.0,0.0,0.0,0.0,1.0,0.0,0.0,0.0,0.0,0.0,0.0
0.0,0.0,0.0,0.999999879154683,-3.193473548756305e-05,-0.0004809306290138992,-9.683244303177163e-05,0.9999998008589305,5.116761089279693e-05,0.00046103550635010436,0.0004279138195585711,0.9999999277820508,0.0,0.0,-0.0002478272289285602,0.9999999868772385,6.244161316597404e-05,-0.0001456294514598674,-3.374360124911893e-05,0.0,0.0,0.9999998626088527,7.952749688725676e-05,0.0004716255573721494,0.000214539010121699,0.9999999851338027,0.0,0.0,-0.00013288137417111326,0.9999984000156552,0.00013875429939221528,0.0017827676911908283,-4.952507595175367e-05,0.0,0.0,1.0,0.0,0.0,0.0,1.0,0.0,0.0,0.0,1.0,0.0,0.0,0.0,0.0,0.0,0.0,1.0,0.0,0.0,0.0,1.0,0.0,0.0,0.0,0.0,0.0,0.0
0.0,0.0,0.0,0.9999998740424877,-4.195425509754909e-05,-0.0004868013387394054,-0.00011480115698608971,0.9999997897231095,6.118943092533276e-05,0.00046690324117252033,0.00044588221961215017,0.9999999277820508,0.0,0.0,-0.0002478272289285602,0.9999999868772385,6.244161316597404e-05,-0.0001456294514598674,-3.374360124911893e-05,0.0,0.0,0.9999998549595573,8.954787454544849e-05,0.0004774959416494606,0.0002325073510221518,0.9999999851338027,0.0,0.0,-0.00013288137417111326,0.9999983995971263,0.0001084332443011008,0.0017854737624199944,-3.359853141243969e-05,0.0,0.0,1.0,0.0,0.0,0.0,1.0,0.0,0.0,0.0,1.0,0.0,0.0,0.0,0.0,0.0,0.0,1.0,0.0,0.0,0.0,1.0,0.0,0.0,0.0,0.0,0.0,0.0
0.0,0.0,0.0,0.9999998740424877,-4.195425509754909e-05,-0.0004868013387394054,-0.00011480115698608971,0.9999997897231095,6.118943092533276e-05,0.00046690324117252033,0.00044588221961215017,0.9999999277820508,0.0,0.0,-0.0002478272289285602,0.9999999868772385,6.244161316597404e-05,-0.0001456294514598674,-3.374360124911893e-05,0.0,0.0,0.9999998549595573,8.954787454544849e-05,0.0004774959416494606,0.0002325073510221518,0.9999999851338027,0.0,0.0,-0.00013288137417111326,0.9999983995971263,0.0001084332443011008,0.0017854737624199944,-3.359853141243969e-05,0.0,0.0,1.0,0.0,0.0,0.0,1.0,0.0,0.0,0.0,1.0,0.0,0.0,0.0,0.0,0.0,0.0,1.0,0.0,0.0,0.0,1.0,0.0,0.0,0.0,0.0,0.0,0.0
0.0,0.0,0.0,0.9999998740424877,-4.195425509754909e-05,-0.0004868013387394054,-0.00011480115698608971,0.9999997891389135,7.275750797807099e-05,0.000467787338552675,0.00044452612920292255,0.9999999310946729,0.0,0.0,-0.00023858157128449776,0.9999999860075522,6.484015771206847e-05,-0.0001364579091563411,-7.183236231992684e-05,0.0,0.0,0.9999998549595573,8.954787454544849e-05,0.0004774959416494606,0.0002325073510221518,0.9999999861159775,0.0,0.0,-0.00012596663208783138,0.9999984047818975,0.00010979327936960534,0.0017823405860360997,-4.0510879773349823e-05,0.0,0.0,1.0,0.0,0.0,0.0,1.0,0.0,0.0,0.0,1.0,0.0,0.0,0.0,0.0,0.0,0.0,1.0,0.0,0.0,0.0,1.0,0.0,0.0,0.0,0.0,0.0,0.0
0.0,0.0,0.0,0.9999998740424877,-4.195425509754909e-05,-0.0004868013387394054,-0.00011480115698608971,0.9999997891389135,7.275750797807099e-05,0.000467787338552675,0.00044452612920292255,0.9999999310946729,0.0,0.0,-0.00023858157128449776,0.9999999860075522,6.484015771206847e-05,-0.0001364579091563411,-7.183236231992684e-05,0.0,0.0,0.9999998549595573,8.954787454544849e-05,0.0004774959416494606,0.0002325073510221518,0.9999999861159775,0.0,0.0,-0.00012596663208783138,0.9999984047818975,0.00010979327936960534,0.0017823405860360997,-4.0510879773349823e-05,0.0,0.0,1.0,0.0,0.0,0.0,1.0,0.0,0.0,0.0,1.0,0.0,0.0,0.0,0.0,0.0,0.0,1.0,0.0,0.0,0.0,1.0,0.0,0.0,0.0,0.0,0.0,0.0
0.0,0.0,0.0,0.9999998740424877,-4.195425509754909e-05,-0.0004868013387394054,-0.00011480115698608971,0.9999997891389135,7.275750797807099e-05,0.000467787338552675,0.00044452612920292255,0.9999999276704704,0.0,0.0,-0.00024873028866986266,0.9999999863961704,4.906814589441456e-05,-0.00014489588337507855,-6.168597038895856e-05,0.0,0.0,0.999999857169799,7.724546527781296e-05,0.00048151010556132963,0.00021872708554434938,0.9999999885032502,0.0,0.0,-0.00011218127597778422,0.9999984099955149,2.8773260646735207e-05,0.0017826425343332973,3.6934215818701244e-05,0.0,0.0,1.0,0.0,0.0,0.0,1.0,0.0,0.0,0.0,1.0,0.0,0.0,0.0,0.0,0.0,0.0,1.0,0.0,0.0,0.0,1.0,0.0,0.0,0.0,0.0,0.0,0.0
0.0,0.0,0.0,0.9999998740424877,-4.195425509754909e-05,-0.0004868013387394054,-0.00011480115698608971,0.9999997891389135,7.275750797807099e-05,0.000467787338552675,0.00044452612920292255,0.9999999276704704,0.0,0.0,-0.00024873028866986266,0.9999999863961704,4.906814589441456e-05,-0.00014489588337507855,-6.168597038895856e-05,0.0,0.0,0.999999857169799,7.724546527781296e-05,0.00048151010556132963,0.00021872708554434938,0.9999999885032502,0.0,0.0,-0.00011218127597778422,0.9999984099955149,2.8773260646735207e-05,0.0017826425343332973,3.6934215818701244e-05,0.0,0.0,1.0,0.0,0.0,0.0,1.0,0.0,0.0,0.0,1.0,0.0,0.0,0.0,0.0,0.0,0.0,1.0,0.0,0.0,0.0,1.0,0.0,0.0,0.0,0.0,0.0,0.0
0.0,0.0,0.0,0.9999998740424877,-4.195425509754909e-05,-0.0004868013387394054,-0.00011480115698608971,0.9999997891389135,7.275750797807099e-05,0.000467787338552675,0.00044452612920292255,0.9999999276704704,0.0,0.0,-0.00024873028866986266,0.9999999865070612,3.899814857315206e-05,-0.00015002475552596743,-5.4383770073396805e-05,0.0,0.0,0.9999998532133262,6.220274711488498e-05,0.0004875213999067151,0.00022809434233918378,0.9999999880134642,0.0,0.0,-0.00012154230527388042,0.9999984099955149,2.8773260646735207e-05,0.0017826425343332973,3.6934215818701244e-05,0.0,0.0,1.0,0.0,0.0,0.0,1.0,0.0,0.0,0.0,1.0,0.0,0.0,0.0,0.0,0.0,0.0,1.0,0.0,0.0,0.0,1.0,0.0,0.0,0.0,0.0,0.0,0.0
0.0,0.0,0.0,0.9999998740424877,-4.195425509754909e-05,-0.0004868013387394054,-0.00011480115698608971,0.9999997891389135,7.275750797807099e-05,0.000467787338552675,0.00044452612920292255,0.9999999276704704,0.0,0.0,-0.00024873028866986266,0.9999999865070612,3.899814857315206e-05,-0.00015002475552596743,-5.4383770073396805e-05,0.0,0.0,0.9999998532133262,6.220274711488498e-05,0.0004875213999067151,0.00022809434233918378,0.9999999880134642,0.0,0.0,-0.00012154230527388042,0.9999984099955149,2.8773260646735207e-05,0.0017826425343332973,3.6934215818701244e-05,0.0,0.0,1.0,0.0,0.0,0.0,1.0,0.0,0.0,0.0,1.0,0.0,0.0,0.0,0.0,0.0,0.0,1.0,0.0,0.0,0.0,1.0,0.0,0.0,0.0,0.0,0.0,0.0
0.0,0.0,0.0,0.9999998731923146,-3.683369520427348e-05,-0.0004878518290554828,-0.0001194120022987196,0.9999997885161871,7.090576647255654e-05,0.0004654430059777561,0.00044866776290056155,0.9999999265803211,0.0,0.0,-0.00024826341523768926,0.9999999865070612,3.899814857315206e-05,-0.00015002475552596743,-5.4383770073396805e-05,0.0,0.0,0.9999998519433732,5.708230293072435e-05,0.0004885725634987637,0.00023270516261235171,0.9999999899391392,0.0,0.0,-0.00010787818823940411,0.9999984022370192,1.5111673159612121e-05,0.001787099514684223,3.962790200732526e-05,0.0,0.0,1.0,0.0,0.0,0.0,1.0,0.0,0.0,0.0,1.0,0.0,0.0,0.0,0.0,0.0,0.0,1.0,0.0,0.0,0.0,1.0,0.0,0.0,0.0,0.0,0.0,0.0
0.0,0.0,0.0,0.9999998731923146,-3.683369520427348e-05,-0.0004878518290554828,-0.0001194120022987196,0.9999997885161871,7.090576647255654e-05,0.0004654430059777561,0.00044866776290056155,0.9999999265803211,0.0,0.0,-0.00024826341523768926,0.9999999865070612,3.899814857315206e-05,-0.00015002475552596743,-5.4383770073396805e-05,0.0,0.0,0.9999998519433732,5.708230293072435e-05,0.0004885725634987637,0.00023270516261235171,0.9999999899391392,0.0,0.0,-0.00010787818823940411,0.9999984022370192,1.5111673159612121e-05,0.001787099514684223,3.962790200732526e-05,0.0,0.0,1.0,0.0,0.0,0.0,1.0,0.0,0.0,0.0,1.0,0.0,0.0,0.0,0.0,0.0,0.0,1.0,0.0,0.0,0.0,1.0,0.0,0.0,0.0,0.0,0.0,0.0
0.0,0.0,0.0,0.9999998720609894,-3.8302997942353265e-05,-0.0004955661017857657,-9.394213138027751e-05,0.9999997906354284,5.589374359983899e-05,0.00048631462192103546,0.0004232057148685531,0.9999999302062968,0.0,0.0,-0.00025522346515954245,0.9999999871847312,2.6448590593685375e-05,-0.00015060629755659686,-4.742101754311418e-05,0.0,0.0,0.9999998536626167,5.855249808844942e-05,0.0004962861553768846,0.00020723513701842062,0.9999999899391392,0.0,0.0,-0.00010787818823940411,0.9999984022370192,1.5111673159612121e-05,0.001787099514684223,3.962790200732526e-05,0.0,0.0,1.0,0.0,0.0,0.0,1.0,0.0,0.0,0.0,1.0,0.0,0.0,0.0,0.0,0.0,0.0,1.0,0.0,0.0,0.0,1.0,0.0,0.0,0.0,0.0,0.0,0.0
0.0,0.0,0.0,0.9999998720609894,-3.8302997942353265e-05,-0.0004955661017857657,-9.394213138027751e-05,0.9999997906354284,5.589374359983899e-05,0.00048631462192103546,0.0004232057148685531,0.9999999302062968,0.0,0.0,-0.00025522346515954245,0.9999999871847312,2.6448590593685375e-05,-0.00015060629755659686,-4.742101754311418e-05,0.0,0.0,0.9999998536626167,5.855249808844942e-05,0.0004962861553768846,0.00020723513701842062,0.9999999899391392,0.0,0.0,-0.00010787818823940411,0.9999984022370192,1.5111673159612121e-05,0.001787099514684223,3.962790200732526e-05,0.0,0.0,1.0,0.0,0.0,0.0,1.0,0.0,0.0,0.0,1.0,0.0,0.0,0.0,0.0,0.0,0.0,1.0,0.0,0.0,0.0,1.0,0.0,0.0,0.0,0.0,0.0,0.0
0.0,0.0,0.0,0.9999998720609894,-3.8302997942353265e-05,-0.0004955661017857657,-9.394213138027751e-05,0.9999997906354284,5.589374359983899e-05,0.00048631462192103546,0.0004232057148685531,0.9999999302062968,0.0,0.0,-0.00025522346515954245,0.9999999883993995,6.529278044316505e-06,-0.00015144528692906544,-1.4929652215262201e-05,0.0,0.0,0.9999998499098943,7.284240067209056e-05,0.0005010049171417955,0.00020944747897795946,0.999999982272074,0.0,0.0,-0.00014187904426146437,0.999998366375632,0.00011416294476822754,0.0018039138189423812,1.0383784699491973e-05,0.0,0.0,1.0,0.0,0.0,0.0,1.0,0.0,0.0,0.0,1.0,0.0,0.0,0.0,0.0,0.0,0.0,1.0,0.0,0.0,0.0,1.0,0.0,0.0,0.0,0.0,0.0,0.0
0.0,0.0,0.0,0.9999998720609894,-3.8302997942353265e-05,-0.0004955661017857657,-9.394213138027751e-05,0.9999997906354284,5.589374359983899e-05,0.00048631462192103546,0.0004232057148685531,0.9999999302062968,0.0,0.0,-0.00025522346515954245,0.9999999883993995,6.529278044316505e-06,-0.00015144528692906544,-1.4929652215262201e-05,0.0,0.0,0.9999998499098943,7.284240067209056e-05,0.0005010049171417955,0.00020944747897795946,0.999999982272074,0.0,0.0,-0.00014187904426146437,0.999998366375632,0.00011416294476822754,0.0018039138189423812,1.0383784699491973e-05,0.0,0.0,1.0,0.0,0.0,0.0,1.0,0.0,0.0,0.0,1.0,0.0,0.0,0.0,0.0,0.0,0.0,1.0,0.0,0.0,0.0,1.0,0.0,0.0,0.0,0.0,0.0,0.0
0.0,0.0,0.0,0.9999998720609894,-3.8302997942353265e-05,-0.0004955661017857657,-9.394213138027751e-05,0.9999997906354284,5.589374359983899e-05,0.00048631462192103546,0.0004232057148685531,0.9999999271040959,0.0,0.0,-0.0002647354060527852,0.9999999892676568,1.915367388289545e-05,-0.00014521635816745415,3.167426783792704e-06,0.0,0.0,0.9999998499098943,7.284240067209056e-05,0.0005010049171417955,0.00020944747897795946,0.999999982272074,0.0,0.0,-0.00014187904426146437,0.999998366375632,0.00011416294476822754,0.0018039138189423812,1.0383784699491973e-05,0.0,0.0,1.0,0.0,0.0,0.0,1.0,0.0,0.0,0.0,1.0,0.0,0.0,0.0,0.0,0.0,0.0,1.0,0.0,0.0,0.0,1.0,0.0,0.0,0.0,0.0,0.0,0.0
0.0,0.0,0.0,0.9999998720609894,-3.8302997942353265e-05,-0.0004955661017857657,-9.394213138027751e-05,0.9999997906354284,5.589374359983899e-05,0.00048631462192103546,0.0004232057148685531,0.9999999271040959,0.0,0.0,-0.0002647354060527852,0.9999999892676568,1.915367388289545e-05,-0.00014521635816745415,3.167426783792704e-06,0.0,0.0,0.9999998499098943,7.284240067209056e-05,0.0005010049171417955,0.00020944747897795946,0.999999982272074,0.0,0.0,-0.00014187904426146437,0.999998366375632,0.00011416294476822754,0.0018039138189423812,1.0383784699491973e-05,0.0,0.0,1.0,0.0,0.0,0.0,1.0,0.0,0.0,0.0,1.0,0.0,0.0,0.0,0.0,0.0,0.0,1.0,0.0,0.0,0.0,1.0,0.0,0.0,0.0,0.0,0.0,0.0
0.0,0.0,0.0,0.9999998699198779,-4.563361889141759e-05,-0.0004972395321034099,-0.00010407039869061546,0.9999997845105382,5.834596817507558e-05,0.0004914086237075094,0.0004313840397519781,0.9999999287509451,0.0,0.0,-0.0002627817961833567,0.9999999892676568,1.915367388289545e-05,-0.00014521635816745415,3.167426783792704e-06,0.0,0.0,0.9999998472929512,9.918817787733645e-05,0.0005008783654867336,0.00021141580526807223,0.9999999819319147,0.0,0.0,-0.00013372683700692064,0.999998366375632,0.00011416294476822754,0.0018039138189423812,1.0383784699491973e-05,0.0,0.0,1.0,0.0,0.0,0.0,1.0,0.0,0.0,0.0,1.0,0.0,0.0,0.0,0.0,0.0,0.0,1.0,0.0,0.0,0.0,1.0,0.0,0.0,0.0,0.0,0.0,0.0
0.0,0.0,0.0,0.9999998699198779,-4.563361889141759e-05,-0.0004972395321034099,-0.00010407039869061546,0.9999997845105382,5.834596817507558e-05,0.0004914086237075094,0.0004313840397519781,0.9999999287509451,0.0,0.0,-0.0002627817961833567,0.9999999892676568,1.915367388289545e-05,-0.00014521635816745415,3.167426783792704e-06,0.0,0.0,0.9999998472929512,9.918817787733645e-05,0.0005008783654867336,0.00021141580526807223,0.9999999819319147,0.0,0.0,-0.00013372683700692064,0.999998366375632,0.00011416294476822754,0.0018039138189423812,1.0383784699491973e-05,0.0,0.0,1.0,0.0,0.0,0.0,1.0,0.0,0.0,0.0,1.0,0.0,0.0,0.0,0.0,0.0,0.0,1.0,0.0,0.0,0.0,1.0,0.0,0.0,0.0,0.0,0.0,0.0
0.0,0.0,0.0,0.9999998674687764,-3.0179107620258354e-05,-0.0005051994715903005,-9.447298531799257e-05,0.9999997860865396,5.070253557638323e-05,0.0005029017878054575,0.00041514566076566,0.999999931066465,0.0,0.0,-0.000256146826318737,0.9999999892676568,1.915367388289545e-05,-0.00014521635816745415,3.167426783792704e-06,0.0,0.0,0.9999998466702226,8.373455617685531e-05,0.0005088394508104299,0.00020181790960612108,0.9999999822200766,0.0,0.0,-0.00013958226625321806,0.9999983822655562,0.00011218990876797147,0.0017952359479094003,-2.7543597803961663e-06,0.0,0.0,1.0,0.0,0.0,0.0,1.0,0.0,0.0,0.0,1.0,0.0,0.0,0.0,0.0,0.0,0.0,1.0,0.0,0.0,0.0,1.0,0.0,0.0,0.0,0.0,0.0,0.0
0.0,0.0,0.0,0.9999998674687764,-3.0179107620258354e-05,-0.0005051994715903005,-9.447298531799257e-05,0.9999997860865396,5.070253557638323e-05,0.0005029017878054575,0.00041514566076566,0.9999999337456519,0.0,0.0,-0.00025292259552309437,0.9999999901639942,1.8565951131282173e-05,-0.00013879244323832565,7.998407017125333e-06,0.0,0.0,0.9999998466702226,8.373455617685531e-05,0.0005088394508104299,0.00020181790960612108,0.9999999852459573,0.0,0.0,-0.0001122180587733587,0.9999984063706187,0.00013305444523523496,0.0017802941042285715,-1.0278138475938141e-05,0.0,0.0,1.0,0.0,0.0,0.0,1.0,0.0,0.0,0.0,1.0,0.0,0.0,0.0,0.0,0.0,0.0,1.0,0.0,0.0,0.0,1.0,0.0,0.0,0.0,0.0,0.0,0.0
0.0,0.0,0.0,0.9999998674687764,-3.0179107620258354e-05,-0.0005051994715903005,-9.447298531799257e-05,0.9999997860865396,5.070253557638323e-05,0.0005029017878054575,0.00041514566076566,0.9999999337456519,0.0,0.0,-0.00025292259552309437,0.9999999901639942,1.8565951131282173e-05,-0.00013879244323832565,7.998407017125333e-06,0.0,0.0,0.9999998466702226,8.373455617685531e-05,0.0005088394508104299,0.00020181790960612108,0.9999999852459573,0.0,0.0,-0.0001122180587733587,0.9999984063706187,0.00013305444523523496,0.0017802941042285715,-1.0278138475938141e-05,0.0,0.0,1.0,0.0,0.0,0.0,1.0,0.0,0.0,0.0,1.0,0.0,0.0,0.0,0.0,0.0,0.0,1.0,0.0,0.0,0.0,1.0,0.0,0.0,0.0,0.0,0.0,0.0
0.0,0.0,0.0,0.9999998674687764,-3.0179107620258354e-05,-0.0005051994715903005,-9.447298531799257e-05,0.9999997860865396,5.070253557638323e-05,0.0005029017878054575,0.00041514566076566,0.9999999374025093,0.0,0.0,-0.00024181313224347,0.9999999906994731,2.3084351499248258e-05,-0.00013438188810066559,-3.1103983902952822e-06,0.0,0.0,0.9999998428076262,7.767878796630014e-05,0.0005170627303398475,0.0002024768175367926,0.999999985104737,0.0,0.0,-0.00011287452554205262,0.9999984063706187,0.00013305444523523496,0.0017802941042285715,-1.0278138475938141e-05,0.0,0.0,1.0,0.0,0.0,0.0,1.0,0.0,0.0,0.0,1.0,0.0,0.0,0.0,0.0,0.0,0.0,1.0,0.0,0.0,0.0,1.0,0.0,0.0,0.0,0.0,0.0,0.0
0.0,0.0,0.0,0.9999998674687764,-3.0179107620258354e-05,-0.0005051994715903005,-9.447298531799257e-05,0.9999997860865396,5.070253557638323e-05,0.0005029017878054575,0.00041514566076566,0.9999999374025093,0.0,0.0,-0.00024181313224347,0.9999999906994731,2.3084351499248258e-05,-0.00013438188810066559,-3.1103983902952822e-06,0.0,0.0,0.9999998428076262,7.767878796630014e-05,0.0005170627303398475,0.0002024768175367926,0.999999985104737,0.0,0.0,-0.00011287452554205262,0.9999984063706187,0.00013305444523523496,0.0017802941042285715,-1.0278138475938141e-05,0.0,0.0,1.0,0.0,0.0,0.0,1.0,0.0,0.0,0.0,1.0,0.0,0.0,0.0,0.0,0.0,0.0,1.0,0.0,0.0,0.0,1.0,0.0,0.0,0.0,0.0,0.0,0.0
0.0,0.0,0.0,0.9999998631885988,-1.484209703998055e-05,-0.0005124456194947771,-0.00010393258809344563,0.9999997791017007,3.536787107938183e-05,0.0005101530462743223,0.00042460514926010486,0.9999999374025093,0.0,0.0,-0.00024181313224347,0.999999989191135,2.88882097353321e-05,-0.0001347202011884564,-5.1319283104920245e-05,0.0,0.0,0.9999998391956525,6.945021169321745e-05,0.0005198710616885293,0.0002156836026089643,0.9999999843286664,0.0,0.0,-0.00011662518760236043,0.9999984063706187,0.00013305444523523496,0.0017802941042285715,-1.0278138475938141e-05,0.0,0.0,1.0,0.0,0.0,0.0,1.0,0.0,0.0,0.0,1.0,0.0,0.0,0.0,0.0,0.0,0.0,1.0,0.0,0.0,0.0,1.0,0.0,0.0,0.0,0.0,0.0,0.0
0.0,0.0,0.0,0.9999998631885988,-1.484209703998055e-05,-0.0005124456194947771,-0.00010393258809344563,0.9999997791017007,3.536787107938183e-05,0.0005101530462743223,0.00042460514926010486,0.9999999374025093,0.0,0.0,-0.00024181313224347,0.999999989191135,2.88882097353321e-05,-0.0001347202011884564,-5.1319283104920245e-05,0.0,0.0,0.9999998391956525,6.945021169321745e-05,0.0005198710616885293,0.0002156836026089643,0.9999999843286664,0.0,0.0,-0.00011662518760236043,0.9999984063706187,0.00013305444523523496,0.0017802941042285715,-1.0278138475938141e-05,0.0,0.0,1.0,0.0,0.0,0.0,1.0,0.0,0.0,0.0,1.0,0.0,0.0,0.0,0.0,0.0,0.0,1.0,0.0,0.0,0.0,1.0,0.0,0.0,0.0,0.0,0.0,0.0
0.0,0.0,0.0,0.9999998631885988,-1.484209703998055e-05,-0.0005124456194947771,-0.00010393258809344563,0.999999783722787,4.3553193631628914e-05,0.0005035137734334626,0.00042086978840804326,0.9999999361461576,0.0,0.0,-0.0002380839189401127,0.999999989191135,2.88882097353321e-05,-0.0001347202011884564,-5.1319283104920245e-05,0.0,0.0,0.9999998391956525,6.945021169321745e-05,0.0005198710616885293,0.0002156836026089643,0.9999999846615564,0.0,0.0,-0.00011907415828616704,0.9999984171188608,0.0001129795495171366,0.001775621340750579,1.281594385357021e-05,0.0,0.0,1.0,0.0,0.0,0.0,1.0,0.0,0.0,0.0,1.0,0.0,0.0,0.0,0.0,0.0,0.0,1.0,0.0,0.0,0.0,1.0,0.0,0.0,0.0,0.0,0.0,0.0
0.0,0.0,0.0,0.9999998631885988,-1.484209703998055e-05,-0.0005124456194947771,-0.00010393258809344563,0.999999783722787,4.3553193631628914e-05,0.0005035137734334626,0.00042086978840804326,0.9999999361461576,0.0,0.0,-0.0002380839189401127,0.999999989191135,2.88882097353321e-05,-0.0001347202011884564,-5.1319283104920245e-05,0.0,0.0,0.9999998391956525,6.945021169321745e-05,0.0005198710616885293,0.0002156836026089643,0.9999999846615564,0.0,0.0,-0.00011907415828616704,0.9999984171188608,0.0001129795495171366,0.001775621340750579,1.281594385357021e-05,0.0,0.0,1.0,0.0,0.0,0.0,1.0,0.0,0.0,0.0,1.0,0.0,0.0,0.0,0.0,0.0,0.0,1.0,0.0,0.0,0.0,1.0,0.0,0.0,0.0,0.0,0.0,0.0
0.0,0.0,0.0,0.999999865377165,-1.0264652839801048e-05,-0.00051337045128492,-7.477344823613672e-05,0.9999997818259798,4.418260731274928e-05,0.0005145634758178713,0.00041184987469497795,0.9999999331032512,0.0,0.0,-0.0002556032713653737,0.9999999885053864,2.656568801313492e-05,-0.00013918895063124483,-5.394374169288559e-05,0.0,0.0,0.9999998448864379,6.487308742732421e-05,0.0005207948144711872,0.00018652437880036809,0.9999999848623119,0.0,0.0,-0.00012122162344349802,0.999998416313455,0.00010785182678523646,0.0017763769089205296,1.4954690731985699e-05,0.0,0.0,1.0,0.0,0.0,0.0,1.0,0.0,0.0,0.0,1.0,0.0,0.0,0.0,0.0,0.0,0.0,1.0,0.0,0.0,0.0,1.0,0.0,0.0,0.0,0.0,0.0,0.0
0.0,0.0,0.0,0.999999865377165,-1.0264652839801048e-05,-0.00051337045128492,-7.477344823613672e-05,0.9999997818259798,4.418260731274928e-05,0.0005145634758178713,0.00041184987469497795,0.9999999331032512,0.0,0.0,-0.0002556032713653737,0.9999999885053864,2.656568801313492e-05,-0.00013918895063124483,-5.394374169288559e-05,0.0,0.0,0.9999998448864379,6.487308742732421e-05,0.0005207948144711872,0.00018652437880036809,0.9999999848623119,0.0,0.0,-0.00012122162344349802,0.999998416313455,0.00010785182678523646,0.0017763769089205296,1.4954690731985699e-05,0.0,0.0,1.0,0.0,0.0,0.0,1.0,0.0,0.0,0.0,1.0,0.0,0.0,0.0,0.0,0.0,0.0,1.0,0.0,0.0,0.0,1.0,0.0,0.0,0.0,0.0,0.0,0.0
0.0,0.0,0.0,0.999999865377165,-1.0264652839801048e-05,-0.00051337045128492,-7.477344823613672e-05,0.9999997818259798,4.418260731274928e-05,0.0005145634758178713,0.00041184987469497795,0.9999999331032512,0.0,0.0,-0.0002556032713653737,0.9999999868046199,3.1855889292513624e-05,-0.00013833511007621416,-7.898961720297316e-05,0.0,0.0,0.9999998442418125,6.0396032467168835e-05,0.0005219804999695763,0.00018816223695353537,0.9999999850006994,0.0,0.0,-0.0001228575341183698,0.9999983993995507,0.000136193699592556,0.0017838323896439785,-2.4323205293805746e-05,0.0,0.0,1.0,0.0,0.0,0.0,1.0,0.0,0.0,0.0,1.0,0.0,0.0,0.0,0.0,0.0,0.0,1.0,0.0,0.0,0.0,1.0,0.0,0.0,0.0,0.0,0.0,0.0
0.0,0.0,0.0,0.999999865377165,-1.0264652839801048e-05,-0.00051337045128492,-7.477344823613672e-05,0.9999997818259798,4.418260731274928e-05,0.0005145634758178713,0.00041184987469497795,0.9999999331032512,0.0,0.0,-0.0002556032713653737,0.9999999868046199,3.1855889292513624e-05,-0.00013833511007621416,-7.898961720297316e-05,0.0,0.0,0.9999998442418125,6.0396032467168835e-05,0.0005219804999695763,0.00018816223695353537,0.9999999850006994,0.0,0.0,-0.0001228575341183698,0.9999983993995507,0.000136193699592556,0.0017838323896439785,-2.4323205293805746e-05,0.0,0.0,1.0,0.0,0.0,0.0,1.0,0.0,0.0,0.0,1.0,0.0,0.0,0.0,0.0,0.0,0.0,1.0,0.0,0.0,0.0,1.0,0.0,0.0,0.0,0.0,0.0,0.0
0.0,0.0,0.0,0.999999865377165,-1.0264652839801048e-05,-0.00051337045128492,-7.477344823613672e-05,0.9999997818259798,4.418260731274928e-05,0.0005145634758178713,0.00041184987469497795,0.9999999352392311,0.0,0.0,-0.0002450878766585525,0.9999999883587717,-4.9267732980317946e-06,-0.00014186159916751434,-5.5977407979643134e-05,0.0,0.0,0.9999998442418125,6.0396032467168835e-05,0.0005219804999695763,0.00018816223695353537,0.9999999850006994,0.0,0.0,-0.0001228575341183698,0.9999983993995507,0.000136193699592556,0.0017838323896439785,-2.4323205293805746e-05,0.0,0.0,1.0,0.0,0.0,0.0,1.0,0.0,0.0,0.0,1.0,0.0,0.0,0.0,0.0,0.0,0.0,1.0,0.0,0.0,0.0,1.0,0.0,0.0,0.0,0.0,0.0,0.0
0.0,0.0,0.0,0.999999865377165,-1.0264652839801048e-05,-0.00051337045128492,-7.477344823613672e-05,0.9999997818259798,4.418260731274928e-05,0.0005145634758178713,0.00041184987469497795,0.9999999352392311,0.0,0.0,-0.0002450878766585525,0.9999999883587717,-4.9267732980317946e-06,-0.00014186159916751434,-5.5977407979643134e-05,0.0,0.0,0.9999998442418125,6.0396032467168835e-05,0.0005219804999695763,0.00018816223695353537,0.9999999850006994,0.0,0.0,-0.0001228575341183698,0.9999983993995507,0.000136193699592556,0.0017838323896439785,-2.4323205293805746e-05,0.0,0.0,1.0,0.0,0.0,0.0,1.0,0.0,0.0,0.0,1.0,0.0,0.0,0.0,0.0,0.0,0.0,1.0,0.0,0.0,0.0,1.0,0.0,0.0,0.0,0.0,0.0,0.0
0.0,0.0,0.0,0.9999998660122684,-3.1040791897840014e-05,-0.0005121890228928209,-6.836899224143965e-05,0.9999997782685918,6.46519914024252e-05,0.0005286291148679963,0.00039979262899761695,0.9999999404167026,0.0,0.0,-0.00023943475389738377,0.9999999883587717,-4.9267732980317946e-06,-0.00014186159916751434,-5.5977407979643134e-05,0.0,0.0,0.9999998469929388,6.449426381897984e-05,0.000515849580675596,0.00018908675015342648,0.9999999900464243,0.0,0.0,-0.0001115162472771054,0.9999983952850228,9.693354674739576e-05,0.0017883449572489096,-4.3053230873198397e-05,0.0,0.0,1.0,0.0,0.0,0.0,1.0,0.0,0.0,0.0,1.0,0.0,0.0,0.0,0.0,0.0,0.0,1.0,0.0,0.0,0.0,1.0,0.0,0.0,0.0,0.0,0.0,0.0
0.0,0.0,0.0,0.9999998660122684,-3.1040791897840014e-05,-0.0005121890228928209,-6.836899224143965e-05,0.9999997782685918,6.46519914024252e-05,0.0005286291148679963,0.00039979262899761695,0.9999999404167026,0.0,0.0,-0.00023943475389738377,0.9999999883587717,-4.9267732980317946e-06,-0.00014186159916751434,-5.5977407979643134e-05,0.0,0.0,0.9999998469929388,6.449426381897984e-05,0.000515849580675596,0.00018908675015342648,0.9999999900464243,0.0,0.0,-0.0001115162472771054,0.9999983952850228,9.693354674739576e-05,0.0017883449572489096,-4.3053230873198397e-05,0.0,0.0,1.0,0.0,0.0,0.0,1.0,0.0,0.0,0.0,1.0,0.0,0.0,0.0,0.0,0.0,0.0,1.0,0.0,0.0,0.0,1.0,0.0,0.0,0.0,0.0,0.0,0.0
0.0,0.0,0.0,0.999999863634953,-2.341159313097581e-05,-0.0005163192090323088,-7.480940662959619e-05,0.9999997779080673,3.875479584200198e-05,0.0005321169097247086,0.00039941641986341637,0.9999999428423901,0.0,0.0,-0.00023260426133312715,0.9999999883587717,-4.9267732980317946e-06,-0.00014186159916751434,-5.5977407979643134e-05,0.0,0.0,0.9999998440776697,5.686554010471896e-05,0.0005199809029410528,0.00019552699835093896,0.9999999900464243,0.0,0.0,-0.0001115162472771054,0.9999983966186985,9.932467761202919e-05,0.001787439754368425,-4.42014149534387e-05,0.0,0.0,1.0,0.0,0.0,0.0,1.0,0.0,0.0,0.0,1.0,0.0,0.0,0.0,0.0,0.0,0.0,1.0,0.0,0.0,0.0,1.0,0.0,0.0,0.0,0.0,0.0,0.0
0.0,0.0,0.0,0.999999863634953,-2.341159313097581e-05,-0.0005163192090323088,-7.480940662959619e-05,0.9999997779080673,3.875479584200198e-05,0.0005321169097247086,0.00039941641986341637,0.9999999428423901,0.0,0.0,-0.00023260426133312715,0.9999999883587717,-4.9267732980317946e-06,-0.00014186159916751434,-5.5977407979643134e-05,0.0,0.0,0.9999998440776697,5.686554010471896e-05,0.0005199809029410528,0.00019552699835093896,0.9999999900464243,0.0,0.0,-0.0001115162472771054,0.9999983966186985,9.932467761202919e-05,0.001787439754368425,-4.42014149534387e-05,0.0,0.0,1.0,0.0,0.0,0.0,1.0,0.0,0.0,0.0,1.0,0.0,0.0,0.0,0.0,0.0,0.0,1.0,0.0,0.0,0.0,1.0,0.0,0.0,0.0,0.0,0.0,0.0
0.0,0.0,0.0,0.999999863634953,-2.341159313097581e-05,-0.0005163192090323088,-7.480940662959619e-05,0.9999997779080673,3.875479584200198e-05,0.0005321169097247086,0.00039941641986341637,0.9999999420068425,0.0,0.0,-0.000231818012575905,0.9999999881927166,-1.400717774074744e-05,-0.00014053436551944402,-6.056779560570766e-05,0.0,0.0,0.9999998381114101,6.707973254261293e-05,0.0005331037415977918,0.00018729085332176888,0.9999999875917769,0.0,0.0,-0.0001194190639217814,0.999998418838915,0.00011870176930481052,0.001774103633579831,-2.8033141087836913e-05,0.0,0.0,1.0,0.0,0.0,0.0,1.0,0.0,0.0,0.0,1.0,0.0,0.0,0.0,0.0,0.0,0.0,1.0,0.0,0.0,0.0,1.0,0.0,0.0,0.0,0.0,0.0,0.0
0.0,0.0,0.0,0.999999863634953,-2.341159313097581e-05,-0.0005163192090323088,-7.480940662959619e-05,0.9999997779080673,3.875479584200198e-05,0.0005321169097247086,0.00039941641986341637,0.9999999420068425,0.0,0.0,-0.000231818012575905,0.9999999881927166,-1.400717774074744e-05,-0.00014053436551944402,-6.056779560570766e-05,0.0,0.0,0.9999998381114101,6.707973254261293e-05,0.0005331037415977918,0.00018729085332176888,0.9999999875917769,0.0,0.0,-0.0001194190639217814,0.999998418838915,0.00011870176930481052,0.001774103633579831,-2.8033141087836913e-05,0.0,0.0,1.0,0.0,0.0,0.0,1.0,0.0,0.0,0.0,1.0,0.0,0.0,0.0,0.0,0.0,0.0,1.0,0.0,0.0,0.0,1.0,0.0,0.0,0.0,0.0,0.0,0.0
0.0,0.0,0.0,0.999999863634953,-2.341159313097581e-05,-0.0005163192090323088,-7.480940662959619e-05,0.9999997779080673,3.875479584200198e-05,0.0005321169097247086,0.00039941641986341637,0.9999999366478015,0.0,0.0,-0.0002559141796882936,0.9999999879766099,-7.028031192754517e-06,-0.00014759138613619504,-4.705496454002933e-05,0.0,0.0,0.9999998381114101,6.707973254261293e-05,0.0005331037415977918,0.00018729085332176888,0.9999999875917769,0.0,0.0,-0.0001194190639217814,0.999998418838915,0.00011870176930481052,0.001774103633579831,-2.8033141087836913e-05,0.0,0.0,1.0,0.0,0.0,0.0,1.0,0.0,0.0,0.0,1.0,0.0,0.0,0.0,0.0,0.0,0.0,1.0,0.0,0.0,0.0,1.0,0.0,0.0,0.0,0.0,0.0,0.0
0.0,0.0,0.0,0.999999863634953,-2.341159313097581e-05,-0.0005163192090323088,-7.480940662959619e-05,0.9999997779080673,3.875479584200198e-05,0.0005321169097247086,0.00039941641986341637,0.9999999366478015,0.0,0.0,-0.0002559141796882936,0.9999999879766099,-7.028031192754517e-06,-0.00014759138613619504,-4.705496454002933e-05,0.0,0.0,0.9999998381114101,6.707973254261293e-05,0.0005331037415977918,0.00018729085332176888,0.9999999875917769,0.0,0.0,-0.0001194190639217814,0.999998418838915,0.00011870176930481052,0.001774103633579831,-2.8033141087836913e-05,0.0,0.0,1.0,0.0,0.0,0.0,1.0,0.0,0.0,0.0,1.0,0.0,0.0,0.0,0.0,0.0,0.0,1.0,0.0,0.0,0.0,1.0,0.0,0.0,0.0,0.0,0.0,0.0
0.0,0.0,0.0,0.9999998600180985,-5.651430918864987e-06,-0.0005163735313274895,-0.00011528322108504348,0.9999997645487853,2.0256822239642117e-05,0.0005172209853793085,0.0004505268999386707,0.9999999301269109,0.0,0.0,-0.00026655030610817456,0.9999999879766099,-7.028031192754517e-06,-0.00014759138613619504,-4.705496454002933e-05,0.0,0.0,0.9999998370559536,6.537830517730705e-05,0.0005194041349248671,0.00022766881211776612,0.9999999851619891,0.0,0.0,-0.00013155996605036116,0.9999984109885347,0.00012317108984113365,0.0017783699747265609,-1.5796239063517936e-05,0.0,0.0,1.0,0.0,0.0,0.0,1.0,0.0,0.0,0.0,1.0,0.0,0.0,0.0,0.0,0.0,0.0,1.0,0.0,0.0,0.0,1.0,0.0,0.0,0.0,0.0,0.0,0.0
0.0,0.0,0.0,0.9999998600180985,-5.651430918864987e-06,-0.0005163735313274895,-0.00011528322108504348,0.9999997645487853,2.0256822239642117e-05,0.0005172209853793085,0.0004505268999386707,0.9999999301269109,0.0,0.0,-0.00026655030610817456,0.9999999879766099,-7.028031192754517e-06,-0.00014759138613619504,-4.705496454002933e-05,0.0,0.0,0.9999998370559536,6.537830517730705e-05,0.0005194041349248671,0.00022766881211776612,0.9999999851619891,0.0,0.0,-0.00013155996605036116,0.9999984109885347,0.00012317108984113365,0.0017783699747265609,-1.5796239063517936e-05,0.0,0.0,1.0,0.0,0.0,0.0,1.0,0.0,0.0,0.0,1.0,0.0,0.0,0.0,0.0,0.0,0.0,1.0,0.0,0.0,0.0,1.0,0.0,0.0,0.0,0.0,0.0,0.0
0.0,0.0,0.0,0.9999998620454569,3.144088441886233e-06,-0.0005191458842504389,-7.991703762667222e-05,0.9999997785572883,1.14622628183491e-05,0.0005199957764380573,0.0004151606716834048,0.9999999301269109,0.0,0.0,-0.00026655030610817456,0.9999999879766099,-7.028031192754517e-06,-0.00014759138613619504,-4.705496454002933e-05,0.0,0.0,0.999999843575488,5.6583204626977916e-05,0.0005221753663208706,0.00019230243714900283,0.9999999851619891,0.0,0.0,-0.00013155996605036116,0.9999984221097615,0.0001185947789562343,0.0017724594197020764,1.0043455873073132e-05,0.0,0.0,1.0,0.0,0.0,0.0,1.0,0.0,0.0,0.0,1.0,0.0,0.0,0.0,0.0,0.0,0.0,1.0,0.0,0.0,0.0,1.0,0.0,0.0,0.0,0.0,0.0,0.0
0.0,0.0,0.0,0.9999998620454569,3.144088441886233e-06,-0.0005191458842504389,-7.991703762667222e-05,0.9999997785572883,1.14622628183491e-05,0.0005199957764380573,0.0004151606716834048,0.9999999301269109,0.0,0.0,-0.00026655030610817456,0.9999999879766099,-7.028031192754517e-06,-0.00014759138613619504,-4.705496454002933e-05,0.0,0.0,0.999999843575488,5.6583204626977916e-05,0.0005221753663208706,0.00019230243714900283,0.9999999851619891,0.0,0.0,-0.00013155996605036116,0.9999984221097615,0.0001185947789562343,0.0017724594197020764,1.0043455873073132e-05,0.0,0.0,1.0,0.0,0.0,0.0,1.0,0.0,0.0,0.0,1.0,0.0,0.0,0.0,0.0,0.0,0.0,1.0,0.0,0.0,0.0,1.0,0.0,0.0,0.0,0.0,0.0,0.0
0.0,0.0,0.0,0.9999998620454569,3.144088441886233e-06,-0.0005191458842504389,-7.991703762667222e-05,0.9999997906027501,1.6495742726763647e-05,0.0005025873874038245,0.0004073429319361063,0.9999999298905279,0.0,0.0,-0.0002569190052547218,0.9999999887472286,-2.6155065421312193e-05,-0.00014541438837935994,-2.6002133085306077e-05,0.0,0.0,0.999999843575488,5.6583204626977916e-05,0.0005221753663208706,0.00019230243714900283,0.9999999880215149,0.0,0.0,-0.00011558819497357135,0.9999984031743909,9.530983057996862e-05,0.001784524889943976,-5.96839599503384e-06,0.0,0.0,1.0,0.0,0.0,0.0,1.0,0.0,0.0,0.0,1.0,0.0,0.0,0.0,0.0,0.0,0.0,1.0,0.0,0.0,0.0,1.0,0.0,0.0,0.0,0.0,0.0,0.0
0.0,0.0,0.0,0.9999998620454569,3.144088441886233e-06,-0.0005191458842504389,-7.991703762667222e-05,0.9999997906027501,1.6495742726763647e-05,0.0005025873874038245,0.0004073429319361063,0.9999999298905279,0.0,0.0,-0.0002569190052547218,0.9999999887472286,-2.6155065421312193e-05,-0.00014541438837935994,-2.6002133085306077e-05,0.0,0.0,0.999999843575488,5.6583204626977916e-05,0.0005221753663208706,0.00019230243714900283,0.9999999880215149,0.0,0.0,-0.00011558819497357135,0.9999984031743909,9.530983057996862e-05,0.001784524889943976,-5.96839599503384e-06,0.0,0.0,1.0,0.0,0.0,0.0,1.0,0.0,0.0,0.0,1.0,0.0,0.0,0.0,0.0,0.0,0.0,1.0,0.0,0.0,0.0,1.0,0.0,0.0,0.0,0.0,0.0,0.0
0.0,0.0,0.0,0.9999998620454569,3.144088441886233e-06,-0.0005191458842504389,-7.991703762667222e-05,0.9999997906027501,1.6495742726763647e-05,0.0005025873874038245,0.0004073429319361063,0.9999999319377763,0.0,0.0,-0.00023674838151470088,0.9999999873348331,-2.4955540409946505e-06,-0.00015229057228949427,-4.61702009665034e-05,0.0,0.0,0.9999998450741643,4.450375970673545e-05,0.0005172959970383739,0.00020068860021216984,0.9999999881050152,0.0,0.0,-0.00012396897713992566,0.9999984031743909,9.530983057996862e-05,0.001784524889943976,-5.96839599503384e-06,0.0,0.0,1.0,0.0,0.0,0.0,1.0,0.0,0.0,0.0,1.0,0.0,0.0,0.0,0.0,0.0,0.0,1.0,0.0,0.0,0.0,1.0,0.0,0.0,0.0,0.0,0.0,0.0
0.0,0.0,0.0,0.9999998620454569,3.144088441886233e-06,-0.0005191458842504389,-7.991703762667222e-05,0.9999997906027501,1.6495742726763647e-05,0.0005025873874038245,0.0004073429319361063,0.9999999319377763,0.0,0.0,-0.00023674838151470088,0.9999999873348331,-2.4955540409946505e-06,-0.00015229057228949427,-4.61702009665034e-05,0.0,0.0,0.9999998450741643,4.450375970673545e-05,0.0005172959970383739,0.00020068860021216984,0.9999999881050152,0.0,0.0,-0.00012396897713992566,0.9999984031743909,9.530983057996862e-05,0.001784524889943976,-5.96839599503384e-06,0.0,0.0,1.0,0.0,0.0,0.0,1.0,0.0,0.0,0.0,1.0,0.0,0.0,0.0,0.0,0.0,0.0,1.0,0.0,0.0,0.0,1.0,0.0,0.0,0.0,0.0,0.0,0.0
0.0,0.0,0.0,0.9999998639499252,-1.410784293949083e-05,-0.0005183631848051437,-5.65748019079066e-05,0.999999799801475,3.3747030358696616e-05,0.0005017985846269658,0.0003840004276276602,0.9999999319377763,0.0,0.0,-0.00023674838151470088,0.9999999803717071,3.427379166621052e-05,-0.00015311621079221502,-0.0001209847873101657,0.0,0.0,0.999999847530058,1.517119356554336e-05,0.0005234559720333955,0.0001752242594196846,0.9999999891868622,0.0,0.0,-0.00012182624537263072,0.9999983958924988,9.285201034983999e-05,0.0017887222355084161,-7.9810724833641e-06,0.0,0.0,1.0,0.0,0.0,0.0,1.0,0.0,0.0,0.0,1.0,0.0,0.0,0.0,0.0,0.0,0.0,1.0,0.0,0.0,0.0,1.0,0.0,0.0,0.0,0.0,0.0,0.0
0.0,0.0,0.0,0.9999998639499252,-1.410784293949083e-05,-0.0005183631848051437,-5.65748019079066e-05,0.999999799801475,3.3747030358696616e-05,0.0005017985846269658,0.0003840004276276602,0.9999999319377763,0.0,0.0,-0.00023674838151470088,0.9999999803717071,3.427379166621052e-05,-0.00015311621079221502,-0.0001209847873101657,0.0,0.0,0.999999847530058,1.517119356554336e-05,0.0005234559720333955,0.0001752242594196846,0.9999999891868622,0.0,0.0,-0.00012182624537263072,0.9999983958924988,9.285201034983999e-05,0.0017887222355084161,-7.9810724833641e-06,0.0,0.0,1.0,0.0,0.0,0.0,1.0,0.0,0.0,0.0,1.0,0.0,0.0,0.0,0.0,0.0,0.0,1.0,0.0,0.0,0.0,1.0,0.0,0.0,0.0,0.0,0.0,0.0
0.0,0.0,0.0,0.9999998639499252,-1.410784293949083e-05,-0.0005183631848051437,-5.65748019079066e-05,0.9999998019686843,4.006426852827881e-05,0.000498314300708831,0.0003822830158643568,0.9999999309949884,0.0,0.0,-0.00023503581362985913,0.9999999803717071,3.427379166621052e-05,-0.00015311621079221502,-0.0001209847873101657,0.0,0.0,0.999999847530058,1.517119356554336e-05,0.0005234559720333955,0.0001752242594196846,0.9999999907404311,0.0,0.0,-0.00011017590640366706,0.9999984134553155,5.5336695634646884e-05,0.001780357506363753,-1.875770832728515e-05,0.0,0.0,1.0,0.0,0.0,0.0,1.0,0.0,0.0,0.0,1.0,0.0,0.0,0.0,0.0,0.0,0.0,1.0,0.0,0.0,0.0,1.0,0.0,0.0,0.0,0.0,0.0,0.0
0.0,0.0,0.0,0.9999998639499252,-1.410784293949083e-05,-0.0005183631848051437,-5.65748019079066e-05,0.9999998019686843,4.006426852827881e-05,0.000498314300708831,0.0003822830158643568,0.9999999309949884,0.0,0.0,-0.00023503581362985913,0.9999999803717071,3.427379166621052e-05,-0.00015311621079221502,-0.0001209847873101657,0.0,0.0,0.999999847530058,1.517119356554336e-05,0.0005234559720333955,0.0001752242594196846,0.9999999907404311,0.0,0.0,-0.00011017590640366706,0.9999984134553155,5.5336695634646884e-05,0.001780357506363753,-1.875770832728515e-05,0.0,0.0,1.0,0.0,0.0,0.0,1.0,0.0,0.0,0.0,1.0,0.0,0.0,0.0,0.0,0.0,0.0,1.0,0.0,0.0,0.0,1.0,0.0,0.0,0.0,0.0,0.0,0.0
0.0,0.0,0.0,0.9999998667450631,2.3844984252212347e-05,-0.000512938566213185,-5.324753483886535e-05,0.9999998064409861,-1.1276489105252698e-05,0.0004905022172933842,0.0003826204464688112,0.9999999297327121,0.0,0.0,-0.00023881179540855035,0.9999999801963786,2.6147840406706207e-05,-0.00015593466713055532,-0.00012086319686222327,0.0,0.0,0.9999998507856448,-2.2782260035813296e-05,0.0005180358532595337,0.00017189680479473736,0.9999999906256751,0.0,0.0,-0.00010998568632199579,0.9999984101207641,5.894077359634405e-05,0.0017821119868258874,-1.8941902771951816e-05,0.0,0.0,1.0,0.0,0.0,0.0,1.0,0.0,0.0,0.0,1.0,0.0,0.0,0.0,0.0,0.0,0.0,1.0,0.0,0.0,0.0,1.0,0.0,0.0,0.0,0.0,0.0,0.0
0.0,0.0,0.0,0.9999998667450631,2.3844984252212347e-05,-0.000512938566213185,-5.324753483886535e-05,0.9999998064409861,-1.1276489105252698e-05,0.0004905022172933842,0.0003826204464688112,0.9999999297327121,0.0,0.0,-0.00023881179540855035,0.9999999801963786,2.6147840406706207e-05,-0.00015593466713055532,-0.00012086319686222327,0.0,0.0,0.9999998507856448,-2.2782260035813296e-05,0.0005180358532595337,0.00017189680479473736,0.9999999906256751,0.0,0.0,-0.00010998568632199579,0.9999984101207641,5.894077359634405e-05,0.0017821119868258874,-1.8941902771951816e-05,0.0,0.0,1.0,0.0,0.0,0.0,1.0,0.0,0.0,0.0,1.0,0.0,0.0,0.0,0.0,0.0,0.0,1.0,0.0,0.0,0.0,1.0,0.0,0.0,0.0,0.0,0.0,0.0
0.0,0.0,0.0,0.9999998667450631,2.3844984252212347e-05,-0.000512938566213185,-5.324753483886535e-05,0.9999998064409861,-1.1276489105252698e-05,0.0004905022172933842,0.0003826204464688112,0.9999999272015125,0.0,0.0,-0.00025076371999174085,0.9999999815737487,-1.017052811916227e-06,-0.0001532160362390065,-0.00011565601670266518,0.0,0.0,0.999999852772362,2.1957652578152615e-06,0.0005241235463837834,0.00014051669345737167,0.9999999927518884,0.0,0.0,-7.861662029112591e-05,0.9999984101207641,5.894077359634405e-05,0.0017821119868258874,-1.8941902771951816e-05,0.0,0.0,1.0,0.0,0.0,0.0,1.0,0.0,0.0,0.0,1.0,0.0,0.0,0.0,0.0,0.0,0.0,1.0,0.0,0.0,0.0,1.0,0.0,0.0,0.0,0.0,0.0,0.0
0.0,0.0,0.0,0.9999998667450631,2.3844984252212347e-05,-0.000512938566213185,-5.324753483886535e-05,0.9999998064409861,-1.1276489105252698e-05,0.0004905022172933842,0.0003826204464688112,0.9999999272015125,0.0,0.0,-0.00025076371999174085,0.9999999815737487,-1.017052811916227e-06,-0.0001532160362390065,-0.00011565601670266518,0.0,0.0,0.999999852772362,2.1957652578152615e-06,0.0005241235463837834,0.00014051669345737167,0.9999999927518884,0.0,0.0,-7.861662029112591e-05,0.9999984101207641,5.894077359634405e-05,0.0017821119868258874,-1.8941902771951816e-05,0.0,0.0,1.0,0.0,0.0,0.0,1.0,0.0,0.0,0.0,1.0,0.0,0.0,0.0,0.0,0.0,0.0,1.0,0.0,0.0,0.0,1.0,0.0,0.0,0.0,0.0,0.0,0.0
0.0,0.0,0.0,0.9999998687674452,2.7363744062916165e-05,-0.0005091566389194474,-4.975776332684417e-05,0.9999998064924638,-2.134830324203343e-05,0.0004898026369006482,0.0003829525584135589,0.9999999272797412,0.0,0.0,-0.0002545805463169414,0.9999999815737487,-1.017052811916227e-06,-0.0001532160362390065,-0.00011565601670266518,0.0,0.0,0.9999998475528976,9.700857867114897e-06,0.0005349558863252385,0.00013646345552325234,0.9999999910696776,0.0,0.0,-7.805825300250086e-05,0.999998407057176,3.932551470373034e-05,0.001784431114368334,-1.1925285675137646e-05,0.0,0.0,1.0,0.0,0.0,0.0,1.0,0.0,0.0,0.0,1.0,0.0,0.0,0.0,0.0,0.0,0.0,1.0,0.0,0.0,0.0,1.0,0.0,0.0,0.0,0.0,0.0,0.0
0.0,0.0,0.0,0.9999998687674452,2.7363744062916165e-05,-0.0005091566389194474,-4.975776332684417e-05,0.9999998064924638,-2.134830324203343e-05,0.0004898026369006482,0.0003829525584135589,0.9999999272797412,0.0,0.0,-0.0002545805463169414,0.9999999815737487,-1.017052811916227e-06,-0.0001532160362390065,-0.00011565601670266518,0.0,0.0,0.9999998475528976,9.700857867114897e-06,0.0005349558863252385,0.00013646345552325234,0.9999999910696776,0.0,0.0,-7.805825300250086e-05,0.999998407057176,3.932551470373034e-05,0.001784431114368334,-1.1925285675137646e-05,0.0,0.0,1.0,0.0,0.0,0.0,1.0,0.0,0.0,0.0,1.0,0.0,0.0,0.0,0.0,0.0,0.0,1.0,0.0,0.0,0.0,1.0,0.0,0.0,0.0,0.0,0.0,0.0
0.0,0.0,0.0,0.9999998687674452,2.7363744062916165e-05,-0.0005091566389194474,-4.975776332684417e-05,0.9999998064924638,-2.134830324203343e-05,0.0004898026369006482,0.0003829525584135589,0.9999999272797412,0.0,0.0,-0.0002545805463169414,0.9999999857135607,-4.496202030966481e-05,-0.00016160090553312106,-2.0891204272783662e-05,0.0,0.0,0.9999998475528976,9.700857867114897e-06,0.0005349558863252385,0.00013646345552325234,0.9999999894827614,0.0,0.0,-9.181405126044982e-05,0.9999984128970714,3.7351377177124245e-05,0.0017812314653433338,4.762347524968255e-06,0.0,0.0,1.0,0.0,0.0,0.0,1.0,0.0,0.0,0.0,1.0,0.0,0.0,0.0,0.0,0.0,0.0,1.0,0.0,0.0,0.0,1.0,0.0,0.0,0.0,0.0,0.0,0.0
0.0,0.0,0.0,0.9999998687674452,2.7363744062916165e-05,-0.0005091566389194474,-4.975776332684417e-05,0.9999998064924638,-2.134830324203343e-05,0.0004898026369006482,0.0003829525584135589,0.9999999272797412,0.0,0.0,-0.0002545805463169414,0.9999999857135607,-4.496202030966481e-05,-0.00016160090553312106,-2.0891204272783662e-05,0.0,0.0,0.9999998475528976,9.700857867114897e-06,0.0005349558863252385,0.00013646345552325234,0.9999999894827614,0.0,0.0,-9.181405126044982e-05,0.9999984128970714,3.7351377177124245e-05,0.0017812314653433338,4.762347524968255e-06,0.0,0.0,1.0,0.0,0.0,0.0,1.0,0.0,0.0,0.0,1.0,0.0,0.0,0.0,0.0,0.0,0.0,1.0,0.0,0.0,0.0,1.0,0.0,0.0,0.0,0.0,0.0,0.0
0.0,0.0,0.0,0.9999998633185347,2.493250961349161e-05,-0.0005213653741474331,-3.0322078421432036e-05,0.9999998099621613,-1.8177686585862737e-05,0.0005027937365192584,0.00035629155404603676,0.9999999278865601,0.0,0.0,-0.00024898487068142697,0.9999999859468633,-3.081076757819991e-05,-0.00016366427259772198,-1.9260722656188276e-05,0.0,0.0,0.9999998433846187,1.2133652253154754e-05,0.0005471636909621443,0.00011702738096340198,0.9999999903377038,0.0,0.0,-8.897472117129382e-05,0.9999984093030717,1.3277616211218174e-05,0.0017835951017638365,1.88260960057157e-06,0.0,0.0,1.0,0.0,0.0,0.0,1.0,0.0,0.0,0.0,1.0,0.0,0.0,0.0,0.0,0.0,0.0,1.0,0.0,0.0,0.0,1.0,0.0,0.0,0.0,0.0,0.0,0.0
0.0,0.0,0.0,0.9999998633185347,2.493250961349161e-05,-0.0005213653741474331,-3.0322078421432036e-05,0.9999998099621613,-1.8177686585862737e-05,0.0005027937365192584,0.00035629155404603676,0.9999999278865601,0.0,0.0,-0.00024898487068142697,0.9999999859468633,-3.081076757819991e-05,-0.00016366427259772198,-1.9260722656188276e-05,0.0,0.0,0.9999998433846187,1.2133652253154754e-05,0.0005471636909621443,0.00011702738096340198,0.9999999903377038,0.0,0.0,-8.897472117129382e-05,0.9999984093030717,1.3277616211218174e-05,0.0017835951017638365,1.88260960057157e-06,0.0,0.0,1.0,0.0,0.0,0.0,1.0,0.0,0.0,0.0,1.0,0.0,0.0,0.0,0.0,0.0,0.0,1.0,0.0,0.0,0.0,1.0,0.0,0.0,0.0,0.0,0.0,0.0
0.0,0.0,0.0,0.9999998633185347,2.493250961349161e-05,-0.0005213653741474331,-3.0322078421432036e-05,0.9999998099621613,-1.8177686585862737e-05,0.0005027937365192584,0.00035629155404603676,0.9999999278865601,0.0,0.0,-0.00024898487068142697,0.9999999859468633,-3.081076757819991e-05,-0.00016366427259772198,-1.9260722656188276e-05,0.0,0.0,0.9999998443777043,1.478283803932247e-05,0.0005476423793278895,0.00010542229032513638,0.9999999911883625,0.0,0.0,-7.737081002111068e-05,0.9999984093030717,1.3277616211218174e-05,0.0017835951017638365,1.88260960057157e-06,0.0,0.0,1.0,0.0,0.0,0.0,1.0,0.0,0.0,0.0,1.0,0.0,0.0,0.0,0.0,0.0,0.0,1.0,0.0,0.0,0.0,1.0,0.0,0.0,0.0,0.0,0.0,0.0
0.0,0.0,0.0,0.9999998633185347,2.493250961349161e-05,-0.0005213653741474331,-3.0322078421432036e-05,0.9999998099621613,-1.8177686585862737e-05,0.0005027937365192584,0.00035629155404603676,0.9999999263446762,0.0,0.0,-0.00025401148263603406,0.9999999858475193,-3.126005310740221e-05,-0.00016469716697372993,-1.4234234620782315e-05,0.0,0.0,0.9999998443777043,1.478283803932247e-05,0.0005476423793278895,0.00010542229032513638,0.9999999911883625,0.0,0.0,-7.737081002111068e-05,0.9999984093030717,1.3277616211218174e-05,0.0017835951017638365,1.88260960057157e-06,0.0,0.0,1.0,0.0,0.0,0.0,1.0,0.0,0.0,0.0,1.0,0.0,0.0,0.0,0.0,0.0,0.0,1.0,0.0,0.0,0.0,1.0,0.0,0.0,0.0,0.0,0.0,0.0
0.0,0.0,0.0,0.999999861017998,2.969930857944981e-05,-0.0005260361881001897,-1.9179793571844184e-05,0.9999998114118727,-2.2943169778902377e-05,0.0005074660307467904,0.00034514932685343673,0.9999999263446762,0.0,0.0,-0.00025401148263603406,0.9999999861135118,-2.0970056385571045e-05,-0.00016267143276795139,-2.9516735749513777e-05,0.0,0.0,0.9999998444964932,-1.6774834848513836e-06,0.0005468073249873226,0.00010957155176435702,0.9999999906816515,0.0,0.0,-9.265734615377285e-05,0.9999984074628934,4.62158968970746e-05,0.001783182187256081,-5.654250547520324e-05,0.0,0.0,1.0,0.0,0.0,0.0,1.0,0.0,0.0,0.0,1.0,0.0,0.0,0.0,0.0,0.0,0.0,1.0,0.0,0.0,0.0,1.0,0.0,0.0,0.0,0.0,0.0,0.0
0.0,0.0,0.0,0.999999861017998,2.969930857944981e-05,-0.0005260361881001897,-1.9179793571844184e-05,0.9999998114118727,-2.2943169778902377e-05,0.0005074660307467904,0.00034514932685343673,0.9999999263446762,0.0,0.0,-0.00025401148263603406,0.9999999861135118,-2.0970056385571045e-05,-0.00016267143276795139,-2.9516735749513777e-05,0.0,0.0,0.9999998444964932,-1.6774834848513836e-06,0.0005468073249873226,0.00010957155176435702,0.9999999906816515,0.0,0.0,-9.265734615377285e-05,0.9999984074628934,4.62158968970746e-05,0.001783182187256081,-5.654250547520324e-05,0.0,0.0,1.0,0.0,0.0,0.0,1.0,0.0,0.0,0.0,1.0,0.0,0.0,0.0,0.0,0.0,0.0,1.0,0.0,0.0,0.0,1.0,0.0,0.0,0.0,0.0,0.0,0.0
0.0,0.0,0.0,0.999999861017998,2.969930857944981e-05,-0.0005260361881001897,-1.9179793571844184e-05,0.9999998104232584,-3.0152102967325013e-05,0.0005090706700412208,0.00034509614710104866,0.9999999270529193,0.0,0.0,-0.0002539526828599309,0.9999999838747301,2.8582214547401348e-05,-0.00016252876026874068,-7.083783406471828e-05,0.0,0.0,0.9999998444964932,-1.6774834848513836e-06,0.0005468073249873226,0.00010957155176435702,0.9999999904452588,0.0,0.0,-9.319126269478375e-05,0.9999984032502361,3.992214009129867e-05,0.001785711354754167,-5.601926772120073e-05,0.0,0.0,1.0,0.0,0.0,0.0,1.0,0.0,0.0,0.0,1.0,0.0,0.0,0.0,0.0,0.0,0.0,1.0,0.0,0.0,0.0,1.0,0.0,0.0,0.0,0.0,0.0,0.0
0.0,0.0,0.0,0.999999861017998,2.969930857944981e-05,-0.0005260361881001897,-1.9179793571844184e-05,0.9999998104232584,-3.0152102967325013e-05,0.0005090706700412208,0.00034509614710104866,0.9999999270529193,0.0,0.0,-0.0002539526828599309,0.9999999838747301,2.8582214547401348e-05,-0.00016252876026874068,-7.083783406471828e-05,0.0,0.0,0.9999998444964932,-1.6774834848513836e-06,0.0005468073249873226,0.00010957155176435702,0.9999999904452588,0.0,0.0,-9.319126269478375e-05,0.9999984032502361,3.992214009129867e-05,0.001785711354754167,-5.601926772120073e-05,0.0,0.0,1.0,0.0,0.0,0.0,1.0,0.0,0.0,0.0,1.0,0.0,0.0,0.0,0.0,0.0,0.0,1.0,0.0,0.0,0.0,1.0,0.0,0.0,0.0,0.0,0.0,0.0
0.0,0.0,0.0,0.9999998612148334,1.1766482410080924e-05,-0.0005254788067616133,-3.61093838428652e-05,0.9999998146565138,1.576127347188535e-05,0.0004978613181381215,0.0003501037394366305,0.9999999257165071,0.0,0.0,-0.00024205271908961845,0.9999999838747301,2.8582214547401348e-05,-0.00016252876026874068,-7.083783406471828e-05,0.0,0.0,0.9999998426726839,1.625494062223328e-05,0.0005462487960002785,0.00012650152999378156,0.9999999904452588,0.0,0.0,-9.319126269478375e-05,0.9999983710940682,-3.182960589208994e-05,0.0018046535643450258,4.647503861864286e-06,0.0,0.0,1.0,0.0,0.0,0.0,1.0,0.0,0.0,0.0,1.0,0.0,0.0,0.0,0.0,0.0,0.0,1.0,0.0,0.0,0.0,1.0,0.0,0.0,0.0,0.0,0.0,0.0
0.0,0.0,0.0,0.9999998612148334,1.1766482410080924e-05,-0.0005254788067616133,-3.61093838428652e-05,0.9999998146565138,1.576127347188535e-05,0.0004978613181381215,0.0003501037394366305,0.9999999257165071,0.0,0.0,-0.00024205271908961845,0.9999999838747301,2.8582214547401348e-05,-0.00016252876026874068,-7.083783406471828e-05,0.0,0.0,0.9999998426726839,1.625494062223328e-05,0.0005462487960002785,0.00012650152999378156,0.9999999904452588,0.0,0.0,-9.319126269478375e-05,0.9999983710940682,-3.182960589208994e-05,0.0018046535643450258,4.647503861864286e-06,0.0,0.0,1.0,0.0,0.0,0.0,1.0,0.0,0.0,0.0,1.0,0.0,0.0,0.0,0.0,0.0,0.0,1.0,0.0,0.0,0.0,1.0,0.0,0.0,0.0,0.0,0.0,0.0
0.0,0.0,0.0,0.9999998612148334,1.1766482410080924e-05,-0.0005254788067616133,-3.61093838428652e-05,0.9999998146565138,1.576127347188535e-05,0.0004978613181381215,0.0003501037394366305,0.9999999246324923,0.0,0.0,-0.00024931439430677825,0.999999984643565,1.2620155332046282e-05,-0.00016282323152796654,-6.357827285804725e-05,0.0,0.0,0.9999998422739007,1.8370305167748143e-05,0.0005469155529239834,0.00012648353160133198,0.9999999891198684,0.0,0.0,-9.508882836073772e-05,0.9999983525952131,-5.2785118959170975e-05,0.0018143808836906766,6.526870524074965e-06,0.0,0.0,1.0,0.0,0.0,0.0,1.0,0.0,0.0,0.0,1.0,0.0,0.0,0.0,0.0,0.0,0.0,1.0,0.0,0.0,0.0,1.0,0.0,0.0,0.0,0.0,0.0,0.0
0.0,0.0,0.0,0.9999998612148334,1.1766482410080924e-05,-0.0005254788067616133,-3.61093838428652e-05,0.9999998146565138,1.576127347188535e-05,0.0004978613181381215,0.0003501037394366305,0.9999999246324923,0.0,0.0,-0.00024931439430677825,0.999999984643565,1.2620155332046282e-05,-0.00016282323152796654,-6.357827285804725e-05,0.0,0.0,0.9999998422739007,1.8370305167748143e-05,0.0005469155529239834,0.00012648353160133198,0.9999999891198684,0.0,0.0,-9.508882836073772e-05,0.9999983525952131,-5.2785118959170975e-05,0.0018143808836906766,6.526870524074965e-06,0.0,0.0,1.0,0.0,0.0,0.0,1.0,0.0,0.0,0.0,1.0,0.0,0.0,0.0,0.0,0.0,0.0,1.0,0.0,0.0,0.0,1.0,0.0,0.0,0.0,0.0,0.0,0.0
0.0,0.0,0.0,0.9999998612148334,1.1766482410080924e-05,-0.0005254788067616133,-3.61093838428652e-05,0.9999998146565138,1.576127347188535e-05,0.0004978613181381215,0.0003501037394366305,0.999999918250467,0.0,0.0,-0.0002602489879885516,0.9999999821773166,3.669408669491911e-05,-0.00017471264825953795,-6.143615382912946e-05,0.0,0.0,0.9999998422739007,1.8370305167748143e-05,0.0005469155529239834,0.00012648353160133198,0.9999999891198684,0.0,0.0,-9.508882836073772e-05,0.9999983427628647,-7.994943433916944e-05,0.0018185888835160033,2.853217057839091e-05,0.0,0.0,1.0,0.0,0.0,0.0,1.0,0.0,0.0,0.0,1.0,0.0,0.0,0.0,0.0,0.0,0.0,1.0,0.0,0.0,0.0,1.0,0.0,0.0,0.0,0.0,0.0,0.0
0.0,0.0,0.0,0.9999998612148334,1.1766482410080924e-05,-0.0005254788067616133,-3.61093838428652e-05,0.9999998146565138,1.576127347188535e-05,0.0004978613181381215,0.0003501037394366305,0.999999918250467,0.0,0.0,-0.0002602489879885516,0.9999999821773166,3.669408669491911e-05,-0.00017471264825953795,-6.143615382912946e-05,0.0,0.0,0.9999998422739007,1.8370305167748143e-05,0.0005469155529239834,0.00012648353160133198,0.9999999891198684,0.0,0.0,-9.508882836073772e-05,0.9999983427628647,-7.994943433916944e-05,0.0018185888835160033,2.853217057839091e-05,0.0,0.0,1.0,0.0,0.0,0.0,1.0,0.0,0.0,0.0,1.0,0.0,0.0,0.0,0.0,0.0,0.0,1.0,0.0,0.0,0.0,1.0,0.0,0.0,0.0,0.0,0.0,0.0
0.0,0.0,0.0,0.999999860016016,1.005506258750006e-05,-0.0005280395697361706,-3.226541166614362e-05,0.9999998069761159,1.5633304366168202e-05,0.0005101541778138977,0.0003543247739934345,0.999999919135298,0.0,0.0,-0.0002683129652412576,0.999999983278918,9.506245094514601e-06,-0.0001761841282002495,-4.8072318756985904e-05,0.0,0.0,0.9999998470638732,1.990965144286222e-05,0.0005420828399916065,0.0001078055207257032,0.9999999918876421,0.0,0.0,-7.156736103869918e-05,0.9999983432041525,-6.468086548128976e-05,0.001819068577503407,1.98707312738636e-05,0.0,0.0,1.0,0.0,0.0,0.0,1.0,0.0,0.0,0.0,1.0,0.0,0.0,0.0,0.0,0.0,0.0,1.0,0.0,0.0,0.0,1.0,0.0,0.0,0.0,0.0,0.0,0.0
0.0,0.0,0.0,0.999999860016016,1.005506258750006e-05,-0.0005280395697361706,-3.226541166614362e-05,0.9999998069761159,1.5633304366168202e-05,0.0005101541778138977,0.0003543247739934345,0.999999919135298,0.0,0.0,-0.0002683129652412576,0.999999983278918,9.506245094514601e-06,-0.0001761841282002495,-4.8072318756985904e-05,0.0,0.0,0.9999998470638732,1.990965144286222e-05,0.0005420828399916065,0.0001078055207257032,0.9999999918876421,0.0,0.0,-7.156736103869918e-05,0.9999983432041525,-6.468086548128976e-05,0.001819068577503407,1.98707312738636e-05,0.0,0.0,1.0,0.0,0.0,0.0,1.0,0.0,0.0,0.0,1.0,0.0,0.0,0.0,0.0,0.0,0.0,1.0,0.0,0.0,0.0,1.0,0.0,0.0,0.0,0.0,0.0,0.0
0.0,0.0,0.0,0.999999860016016,1.005506258750006e-05,-0.0005280395697361706,-3.226541166614362e-05,0.9999997961650109,1.4432070587976279e-05,0.0005236987786997767,0.0003649674524461569,0.9999999201916329,0.0,0.0,-0.00027895514275221386,0.999999983278918,9.506245094514601e-06,-0.0001761841282002495,-4.8072318756985904e-05,0.0,0.0,0.9999998470638732,1.990965144286222e-05,0.0005420828399916065,0.0001078055207257032,0.9999999918876421,0.0,0.0,-7.156736103869918e-05,0.9999983383374642,-3.428832077074665e-06,0.0018225363054467719,-4.088971573017325e-05,0.0,0.0,1.0,0.0,0.0,0.0,1.0,0.0,0.0,0.0,1.0,0.0,0.0,0.0,0.0,0.0,0.0,1.0,0.0,0.0,0.0,1.0,0.0,0.0,0.0,0.0,0.0,0.0
0.0,0.0,0.0,0.999999860016016,1.005506258750006e-05,-0.0005280395697361706,-3.226541166614362e-05,0.9999997961650109,1.4432070587976279e-05,0.0005236987786997767,0.0003649674524461569,0.9999999201916329,0.0,0.0,-0.00027895514275221386,0.999999983278918,9.506245094514601e-06,-0.0001761841282002495,-4.8072318756985904e-05,0.0,0.0,0.9999998470638732,1.990965144286222e-05,0.0005420828399916065,0.0001078055207257032,0.9999999918876421,0.0,0.0,-7.156736103869918e-05,0.9999983383374642,-3.428832077074665e-06,0.0018225363054467719,-4.088971573017325e-05,0.0,0.0,1.0,0.0,0.0,0.0,1.0,0.0,0.0,0.0,1.0,0.0,0.0,0.0,0.0,0.0,0.0,1.0,0.0,0.0,0.0,1.0,0.0,0.0,0.0,0.0,0.0,0.0
0.0,0.0,0.0,0.999999860016016,1.005506258750006e-05,-0.0005280395697361706,-3.226541166614362e-05,0.9999997961650109,1.4432070587976279e-05,0.0005236987786997767,0.0003649674524461569,0.9999999158693863,0.0,0.0,-0.00028814758384043904,0.9999999827326304,1.6116121035126064e-05,-0.00018100664137030379,-3.8879368718472934e-05,0.0,0.0,0.9999998470638732,1.990965144286222e-05,0.0005420828399916065,0.0001078055207257032,0.9999999928236322,0.0,0.0,-7.16011568264868e-05,0.9999983633357763,2.2260972240287265e-05,0.0018086361176895488,-4.081190650499545e-05,0.0,0.0,1.0,0.0,0.0,0.0,1.0,0.0,0.0,0.0,1.0,0.0,0.0,0.0,0.0,0.0,0.0,1.0,0.0,0.0,0.0,1.0,0.0,0.0,0.0,0.0,0.0,0.0
0.0,0.0,0.0,0.999999860016016,1.005506258750006e-05,-0.0005280395697361706,-3.226541166614362e-05,0.9999997961650109,1.4432070587976279e-05,0.0005236987786997767,0.0003649674524461569,0.9999999158693863,0.0,0.0,-0.00028814758384043904,0.9999999827326304,1.6116121035126064e-05,-0.00018100664137030379,-3.8879368718472934e-05,0.0,0.0,0.9999998470638732,1.990965144286222e-05,0.0005420828399916065,0.0001078055207257032,0.9999999928236322,0.0,0.0,-7.16011568264868e-05,0.9999983633357763,2.2260972240287265e-05,0.0018086361176895488,-4.081190650499545e-05,0.0,0.0,1.0,0.0,0.0,0.0,1.0,0.0,0.0,0.0,1.0,0.0,0.0,0.0,0.0,0.0,0.0,1.0,0.0,0.0,0.0,1.0,0.0,0.0,0.0,0.0,0.0,0.0
0.0,0.0,0.0,0.9999998508001566,1.2482393564510451e-05,-0.0005455037071353378,-2.587585396646495e-05,0.9999997958871006,8.682464704476491e-06,0.0005323519312337428,0.0003532021988507034,0.9999999097162752,0.0,0.0,-0.0002976375720845595,0.9999999827745986,2.9694957333062417e-05,-0.00018163854014671606,-2.400943095334743e-05,0.0,0.0,0.9999998373527954,1.7079883661722917e-05,0.0005611998249752724,0.0001002866732909269,0.9999999927632242,0.0,0.0,-7.047225553789777e-05,0.9999983633357763,2.2260972240287265e-05,0.0018086361176895488,-4.081190650499545e-05,0.0,0.0,1.0,0.0,0.0,0.0,1.0,0.0,0.0,0.0,1.0,0.0,0.0,0.0,0.0,0.0,0.0,1.0,0.0,0.0,0.0,1.0,0.0,0.0,0.0,0.0,0.0,0.0
0.0,0.0,0.0,0.9999998508001566,1.2482393564510451e-05,-0.0005455037071353378,-2.587585396646495e-05,0.9999997958871006,8.682464704476491e-06,0.0005323519312337428,0.0003532021988507034,0.9999999097162752,0.0,0.0,-0.0002976375720845595,0.9999999827745986,2.9694957333062417e-05,-0.00018163854014671606,-2.400943095334743e-05,0.0,0.0,0.9999998373527954,1.7079883661722917e-05,0.0005611998249752724,0.0001002866732909269,0.9999999927632242,0.0,0.0,-7.047225553789777e-05,0.9999983633357763,2.2260972240287265e-05,0.0018086361176895488,-4.081190650499545e-05,0.0,0.0,1.0,0.0,0.0,0.0,1.0,0.0,0.0,0.0,1.0,0.0,0.0,0.0,0.0,0.0,0.0,1.0,0.0,0.0,0.0,1.0,0.0,0.0,0.0,0.0,0.0,0.0
0.0,0.0,0.0,0.9999998508001566,1.2482393564510451e-05,-0.0005455037071353378,-2.587585396646495e-05,0.9999997958871006,8.682464704476491e-06,0.0005323519312337428,0.0003532021988507034,0.9999999097162752,0.0,0.0,-0.0002976375720845595,0.9999999810334247,4.977030910772136e-05,-0.00018106388770188755,-5.169076582258218e-05,0.0,0.0,0.9999998355882442,2.468957868848964e-05,0.0005639585326386872,0.00010082005139586878,0.9999999922140773,0.0,0.0,-7.100922945612143e-05,0.9999983644742028,4.113436102273334e-05,0.001806555069292434,-7.560201957079446e-05,0.0,0.0,1.0,0.0,0.0,0.0,1.0,0.0,0.0,0.0,1.0,0.0,0.0,0.0,0.0,0.0,0.0,1.0,0.0,0.0,0.0,1.0,0.0,0.0,0.0,0.0,0.0,0.0
0.0,0.0,0.0,0.9999998508001566,1.2482393564510451e-05,-0.0005455037071353378,-2.587585396646495e-05,0.9999997958871006,8.682464704476491e-06,0.0005323519312337428,0.0003532021988507034,0.9999999097162752,0.0,0.0,-0.0002976375720845595,0.9999999810334247,4.977030910772136e-05,-0.00018106388770188755,-5.169076582258218e-05,0.0,0.0,0.9999998355882442,2.468957868848964e-05,0.0005639585326386872,0.00010082005139586878,0.9999999922140773,0.0,0.0,-7.100922945612143e-05,0.9999983644742028,4.113436102273334e-05,0.001806555069292434,-7.560201957079446e-05,0.0,0.0,1.0,0.0,0.0,0.0,1.0,0.0,0.0,0.0,1.0,0.0,0.0,0.0,0.0,0.0,0.0,1.0,0.0,0.0,0.0,1.0,0.0,0.0,0.0,0.0,0.0,0.0
0.0,0.0,0.0,0.9999998508001566,1.2482393564510451e-05,-0.0005455037071353378,-2.587585396646495e-05,0.9999997977081365,4.977379547693059e-06,0.0005240923131026205,0.0003603972238317353,0.9999999053071946,0.0,0.0,-0.0003048290520959033,0.9999999815966796,2.5009155809291546e-05,-0.00018581958273709257,4.0648067568575986e-05,0.0,0.0,0.9999998355882442,2.468957868848964e-05,0.0005639585326386872,0.00010082005139586878,0.9999999911981012,0.0,0.0,-8.6317678474432e-05,0.9999983676693456,3.888109378900956e-05,0.001805411623013928,-6.029739804852675e-05,0.0,0.0,1.0,0.0,0.0,0.0,1.0,0.0,0.0,0.0,1.0,0.0,0.0,0.0,0.0,0.0,0.0,1.0,0.0,0.0,0.0,1.0,0.0,0.0,0.0,0.0,0.0,0.0
0.0,0.0,0.0,0.9999998508001566,1.2482393564510451e-05,-0.0005455037071353378,-2.587585396646495e-05,0.9999997977081365,4.977379547693059e-06,0.0005240923131026205,0.0003603972238317353,0.9999999053071946,0.0,0.0,-0.0003048290520959033,0.9999999815966796,2.5009155809291546e-05,-0.00018581958273709257,4.0648067568575986e-05,0.0,0.0,0.9999998355882442,2.468957868848964e-05,0.0005639585326386872,0.00010082005139586878,0.9999999911981012,0.0,0.0,-8.6317678474432e-05,0.9999983676693456,3.888109378900956e-05,0.001805411623013928,-6.029739804852675e-05,0.0,0.0,1.0,0.0,0.0,0.0,1.0,0.0,0.0,0.0,1.0,0.0,0.0,0.0,0.0,0.0,0.0,1.0,0.0,0.0,0.0,1.0,0.0,0.0,0.0,0.0,0.0,0.0
0.0,0.0,0.0,0.999999852177788,5.711647565118741e-06,-0.0005426044071072862,-3.452877825734819e-05,0.9999997960120324,1.1747340595881576e-05,0.0005211908976810829,0.00036905005318423436,0.9999999053071946,0.0,0.0,-0.0003048290520959033,0.9999999815966796,2.5009155809291546e-05,-0.00018581958273709257,4.0648067568575986e-05,0.0,0.0,0.9999998361193039,3.1459947697210764e-05,0.0005610590463763833,0.000109473208353939,0.9999999911981012,0.0,0.0,-8.6317678474432e-05,0.9999983640612243,4.2050796325801983e-05,0.001807199463548923,-6.43172165104163e-05,0.0,0.0,1.0,0.0,0.0,0.0,1.0,0.0,0.0,0.0,1.0,0.0,0.0,0.0,0.0,0.0,0.0,1.0,0.0,0.0,0.0,1.0,0.0,0.0,0.0,0.0,0.0,0.0
0.0,0.0,0.0,0.999999852177788,5.711647565118741e-06,-0.0005426044071072862,-3.452877825734819e-05,0.9999997960120324,1.1747340595881576e-05,0.0005211908976810829,0.00036905005318423436,0.9999999053071946,0.0,0.0,-0.0003048290520959033,0.9999999815966796,2.5009155809291546e-05,-0.00018581958273709257,4.0648067568575986e-05,0.0,0.0,0.9999998361193039,3.1459947697210764e-05,0.0005610590463763833,0.000109473208353939,0.9999999911981012,0.0,0.0,-8.6317678474432e-05,0.9999983640612243,4.2050796325801983e-05,0.001807199463548923,-6.43172165104163e-05,0.0,0.0,1.0,0.0,0.0,0.0,1.0,0.0,0.0,0.0,1.0,0.0,0.0,0.0,0.0,0.0,0.0,1.0,0.0,0.0,0.0,1.0,0.0,0.0,0.0,0.0,0.0,0.0
0.0,0.0,0.0,0.9999998517858805,1.4581570361474945e-05,-0.0005422017965643404,-4.725258411660254e-05,0.9999997915082437,2.8775560997842113e-06,0.0005207914742554132,0.00038177405510956836,0.9999999053071946,0.0,0.0,-0.0003048290520959033,0.9999999815966796,2.5009155809291546e-05,-0.00018581958273709257,4.0648067568575986e-05,0.0,0.0,0.9999998376508122,2.9733205738105265e-05,0.0005553465282980628,0.00012411494390748251,0.9999999918252331,0.0,0.0,-9.151790141927988e-05,0.9999983705720416,2.3708534750456454e-05,0.001804040365906016,-6.106984046780097e-05,0.0,0.0,1.0,0.0,0.0,0.0,1.0,0.0,0.0,0.0,1.0,0.0,0.0,0.0,0.0,0.0,0.0,1.0,0.0,0.0,0.0,1.0,0.0,0.0,0.0,0.0,0.0,0.0
0.0,0.0,0.0,0.9999998517858805,1.4581570361474945e-05,-0.0005422017965643404,-4.725258411660254e-05,0.9999997965501056,1.2370392896286139e-05,0.0005183404939540476,0.0003715775195772969,0.9999999082381441,0.0,0.0,-0.00029024110758885796,0.9999999809058732,5.071624431915293e-05,-0.0001838307073944844,4.268942561012707e-05,0.0,0.0,0.9999998349652549,7.129030247738458e-06,0.0005565909751689603,0.00014221507083918473,0.9999999901697824,0.0,0.0,-0.00010960741377659499,0.999998380939384,1.3417877761781225e-05,0.001799196842030811,-2.879748030384638e-05,0.0,0.0,1.0,0.0,0.0,0.0,1.0,0.0,0.0,0.0,1.0,0.0,0.0,0.0,0.0,0.0,0.0,1.0,0.0,0.0,0.0,1.0,0.0,0.0,0.0,0.0,0.0,0.0
0.0,0.0,0.0,0.9999998517858805,1.4581570361474945e-05,-0.0005422017965643404,-4.725258411660254e-05,0.9999997965501056,1.2370392896286139e-05,0.0005183404939540476,0.0003715775195772969,0.9999999082381441,0.0,0.0,-0.00029024110758885796,0.9999999809058732,5.071624431915293e-05,-0.0001838307073944844,4.268942561012707e-05,0.0,0.0,0.9999998349652549,7.129030247738458e-06,0.0005565909751689603,0.00014221507083918473,0.9999999901697824,0.0,0.0,-0.00010960741377659499,0.999998380939384,1.3417877761781225e-05,0.001799196842030811,-2.879748030384638e-05,0.0,0.0,1.0,0.0,0.0,0.0,1.0,0.0,0.0,0.0,1.0,0.0,0.0,0.0,0.0,0.0,0.0,1.0,0.0,0.0,0.0,1.0,0.0,0.0,0.0,0.0,0.0,0.0
0.0,0.0,0.0,0.9999998517858805,1.4581570361474945e-05,-0.0005422017965643404,-4.725258411660254e-05,0.9999997955841476,2.070457431749362e-05,0.0005243045266706484,0.0003653871193303751,0.9999999140681849,0.0,0.0,-0.0002733360451870919,0.999999981232276,4.023586743351765e-05,-0.00018680118809581998,3.1966213348984745e-05,0.0,0.0,0.9999998349652549,7.129030247738458e-06,0.0005565909751689603,0.00014221507083918473,0.9999999901697824,0.0,0.0,-0.00010960741377659499,0.999998380939384,1.3417877761781225e-05,0.001799196842030811,-2.879748030384638e-05,0.0,0.0,1.0,0.0,0.0,0.0,1.0,0.0,0.0,0.0,1.0,0.0,0.0,0.0,0.0,0.0,0.0,1.0,0.0,0.0,0.0,1.0,0.0,0.0,0.0,0.0,0.0,0.0
0.0,0.0,0.0,0.9999998517858805,1.4581570361474945e-05,-0.0005422017965643404,-4.725258411660254e-05,0.9999997955841476,2.070457431749362e-05,0.0005243045266706484,0.0003653871193303751,0.9999999140681849,0.0,0.0,-0.0002733360451870919,0.999999981232276,4.023586743351765e-05,-0.00018680118809581998,3.1966213348984745e-05,0.0,0.0,0.9999998349652549,7.129030247738458e-06,0.0005565909751689603,0.00014221507083918473,0.9999999901697824,0.0,0.0,-0.00010960741377659499,0.999998380939384,1.3417877761781225e-05,0.001799196842030811,-2.879748030384638e-05,0.0,0.0,1.0,0.0,0.0,0.0,1.0,0.0,0.0,0.0,1.0,0.0,0.0,0.0,0.0,0.0,0.0,1.0,0.0,0.0,0.0,1.0,0.0,0.0,0.0,0.0,0.0,0.0
0.0,0.0,0.0,0.9999998498867201,1.3322699288855231e-05,-0.0005454608435630721,-5.021465017396007e-05,0.999999792756742,2.19645351669748e-05,0.000527563277028276,0.0003683490476587779,0.9999999140681849,0.0,0.0,-0.0002733360451870919,0.9999999789410048,7.002784063428218e-05,-0.0001860585797182632,-5.09538660011009e-05,0.0,0.0,0.9999998327106199,8.388168184753484e-06,0.0005598499667216986,0.00014517708422263708,0.9999999920795376,0.0,0.0,-0.00010049596524212998,0.9999984163195061,-5.0310078813692215e-06,0.001779698890008379,-2.2426900107509135e-06,0.0,0.0,1.0,0.0,0.0,0.0,1.0,0.0,0.0,0.0,1.0,0.0,0.0,0.0,0.0,0.0,0.0,1.0,0.0,0.0,0.0,1.0,0.0,0.0,0.0,0.0,0.0,0.0
0.0,0.0,0.0,0.999999850897294,4.69306021269787e-05,-0.0005428312121823613,-3.656751817592812e-05,0.9999997992421847,-1.1644446866717777e-05,0.0005249438590428648,0.00035470261071781045,0.9999999140681849,0.0,0.0,-0.0002733360451870919,0.9999999789410048,7.002784063428218e-05,-0.0001860585797182632,-5.09538660011009e-05,0.0,0.0,0.9999998332990613,-4.0237081809369555e-05,0.0005592447334467349,0.00013794257922264291,0.9999999921051506,0.0,0.0,-9.150646526362357e-05,0.9999984299395781,-3.4295777739201216e-05,0.0017716177132151647,-1.7687748318252767e-05,0.0,0.0,1.0,0.0,0.0,0.0,1.0,0.0,0.0,0.0,1.0,0.0,0.0,0.0,0.0,0.0,0.0,1.0,0.0,0.0,0.0,1.0,0.0,0.0,0.0,0.0,0.0,0.0
0.0,0.0,0.0,0.999999850897294,4.69306021269787e-05,-0.0005428312121823613,-3.656751817592812e-05,0.9999997992421847,-1.1644446866717777e-05,0.0005249438590428648,0.00035470261071781045,0.9999999140681849,0.0,0.0,-0.0002733360451870919,0.9999999789410048,7.002784063428218e-05,-0.0001860585797182632,-5.09538660011009e-05,0.0,0.0,0.9999998332990613,-4.0237081809369555e-05,0.0005592447334467349,0.00013794257922264291,0.9999999921051506,0.0,0.0,-9.150646526362357e-05,0.9999984299395781,-3.4295777739201216e-05,0.0017716177132151647,-1.7687748318252767e-05,0.0,0.0,1.0,0.0,0.0,0.0,1.0,0.0,0.0,0.0,1.0,0.0,0.0,0.0,0.0,0.0,0.0,1.0,0.0,0.0,0.0,1.0,0.0,0.0,0.0,0.0,0.0,0.0
0.0,0.0,0.0,0.999999850897294,4.69306021269787e-05,-0.0005428312121823613,-3.656751817592812e-05,0.9999997950653886,-5.129533153709507e-06,0.0005316869695472723,0.000356583559797789,0.9999999207142544,0.0,0.0,-0.0002617509150839454,0.9999999759290663,7.730482916816646e-05,-0.00018110766919046488,-9.677728200384536e-05,0.0,0.0,0.99999982650762,-3.688141565253381e-05,0.000576213951624359,0.00011662749755581445,0.9999999926722112,0.0,0.0,-7.019284900228496e-05,0.9999984318104593,-4.599985331625624e-05,0.0017703835886147313,1.6076597982677102e-06,0.0,0.0,1.0,0.0,0.0,0.0,1.0,0.0,0.0,0.0,1.0,0.0,0.0,0.0,0.0,0.0,0.0,1.0,0.0,0.0,0.0,1.0,0.0,0.0,0.0,0.0,0.0,0.0
0.0,0.0,0.0,0.999999850897294,4.69306021269787e-05,-0.0005428312121823613,-3.656751817592812e-05,0.9999997950653886,-5.129533153709507e-06,0.0005316869695472723,0.000356583559797789,0.9999999207142544,0.0,0.0,-0.0002617509150839454,0.9999999759290663,7.730482916816646e-05,-0.00018110766919046488,-9.677728200384536e-05,0.0,0.0,0.99999982650762,-3.688141565253381e-05,0.000576213951624359,0.00011662749755581445,0.9999999926722112,0.0,0.0,-7.019284900228496e-05,0.9999984318104593,-4.599985331625624e-05,0.0017703835886147313,1.6076597982677102e-06,0.0,0.0,1.0,0.0,0.0,0.0,1.0,0.0,0.0,0.0,1.0,0.0,0.0,0.0,0.0,0.0,0.0,1.0,0.0,0.0,0.0,1.0,0.0,0.0,0.0,0.0,0.0,0.0
0.0,0.0,0.0,0.999999850897294,4.69306021269787e-05,-0.0005428312121823613,-3.656751817592812e-05,0.9999997833138746,-1.9606708816002697e-05,0.0005444491455993993,0.00036954419028006956,0.9999999208952974,0.0,0.0,-0.0002719796795223949,0.9999999740547799,8.976893784332344e-05,-0.00018420731617873413,-9.949694527024002e-05,0.0,0.0,0.99999982650762,-3.688141565253381e-05,0.000576213951624359,0.00011662749755581445,0.9999999919350313,0.0,0.0,-8.17184053531759e-05,0.9999984278246078,-3.8047916451203354e-05,0.0017727740507702432,1.3146619723365392e-05,0.0,0.0,1.0,0.0,0.0,0.0,1.0,0.0,0.0,0.0,1.0,0.0,0.0,0.0,0.0,0.0,0.0,1.0,0.0,0.0,0.0,1.0,0.0,0.0,0.0,0.0,0.0,0.0
0.0,0.0,0.0,0.999999850897294,4.69306021269787e-05,-0.0005428312121823613,-3.656751817592812e-05,0.9999997833138746,-1.9606708816002697e-05,0.0005444491455993993,0.00036954419028006956,0.9999999208952974,0.0,0.0,-0.0002719796795223949,0.9999999740547799,8.976893784332344e-05,-0.00018420731617873413,-9.949694527024002e-05,0.0,0.0,0.99999982650762,-3.688141565253381e-05,0.000576213951624359,0.00011662749755581445,0.9999999919350313,0.0,0.0,-8.17184053531759e-05,0.9999984278246078,-3.8047916451203354e-05,0.0017727740507702432,1.3146619723365392e-05,0.0,0.0,1.0,0.0,0.0,0.0,1.0,0.0,0.0,0.0,1.0,0.0,0.0,0.0,0.0,0.0,0.0,1.0,0.0,0.0,0.0,1.0,0.0,0.0,0.0,0.0,0.0,0.0
0.0,0.0,0.0,0.999999850942209,3.812854525609012e-05,-0.0005432528423113173,-3.921891469674442e-05,0.9999997822363058,-1.0804516281684171e-05,0.0005448679166618565,0.00037219558931859536,0.9999999208952974,0.0,0.0,-0.0002719796795223949,0.999999977221714,8.302243876263392e-05,-0.00019056977382085483,-4.8445921721827336e-05,0.0,0.0,0.9999998262380904,-2.8079413556063052e-05,0.0005766349035313875,0.00011927918365142642,0.9999999919350313,0.0,0.0,-8.17184053531759e-05,0.9999984205435902,-8.15811401931051e-06,0.0017768411136521133,-4.0980811763868755e-05,0.0,0.0,1.0,0.0,0.0,0.0,1.0,0.0,0.0,0.0,1.0,0.0,0.0,0.0,0.0,0.0,0.0,1.0,0.0,0.0,0.0,1.0,0.0,0.0,0.0,0.0,0.0,0.0
0.0,0.0,0.0,0.999999850942209,3.812854525609012e-05,-0.0005432528423113173,-3.921891469674442e-05,0.9999997822363058,-1.0804516281684171e-05,0.0005448679166618565,0.00037219558931859536,0.9999999208952974,0.0,0.0,-0.0002719796795223949,0.999999977221714,8.302243876263392e-05,-0.00019056977382085483,-4.8445921721827336e-05,0.0,0.0,0.9999998262380904,-2.8079413556063052e-05,0.0005766349035313875,0.00011927918365142642,0.9999999919350313,0.0,0.0,-8.17184053531759e-05,0.9999984205435902,-8.15811401931051e-06,0.0017768411136521133,-4.0980811763868755e-05,0.0,0.0,1.0,0.0,0.0,0.0,1.0,0.0,0.0,0.0,1.0,0.0,0.0,0.0,0.0,0.0,0.0,1.0,0.0,0.0,0.0,1.0,0.0,0.0,0.0,0.0,0.0,0.0
0.0,0.0,0.0,0.999999850942209,3.812854525609012e-05,-0.0005432528423113173,-3.921891469674442e-05,0.9999997822363058,-1.0804516281684171e-05,0.0005448679166618565,0.00037219558931859536,0.9999999208952974,0.0,0.0,-0.0002719796795223949,0.999999977221714,8.302243876263392e-05,-0.00019056977382085483,-4.8445921721827336e-05,0.0,0.0,0.999999825076223,-2.6488694940516436e-05,0.0005797473560837281,0.00011418789583751392,0.999999993482599,0.0,0.0,-8.388118631700596e-05,0.999998445948375,3.0189171512120084e-05,0.0017624007177233108,-3.366242997658623e-05,0.0,0.0,1.0,0.0,0.0,0.0,1.0,0.0,0.0,0.0,1.0,0.0,0.0,0.0,0.0,0.0,0.0,1.0,0.0,0.0,0.0,1.0,0.0,0.0,0.0,0.0,0.0,0.0
0.0,0.0,0.0,0.9999998548124607,2.1519581798066695e-05,-0.0005379422483689054,-2.3023957739407502e-05,0.9999997942049544,8.87929405140613e-06,0.0005361960427975002,0.0003521434519048667,0.9999999206082677,0.0,0.0,-0.0002695325331288162,0.9999999781554214,7.806423997971513e-05,-0.00019338131449635911,-1.4099593775096806e-05,0.0,0.0,0.9999998301618357,-9.879538693655621e-06,0.0005744353291458944,9.799360691469853e-05,0.999999993482599,0.0,0.0,-8.388118631700596e-05,0.999998445948375,3.0189171512120084e-05,0.0017624007177233108,-3.366242997658623e-05,0.0,0.0,1.0,0.0,0.0,0.0,1.0,0.0,0.0,0.0,1.0,0.0,0.0,0.0,0.0,0.0,0.0,1.0,0.0,0.0,0.0,1.0,0.0,0.0,0.0,0.0,0.0,0.0
0.0,0.0,0.0,0.9999998548124607,2.1519581798066695e-05,-0.0005379422483689054,-2.3023957739407502e-05,0.9999998040920973,7.44413504793673e-06,0.0005274938234436525,0.00033691336854310585,0.9999999221962801,0.0,0.0,-0.00025430070095007175,0.9999999763537247,9.637098982390111e-05,-0.0001890562074579225,-4.757029333770741e-05,0.0,0.0,0.9999998400691044,-2.5871293556132155e-05,0.0005479337965279504,0.00013769893478982295,0.9999999904364854,0.0,0.0,-0.00012582004693035341,0.9999984377815768,6.741324190341124e-05,0.0017652562910362483,-6.13195549111475e-05,0.0,0.0,1.0,0.0,0.0,0.0,1.0,0.0,0.0,0.0,1.0,0.0,0.0,0.0,0.0,0.0,0.0,1.0,0.0,0.0,0.0,1.0,0.0,0.0,0.0,0.0,0.0,0.0
0.0,0.0,0.0,0.9999998548124607,2.1519581798066695e-05,-0.0005379422483689054,-2.3023957739407502e-05,0.9999998040920973,7.44413504793673e-06,0.0005274938234436525,0.00033691336854310585,0.9999999221962801,0.0,0.0,-0.00025430070095007175,0.9999999763537247,9.637098982390111e-05,-0.0001890562074579225,-4.757029333770741e-05,0.0,0.0,0.9999998400691044,-2.5871293556132155e-05,0.0005479337965279504,0.00013769893478982295,0.9999999904364854,0.0,0.0,-0.00012582004693035341,0.9999984377815768,6.741324190341124e-05,0.0017652562910362483,-6.13195549111475e-05,0.0,0.0,1.0,0.0,0.0,0.0,1.0,0.0,0.0,0.0,1.0,0.0,0.0,0.0,0.0,0.0,0.0,1.0,0.0,0.0,0.0,1.0,0.0,0.0,0.0,0.0,0.0,0.0
0.0,0.0,0.0,0.9999998538948468,2.232486692069621e-05,-0.000539980529537246,-1.1528802825954073e-05,0.9999998068273668,6.6393695737770316e-06,0.0005295320263044331,0.00032541816364173694,0.999999910410436,0.0,0.0,-0.0002834511567400652,0.9999999739891108,0.00011113440692211164,-0.00019832220015438137,-1.841809711610042e-05,0.0,0.0,0.9999998404457577,-2.667623010663682e-05,0.0005499722207480012,0.0001262037807985468,0.9999999904364854,0.0,0.0,-0.00012582004693035341,0.9999984343310349,4.331289166169974e-05,0.0017690251754982752,3.0660627909233316e-06,0.0,0.0,1.0,0.0,0.0,0.0,1.0,0.0,0.0,0.0,1.0,0.0,0.0,0.0,0.0,0.0,0.0,1.0,0.0,0.0,0.0,1.0,0.0,0.0,0.0,0.0,0.0,0.0
0.0,0.0,0.0,0.9999998538948468,2.232486692069621e-05,-0.000539980529537246,-1.1528802825954073e-05,0.9999998068273668,6.6393695737770316e-06,0.0005295320263044331,0.00032541816364173694,0.999999910410436,0.0,0.0,-0.0002834511567400652,0.9999999739891108,0.00011113440692211164,-0.00019832220015438137,-1.841809711610042e-05,0.0,0.0,0.9999998404457577,-2.667623010663682e-05,0.0005499722207480012,0.0001262037807985468,0.9999999904364854,0.0,0.0,-0.00012582004693035341,0.9999984343310349,4.331289166169974e-05,0.0017690251754982752,3.0660627909233316e-06,0.0,0.0,1.0,0.0,0.0,0.0,1.0,0.0,0.0,0.0,1.0,0.0,0.0,0.0,0.0,0.0,0.0,1.0,0.0,0.0,0.0,1.0,0.0,0.0,0.0,0.0,0.0,0.0
0.0,0.0,0.0,0.9999998538948468,2.232486692069621e-05,-0.000539980529537246,-1.1528802825954073e-05,0.9999998068273668,6.6393695737770316e-06,0.0005295320263044331,0.00032541816364173694,0.999999910410436,0.0,0.0,-0.0002834511567400652,0.9999999739891108,0.00011113440692211164,-0.00019832220015438137,-1.841809711610042e-05,0.0,0.0,0.9999998388375446,-4.117082874813724e-05,0.000549935353031694,0.00013491091561697172,0.9999999910544123,0.0,0.0,-0.0001176606034665368,0.9999984577399706,1.9121654732905667e-05,0.0017561209137668182,-1.3833971433132509e-05,0.0,0.0,1.0,0.0,0.0,0.0,1.0,0.0,0.0,0.0,1.0,0.0,0.0,0.0,0.0,0.0,0.0,1.0,0.0,0.0,0.0,1.0,0.0,0.0,0.0,0.0,0.0,0.0
0.0,0.0,0.0,0.9999998491603728,5.714158843072667e-05,-0.0005453892109891579,-3.1059281815322836e-05,0.9999997940008405,-2.547020785147996e-05,0.0005418892564429909,0.0003430824667692653,0.9999999127635731,0.0,0.0,-0.0002815878484604359,0.9999999742462086,0.00010485763670994389,-0.00019966647090617818,-2.541178073112364e-05,0.0,0.0,0.9999998309812549,-7.598707698814821e-05,0.0005553479604379856,0.0001544411496544505,0.9999999910544123,0.0,0.0,-0.0001176606034665368,0.9999984577399706,1.9121654732905667e-05,0.0017561209137668182,-1.3833971433132509e-05,0.0,0.0,1.0,0.0,0.0,0.0,1.0,0.0,0.0,0.0,1.0,0.0,0.0,0.0,0.0,0.0,0.0,1.0,0.0,0.0,0.0,1.0,0.0,0.0,0.0,0.0,0.0,0.0
0.0,0.0,0.0,0.9999998491603728,5.714158843072667e-05,-0.0005453892109891579,-3.1059281815322836e-05,0.9999997940008405,-2.547020785147996e-05,0.0005418892564429909,0.0003430824667692653,0.9999999127635731,0.0,0.0,-0.0002815878484604359,0.9999999742462086,0.00010485763670994389,-0.00019966647090617818,-2.541178073112364e-05,0.0,0.0,0.9999998309812549,-7.598707698814821e-05,0.0005553479604379856,0.0001544411496544505,0.9999999910544123,0.0,0.0,-0.0001176606034665368,0.9999984577399706,1.9121654732905667e-05,0.0017561209137668182,-1.3833971433132509e-05,0.0,0.0,1.0,0.0,0.0,0.0,1.0,0.0,0.0,0.0,1.0,0.0,0.0,0.0,0.0,0.0,0.0,1.0,0.0,0.0,0.0,1.0,0.0,0.0,0.0,0.0,0.0,0.0
0.0,0.0,0.0,0.9999998491603728,5.714158843072667e-05,-0.0005453892109891579,-3.1059281815322836e-05,0.9999997847680836,-1.896197732547091e-05,0.0005463761357935944,0.0003627359208283852,0.9999999102815536,0.0,0.0,-0.0002960205607860087,0.9999999750718028,9.680121455788278e-05,-0.0001988646691111725,-3.063922117314007e-05,0.0,0.0,0.9999998387015432,-7.236616464956639e-05,0.0005451219908573535,0.0001421338844075047,0.9999999929844661,0.0,0.0,-0.00010535488300602894,0.9999984577399706,1.9121654732905667e-05,0.0017561209137668182,-1.3833971433132509e-05,0.0,0.0,1.0,0.0,0.0,0.0,1.0,0.0,0.0,0.0,1.0,0.0,0.0,0.0,0.0,0.0,0.0,1.0,0.0,0.0,0.0,1.0,0.0,0.0,0.0,0.0,0.0,0.0
0.0,0.0,0.0,0.9999998491603728,5.714158843072667e-05,-0.0005453892109891579,-3.1059281815322836e-05,0.9999997847680836,-1.896197732547091e-05,0.0005463761357935944,0.0003627359208283852,0.9999999102815536,0.0,0.0,-0.0002960205607860087,0.9999999750718028,9.680121455788278e-05,-0.0001988646691111725,-3.063922117314007e-05,0.0,0.0,0.9999998387015432,-7.236616464956639e-05,0.0005451219908573535,0.0001421338844075047,0.9999999929844661,0.0,0.0,-0.00010535488300602894,0.9999984577399706,1.9121654732905667e-05,0.0017561209137668182,-1.3833971433132509e-05,0.0,0.0,1.0,0.0,0.0,0.0,1.0,0.0,0.0,0.0,1.0,0.0,0.0,0.0,0.0,0.0,0.0,1.0,0.0,0.0,0.0,1.0,0.0,0.0,0.0,0.0,0.0,0.0
0.0,0.0,0.0,0.9999998491603728,5.714158843072667e-05,-0.0005453892109891579,-3.1059281815322836e-05,0.9999997847680836,-1.896197732547091e-05,0.0005463761357935944,0.0003627359208283852,0.9999999102815536,0.0,0.0,-0.0002960205607860087,0.9999999715769365,0.00011361494313677002,-0.0002069244425592087,-3.346708927244153e-05,0.0,0.0,0.9999998387015432,-7.236616464956639e-05,0.0005451219908573535,0.0001421338844075047,0.9999999929844661,0.0,0.0,-0.00010535488300602894,0.9999984492027597,2.6803414879323053e-06,0.0017610281074894735,1.9102251223869227e-05,0.0,0.0,1.0,0.0,0.0,0.0,1.0,0.0,0.0,0.0,1.0,0.0,0.0,0.0,0.0,0.0,0.0,1.0,0.0,0.0,0.0,1.0,0.0,0.0,0.0,0.0,0.0,0.0
0.0,0.0,0.0,0.9999998491603728,5.714158843072667e-05,-0.0005453892109891579,-3.1059281815322836e-05,0.9999997847680836,-1.896197732547091e-05,0.0005463761357935944,0.0003627359208283852,0.9999999102815536,0.0,0.0,-0.0002960205607860087,0.9999999715769365,0.00011361494313677002,-0.0002069244425592087,-3.346708927244153e-05,0.0,0.0,0.9999998387015432,-7.236616464956639e-05,0.0005451219908573535,0.0001421338844075047,0.9999999929844661,0.0,0.0,-0.00010535488300602894,0.9999984492027597,2.6803414879323053e-06,0.0017610281074894735,1.9102251223869227e-05,0.0,0.0,1.0,0.0,0.0,0.0,1.0,0.0,0.0,0.0,1.0,0.0,0.0,0.0,0.0,0.0,0.0,1.0,0.0,0.0,0.0,1.0,0.0,0.0,0.0,0.0,0.0,0.0
0.0,0.0,0.0,0.9999998491603728,5.714158843072667e-05,-0.0005453892109891579,-3.1059281815322836e-05,0.9999997887567361,-2.0540082890608155e-05,0.00053864092958363,0.00036322243463304956,0.9999999112736478,0.0,0.0,-0.0002787454775050806,0.9999999690930156,0.00012193423988078723,-0.00021052776126429977,-5.1225683072830176e-05,0.0,0.0,0.9999998387015432,-7.236616464956639e-05,0.0005451219908573535,0.0001421338844075047,0.999999992315149,0.0,0.0,-0.00010796324533399393,0.9999984440043223,-3.6635871856043427e-06,0.0017639457596106023,2.169952869143741e-05,0.0,0.0,1.0,0.0,0.0,0.0,1.0,0.0,0.0,0.0,1.0,0.0,0.0,0.0,0.0,0.0,0.0,1.0,0.0,0.0,0.0,1.0,0.0,0.0,0.0,0.0,0.0,0.0
0.0,0.0,0.0,0.9999998491603728,5.714158843072667e-05,-0.0005453892109891579,-3.1059281815322836e-05,0.9999997887567361,-2.0540082890608155e-05,0.00053864092958363,0.00036322243463304956,0.9999999112736478,0.0,0.0,-0.0002787454775050806,0.9999999690930156,0.00012193423988078723,-0.00021052776126429977,-5.1225683072830176e-05,0.0,0.0,0.9999998387015432,-7.236616464956639e-05,0.0005451219908573535,0.0001421338844075047,0.999999992315149,0.0,0.0,-0.00010796324533399393,0.9999984440043223,-3.6635871856043427e-06,0.0017639457596106023,2.169952869143741e-05,0.0,0.0,1.0,0.0,0.0,0.0,1.0,0.0,0.0,0.0,1.0,0.0,0.0,0.0,0.0,0.0,0.0,1.0,0.0,0.0,0.0,1.0,0.0,0.0,0.0,0.0,0.0,0.0
0.0,0.0,0.0,0.9999998481824831,4.617998072649009e-05,-0.0005474633516952618,-4.226462628483119e-05,0.9999997837054492,-6.246995211082854e-06,0.0005388089536052283,0.0003771404798427828,0.9999999096131658,0.0,0.0,-0.00028146092927025686,0.9999999690930156,0.00012193423988078723,-0.00021052776126429977,-5.1225683072830176e-05,0.0,0.0,0.999999838517912,-5.36447499975769e-05,0.0005459251741679438,0.0001484994775913706,0.9999999932187669,0.0,0.0,-0.00010312741090180159,0.9999984400808034,-2.816498038029808e-05,0.001766079731603646,2.252828478341801e-06,0.0,0.0,1.0,0.0,0.0,0.0,1.0,0.0,0.0,0.0,1.0,0.0,0.0,0.0,0.0,0.0,0.0,1.0,0.0,0.0,0.0,1.0,0.0,0.0,0.0,0.0,0.0,0.0
0.0,0.0,0.0,0.9999998481824831,4.617998072649009e-05,-0.0005474633516952618,-4.226462628483119e-05,0.9999997837054492,-6.246995211082854e-06,0.0005388089536052283,0.0003771404798427828,0.9999999096131658,0.0,0.0,-0.00028146092927025686,0.9999999690930156,0.00012193423988078723,-0.00021052776126429977,-5.1225683072830176e-05,0.0,0.0,0.999999838517912,-5.36447499975769e-05,0.0005459251741679438,0.0001484994775913706,0.9999999932187669,0.0,0.0,-0.00010312741090180159,0.9999984400808034,-2.816498038029808e-05,0.001766079731603646,2.252828478341801e-06,0.0,0.0,1.0,0.0,0.0,0.0,1.0,0.0,0.0,0.0,1.0,0.0,0.0,0.0,0.0,0.0,0.0,1.0,0.0,0.0,0.0,1.0,0.0,0.0,0.0,0.0,0.0,0.0
0.0,0.0,0.0,0.9999998490283599,2.2633468299090947e-05,-0.0005461063464847233,-5.655830598193455e-05,0.9999997788166872,1.7299185400512147e-05,0.0005374446309653562,0.00039143400876584696,0.9999999096131658,0.0,0.0,-0.00028146092927025686,0.9999999690930156,0.00012193423988078723,-0.00021052776126429977,-5.1225683072830176e-05,0.0,0.0,0.9999998366109979,-2.7249527947664633e-05,0.0005501318615094093,0.00015293912455032957,0.9999999940861156,0.0,0.0,-9.327481676777998e-05,0.9999984400808034,-2.816498038029808e-05,0.001766079731603646,2.252828478341801e-06,0.0,0.0,1.0,0.0,0.0,0.0,1.0,0.0,0.0,0.0,1.0,0.0,0.0,0.0,0.0,0.0,0.0,1.0,0.0,0.0,0.0,1.0,0.0,0.0,0.0,0.0,0.0,0.0
0.0,0.0,0.0,0.9999998490283599,2.2633468299090947e-05,-0.0005461063464847233,-5.655830598193455e-05,0.9999997788166872,1.7299185400512147e-05,0.0005374446309653562,0.00039143400876584696,0.9999999096131658,0.0,0.0,-0.00028146092927025686,0.9999999690930156,0.00012193423988078723,-0.00021052776126429977,-5.1225683072830176e-05,0.0,0.0,0.9999998366109979,-2.7249527947664633e-05,0.0005501318615094093,0.00015293912455032957,0.9999999940861156,0.0,0.0,-9.327481676777998e-05,0.9999984400808034,-2.816498038029808e-05,0.001766079731603646,2.252828478341801e-06,0.0,0.0,1.0,0.0,0.0,0.0,1.0,0.0,0.0,0.0,1.0,0.0,0.0,0.0,0.0,0.0,0.0,1.0,0.0,0.0,0.0,1.0,0.0,0.0,0.0,0.0,0.0,0.0
0.0,0.0,0.0,0.9999998490283599,2.2633468299090947e-05,-0.0005461063464847233,-5.655830598193455e-05,0.9999997788166872,1.7299185400512147e-05,0.0005374446309653562,0.00039143400876584696,0.9999999096131658,0.0,0.0,-0.00028146092927025686,0.9999999672643193,0.0001383477460278307,-0.00020866957495099166,-5.28040715978853e-05,0.0,0.0,0.9999998366109979,-2.7249527947664633e-05,0.0005501318615094093,0.00015293912455032957,0.9999999940861156,0.0,0.0,-9.327481676777998e-05,0.9999984483634047,-7.962525726769268e-06,0.0017614678762654292,-2.0935663014369113e-05,0.0,0.0,1.0,0.0,0.0,0.0,1.0,0.0,0.0,0.0,1.0,0.0,0.0,0.0,0.0,0.0,0.0,1.0,0.0,0.0,0.0,1.0,0.0,0.0,0.0,0.0,0.0,0.0
0.0,0.0,0.0,0.9999998490283599,2.2633468299090947e-05,-0.0005461063464847233,-5.655830598193455e-05,0.9999997788166872,1.7299185400512147e-05,0.0005374446309653562,0.00039143400876584696,0.9999999096131658,0.0,0.0,-0.00028146092927025686,0.9999999672643193,0.0001383477460278307,-0.00020866957495099166,-5.28040715978853e-05,0.0,0.0,0.9999998366109979,-2.7249527947664633e-05,0.0005501318615094093,0.00015293912455032957,0.9999999940861156,0.0,0.0,-9.327481676777998e-05,0.9999984483634047,-7.962525726769268e-06,0.0017614678762654292,-2.0935663014369113e-05,0.0,0.0,1.0,0.0,0.0,0.0,1.0,0.0,0.0,0.0,1.0,0.0,0.0,0.0,0.0,0.0,0.0,1.0,0.0,0.0,0.0,1.0,0.0,0.0,0.0,0.0,0.0,0.0
0.0,0.0,0.0,0.9999998490283599,2.2633468299090947e-05,-0.0005461063464847233,-5.655830598193455e-05,0.9999997784621726,1.5954578342133695e-05,0.000540504956897376,0.00038816935582659427,0.9999998981216075,0.0,0.0,-0.00030483520343890444,0.9999999653534801,0.00010667707510439998,-0.00023865420166747117,3.0938844230391135e-05,0.0,0.0,0.9999998366109979,-2.7249527947664633e-05,0.0005501318615094093,0.00015293912455032957,0.9999999940861156,0.0,0.0,-9.327481676777998e-05,0.9999984483634047,-7.962525726769268e-06,0.0017614678762654292,-2.0935663014369113e-05,0.0,0.0,1.0,0.0,0.0,0.0,1.0,0.0,0.0,0.0,1.0,0.0,0.0,0.0,0.0,0.0,0.0,1.0,0.0,0.0,0.0,1.0,0.0,0.0,0.0,0.0,0.0,0.0
0.0,0.0,0.0,0.9999998490283599,2.2633468299090947e-05,-0.0005461063464847233,-5.655830598193455e-05,0.9999997784621726,1.5954578342133695e-05,0.000540504956897376,0.00038816935582659427,0.9999998981216075,0.0,0.0,-0.00030483520343890444,0.9999999653534801,0.00010667707510439998,-0.00023865420166747117,3.0938844230391135e-05,0.0,0.0,0.9999998366109979,-2.7249527947664633e-05,0.0005501318615094093,0.00015293912455032957,0.9999999940861156,0.0,0.0,-9.327481676777998e-05,0.9999984483634047,-7.962525726769268e-06,0.0017614678762654292,-2.0935663014369113e-05,0.0,0.0,1.0,0.0,0.0,0.0,1.0,0.0,0.0,0.0,1.0,0.0,0.0,0.0,0.0,0.0,0.0,1.0,0.0,0.0,0.0,1.0,0.0,0.0,0.0,0.0,0.0,0.0
0.0,0.0,0.0,0.9999998453030529,2.0758517878817026e-05,-0.0005535144885707542,-5.083960133910812e-05,0.9999997851077871,2.0614756645303124e-05,0.0005423548056851422,0.00036771004359230326,0.9999999004405729,0.0,0.0,-0.00029009683457005385,0.9999999653534801,0.00010667707510439998,-0.00023865420166747117,3.0938844230391135e-05,0.0,0.0,0.9999998405748245,-2.459630465470349e-05,0.0005432878537914709,0.0001519330614842834,0.9999999941474641,0.0,0.0,-9.798799674796392e-05,0.9999984399729002,5.308594501930754e-05,0.001764506428005644,-6.124307153409706e-05,0.0,0.0,1.0,0.0,0.0,0.0,1.0,0.0,0.0,0.0,1.0,0.0,0.0,0.0,0.0,0.0,0.0,1.0,0.0,0.0,0.0,1.0,0.0,0.0,0.0,0.0,0.0,0.0
0.0,0.0,0.0,0.9999998453030529,2.0758517878817026e-05,-0.0005535144885707542,-5.083960133910812e-05,0.9999997851077871,2.0614756645303124e-05,0.0005423548056851422,0.00036771004359230326,0.9999999004405729,0.0,0.0,-0.00029009683457005385,0.9999999653534801,0.00010667707510439998,-0.00023865420166747117,3.0938844230391135e-05,0.0,0.0,0.9999998405748245,-2.459630465470349e-05,0.0005432878537914709,0.0001519330614842834,0.9999999941474641,0.0,0.0,-9.798799674796392e-05,0.9999984399729002,5.308594501930754e-05,0.001764506428005644,-6.124307153409706e-05,0.0,0.0,1.0,0.0,0.0,0.0,1.0,0.0,0.0,0.0,1.0,0.0,0.0,0.0,0.0,0.0,0.0,1.0,0.0,0.0,0.0,1.0,0.0,0.0,0.0,0.0,0.0,0.0
0.0,0.0,0.0,0.9999998453030529,2.0758517878817026e-05,-0.0005535144885707542,-5.083960133910812e-05,0.9999997851077871,2.0614756645303124e-05,0.0005423548056851422,0.00036771004359230326,0.9999999004405729,0.0,0.0,-0.00029009683457005385,0.9999999653534801,0.00010667707510439998,-0.00023865420166747117,3.0938844230391135e-05,0.0,0.0,0.9999998411968543,-3.162946437010869e-05,0.000538579479243227,0.00016290484290623178,0.9999999897737666,0.0,0.0,-0.00012856298211902451,0.9999984477911126,3.751825771977936e-05,0.0017610428546041214,-4.166305180276045e-05,0.0,0.0,1.0,0.0,0.0,0.0,1.0,0.0,0.0,0.0,1.0,0.0,0.0,0.0,0.0,0.0,0.0,1.0,0.0,0.0,0.0,1.0,0.0,0.0,0.0,0.0,0.0,0.0
0.0,0.0,0.0,0.9999998453030529,2.0758517878817026e-05,-0.0005535144885707542,-5.083960133910812e-05,0.9999997851077871,2.0614756645303124e-05,0.0005423548056851422,0.00036771004359230326,0.9999999004405729,0.0,0.0,-0.00029009683457005385,0.9999999653534801,0.00010667707510439998,-0.00023865420166747117,3.0938844230391135e-05,0.0,0.0,0.9999998411968543,-3.162946437010869e-05,0.000538579479243227,0.00016290484290623178,0.9999999897737666,0.0,0.0,-0.00012856298211902451,0.9999984477911126,3.751825771977936e-05,0.0017610428546041214,-4.166305180276045e-05,0.0,0.0,1.0,0.0,0.0,0.0,1.0,0.0,0.0,0.0,1.0,0.0,0.0,0.0,0.0,0.0,0.0,1.0,0.0,0.0,0.0,1.0,0.0,0.0,0.0,0.0,0.0,0.0
0.0,0.0,0.0,0.9999998418652123,-1.2071804805869107e-05,-0.0005591345777510799,-5.9096074582845486e-05,0.9999997777637736,5.344695068831883e-05,0.0005479648310594271,0.0003759659171321437,0.9999999029886635,0.0,0.0,-0.00028982377269158593,0.9999999671210018,0.000100941110734734,-0.0002347034326037329,2.1981495519275103e-05,0.0,0.0,0.9999998372767063,1.201611246519415e-06,0.0005441957992348178,0.00017116088678078054,0.9999999892930032,0.0,0.0,-0.0001320565865107307,0.9999984330959868,4.032393493242731e-05,0.0017693849090776302,-3.8165364675918814e-05,0.0,0.0,1.0,0.0,0.0,0.0,1.0,0.0,0.0,0.0,1.0,0.0,0.0,0.0,0.0,0.0,0.0,1.0,0.0,0.0,0.0,1.0,0.0,0.0,0.0,0.0,0.0,0.0
0.0,0.0,0.0,0.9999998418652123,-1.2071804805869107e-05,-0.0005591345777510799,-5.9096074582845486e-05,0.999999773784512,5.611345647265305e-05,0.0005552881547534161,0.00037541612902489363,0.9999998984476909,0.0,0.0,-0.00030982952547875677,0.9999999661448197,9.562740713036371e-05,-0.00023823648025455798,4.253396409944504e-05,0.0,0.0,0.9999998372767063,1.201611246519415e-06,0.0005441957992348178,0.00017116088678078054,0.9999999892930032,0.0,0.0,-0.0001320565865107307,0.9999984336819436,2.7828742691266016e-05,0.0017696779949803604,-9.950607491907396e-06,0.0,0.0,1.0,0.0,0.0,0.0,1.0,0.0,0.0,0.0,1.0,0.0,0.0,0.0,0.0,0.0,0.0,1.0,0.0,0.0,0.0,1.0,0.0,0.0,0.0,0.0,0.0,0.0
0.0,0.0,0.0,0.9999998418652123,-1.2071804805869107e-05,-0.0005591345777510799,-5.9096074582845486e-05,0.999999773784512,5.611345647265305e-05,0.0005552881547534161,0.00037541612902489363,0.9999998984476909,0.0,0.0,-0.00030982952547875677,0.9999999661448197,9.562740713036371e-05,-0.00023823648025455798,4.253396409944504e-05,0.0,0.0,0.9999998372767063,1.201611246519415e-06,0.0005441957992348178,0.00017116088678078054,0.9999999892930032,0.0,0.0,-0.0001320565865107307,0.9999984336819436,2.7828742691266016e-05,0.0017696779949803604,-9.950607491907396e-06,0.0,0.0,1.0,0.0,0.0,0.0,1.0,0.0,0.0,0.0,1.0,0.0,0.0,0.0,0.0,0.0,0.0,1.0,0.0,0.0,0.0,1.0,0.0,0.0,0.0,0.0,0.0,0.0
0.0,0.0,0.0,0.9999998418652123,-1.2071804805869107e-05,-0.0005591345777510799,-5.9096074582845486e-05,0.999999773784512,5.611345647265305e-05,0.0005552881547534161,0.00037541612902489363,0.9999998984476909,0.0,0.0,-0.00030982952547875677,0.9999999650627228,0.00010066066775289272,-0.0002423464990319943,3.178297359520121e-05,0.0,0.0,0.9999998372767063,1.201611246519415e-06,0.0005441957992348178,0.00017116088678078054,0.9999999892930032,0.0,0.0,-0.0001320565865107307,0.9999984336819436,2.7828742691266016e-05,0.0017696779949803604,-9.950607491907396e-06,0.0,0.0,1.0,0.0,0.0,0.0,1.0,0.0,0.0,0.0,1.0,0.0,0.0,0.0,0.0,0.0,0.0,1.0,0.0,0.0,0.0,1.0,0.0,0.0,0.0,0.0,0.0,0.0
0.0,0.0,0.0,0.999999838902633,-2.520381328543903e-05,-0.0005648505307993436,-5.0033524658308654e-05,0.9999997731347716,6.924723751676133e-05,0.0005609995557558007,0.0003663532774029002,0.9999998984476909,0.0,0.0,-0.00030982952547875677,0.9999999650627228,0.00010066066775289272,-0.0002423464990319943,3.178297359520121e-05,0.0,0.0,0.9999998363978037,1.554003460522474e-05,0.0005449293138576765,0.00017324813484256897,0.9999999879476825,0.0,0.0,-0.00014320750253695447,0.9999984210871424,-4.217060274303233e-05,0.001775978283779192,4.411346760359282e-05,0.0,0.0,1.0,0.0,0.0,0.0,1.0,0.0,0.0,0.0,1.0,0.0,0.0,0.0,0.0,0.0,0.0,1.0,0.0,0.0,0.0,1.0,0.0,0.0,0.0,0.0,0.0,0.0
0.0,0.0,0.0,0.999999838902633,-2.520381328543903e-05,-0.0005648505307993436,-5.0033524658308654e-05,0.9999997731347716,6.924723751676133e-05,0.0005609995557558007,0.0003663532774029002,0.9999998984476909,0.0,0.0,-0.00030982952547875677,0.9999999650627228,0.00010066066775289272,-0.0002423464990319943,3.178297359520121e-05,0.0,0.0,0.9999998363978037,1.554003460522474e-05,0.0005449293138576765,0.00017324813484256897,0.9999999879476825,0.0,0.0,-0.00014320750253695447,0.9999984210871424,-4.217060274303233e-05,0.001775978283779192,4.411346760359282e-05,0.0,0.0,1.0,0.0,0.0,0.0,1.0,0.0,0.0,0.0,1.0,0.0,0.0,0.0,0.0,0.0,0.0,1.0,0.0,0.0,0.0,1.0,0.0,0.0,0.0,0.0,0.0,0.0
0.0,0.0,0.0,0.999999838902633,-2.520381328543903e-05,-0.0005648505307993436,-5.0033524658308654e-05,0.9999997769178051,7.189531515903319e-05,0.0005580225610240408,0.0003600086460062938,0.999999899191075,0.0,0.0,-0.00030348711331310723,0.9999999650627228,0.00010066066775289272,-0.0002423464990319943,3.178297359520121e-05,0.0,0.0,0.9999998363978037,1.554003460522474e-05,0.0005449293138576765,0.00017324813484256897,0.9999999882010345,0.0,0.0,-0.00014227864508301432,0.9999984194784639,-3.9545990029851064e-05,0.0017769669051701498,4.318919880563229e-05,0.0,0.0,1.0,0.0,0.0,0.0,1.0,0.0,0.0,0.0,1.0,0.0,0.0,0.0,0.0,0.0,0.0,1.0,0.0,0.0,0.0,1.0,0.0,0.0,0.0,0.0,0.0,0.0
0.0,0.0,0.0,0.999999838902633,-2.520381328543903e-05,-0.0005648505307993436,-5.0033524658308654e-05,0.9999997769178051,7.189531515903319e-05,0.0005580225610240408,0.0003600086460062938,0.999999899191075,0.0,0.0,-0.00030348711331310723,0.9999999650627228,0.00010066066775289272,-0.0002423464990319943,3.178297359520121e-05,0.0,0.0,0.9999998363978037,1.554003460522474e-05,0.0005449293138576765,0.00017324813484256897,0.9999999882010345,0.0,0.0,-0.00014227864508301432,0.9999984194784639,-3.9545990029851064e-05,0.0017769669051701498,4.318919880563229e-05,0.0,0.0,1.0,0.0,0.0,0.0,1.0,0.0,0.0,0.0,1.0,0.0,0.0,0.0,0.0,0.0,0.0,1.0,0.0,0.0,0.0,1.0,0.0,0.0,0.0,0.0,0.0,0.0
0.0,0.0,0.0,0.9999998349836543,-3.135856545792639e-06,-0.0005726402430018763,-4.589098834577501e-05,0.9999997753626788,4.982974588298381e-05,0.0005658189212782617,0.0003558658968934342,0.9999998980741652,0.0,0.0,-0.00030412003142258123,0.999999964337608,0.00010024263746775003,-0.00024540865707325905,3.241585443251421e-05,0.0,0.0,0.999999830264832,-1.8564902827267848e-05,0.000557565210352595,0.00016806751034298975,0.9999999875982813,0.0,0.0,-0.00012473035275838593,0.9999984286985621,-6.788639144309089e-05,0.0017712375144676468,2.6636662081766667e-05,0.0,0.0,1.0,0.0,0.0,0.0,1.0,0.0,0.0,0.0,1.0,0.0,0.0,0.0,0.0,0.0,0.0,1.0,0.0,0.0,0.0,1.0,0.0,0.0,0.0,0.0,0.0,0.0
0.0,0.0,0.0,0.9999998349836543,-3.135856545792639e-06,-0.0005726402430018763,-4.589098834577501e-05,0.9999997743919181,4.9996046561048854e-05,0.0005665445728194066,0.00035741258409808434,0.9999998978157397,0.0,0.0,-0.00030566690345509,0.9999999615735227,0.00011042258272557287,-0.0002524214224050066,3.07120819823681e-05,0.0,0.0,0.999999830264832,-1.8564902827267848e-05,0.000557565210352595,0.00016806751034298975,0.9999999875982813,0.0,0.0,-0.00012473035275838593,0.9999984257472871,-6.332378066551387e-05,0.0017731738768035415,1.863998241275267e-05,0.0,0.0,1.0,0.0,0.0,0.0,1.0,0.0,0.0,0.0,1.0,0.0,0.0,0.0,0.0,0.0,0.0,1.0,0.0,0.0,0.0,1.0,0.0,0.0,0.0,0.0,0.0,0.0
0.0,0.0,0.0,0.9999998349836543,-3.135856545792639e-06,-0.0005726402430018763,-4.589098834577501e-05,0.9999997743919181,4.9996046561048854e-05,0.0005665445728194066,0.00035741258409808434,0.9999998978157397,0.0,0.0,-0.00030566690345509,0.9999999615735227,0.00011042258272557287,-0.0002524214224050066,3.07120819823681e-05,0.0,0.0,0.999999830264832,-1.8564902827267848e-05,0.000557565210352595,0.00016806751034298975,0.9999999875982813,0.0,0.0,-0.00012473035275838593,0.9999984257472871,-6.332378066551387e-05,0.0017731738768035415,1.863998241275267e-05,0.0,0.0,1.0,0.0,0.0,0.0,1.0,0.0,0.0,0.0,1.0,0.0,0.0,0.0,0.0,0.0,0.0,1.0,0.0,0.0,0.0,1.0,0.0,0.0,0.0,0.0,0.0,0.0
0.0,0.0,0.0,0.9999998349836543,-3.135856545792639e-06,-0.0005726402430018763,-4.589098834577501e-05,0.9999997743919181,4.9996046561048854e-05,0.0005665445728194066,0.00035741258409808434,0.9999998970668867,0.0,0.0,-0.0002902282001889772,0.9999999580979998,0.00011048411469636092,-0.00026744544047007046,-8.378269102244333e-06,0.0,0.0,0.999999830264832,-1.8564902827267848e-05,0.000557565210352595,0.00016806751034298975,0.9999999875982813,0.0,0.0,-0.00012473035275838593,0.9999984347452324,-2.3999321031856704e-07,0.0017683911607198448,-5.7443277703726746e-05,0.0,0.0,1.0,0.0,0.0,0.0,1.0,0.0,0.0,0.0,1.0,0.0,0.0,0.0,0.0,0.0,0.0,1.0,0.0,0.0,0.0,1.0,0.0,0.0,0.0,0.0,0.0,0.0
0.0,0.0,0.0,0.9999998349836543,-3.135856545792639e-06,-0.0005726402430018763,-4.589098834577501e-05,0.9999997743919181,4.9996046561048854e-05,0.0005665445728194066,0.00035741258409808434,0.9999998970668867,0.0,0.0,-0.0002902282001889772,0.9999999580979998,0.00011048411469636092,-0.00026744544047007046,-8.378269102244333e-06,0.0,0.0,0.999999830264832,-1.8564902827267848e-05,0.000557565210352595,0.00016806751034298975,0.9999999875982813,0.0,0.0,-0.00012473035275838593,0.9999984347452324,-2.3999321031856704e-07,0.0017683911607198448,-5.7443277703726746e-05,0.0,0.0,1.0,0.0,0.0,0.0,1.0,0.0,0.0,0.0,1.0,0.0,0.0,0.0,0.0,0.0,0.0,1.0,0.0,0.0,0.0,1.0,0.0,0.0,0.0,0.0,0.0,0.0
0.0,0.0,0.0,0.9999998321291377,-4.1351233361522385e-06,-0.0005779110876537776,-4.175370493542928e-05,0.9999997671050572,3.875954950785735e-05,0.0005785395043823604,0.00035997162433593045,0.999999898585892,0.0,0.0,-0.0002969141331607908,0.9999999580979998,0.00011048411469636092,-0.00026744544047007046,-8.378269102244333e-06,0.0,0.0,0.9999998237160814,-1.8037163306304355e-05,0.0005731427605001115,0.00015410983969325743,0.999999989288752,0.0,0.0,-0.00011186343564469539,0.9999984325753614,5.57131694959383e-06,0.0017695078718802223,-6.047869225134641e-05,0.0,0.0,1.0,0.0,0.0,0.0,1.0,0.0,0.0,0.0,1.0,0.0,0.0,0.0,0.0,0.0,0.0,1.0,0.0,0.0,0.0,1.0,0.0,0.0,0.0,0.0,0.0,0.0
0.0,0.0,0.0,0.9999998321291377,-4.1351233361522385e-06,-0.0005779110876537776,-4.175370493542928e-05,0.9999997671050572,3.875954950785735e-05,0.0005785395043823604,0.00035997162433593045,0.999999898585892,0.0,0.0,-0.0002969141331607908,0.9999999580979998,0.00011048411469636092,-0.00026744544047007046,-8.378269102244333e-06,0.0,0.0,0.9999998237160814,-1.8037163306304355e-05,0.0005731427605001115,0.00015410983969325743,0.999999989288752,0.0,0.0,-0.00011186343564469539,0.9999984325753614,5.57131694959383e-06,0.0017695078718802223,-6.047869225134641e-05,0.0,0.0,1.0,0.0,0.0,0.0,1.0,0.0,0.0,0.0,1.0,0.0,0.0,0.0,0.0,0.0,0.0,1.0,0.0,0.0,0.0,1.0,0.0,0.0,0.0,0.0,0.0,0.0
0.0,0.0,0.0,0.9999998301545818,-8.117056780752704e-06,-0.0005812232812072168,-4.2478443611442463e-05,0.9999997647606412,4.2742536290524974e-05,0.0005818504555232257,0.0003606962507746302,0.999999898585892,0.0,0.0,-0.0002969141331607908,0.9999999580979998,0.00011048411469636092,-0.00026744544047007046,-8.378269102244333e-06,0.0,0.0,0.9999998187327281,-1.344266277213894e-05,0.0005798518736300022,0.00016163418651244556,0.9999999884390077,0.0,0.0,-0.00011866306898476018,0.9999984325753614,5.57131694959383e-06,0.0017695078718802223,-6.047869225134641e-05,0.0,0.0,1.0,0.0,0.0,0.0,1.0,0.0,0.0,0.0,1.0,0.0,0.0,0.0,0.0,0.0,0.0,1.0,0.0,0.0,0.0,1.0,0.0,0.0,0.0,0.0,0.0,0.0
0.0,0.0,0.0,0.9999998301545818,-8.117056780752704e-06,-0.0005812232812072168,-4.2478443611442463e-05,0.9999997647606412,4.2742536290524974e-05,0.0005818504555232257,0.0003606962507746302,0.999999898585892,0.0,0.0,-0.0002969141331607908,0.9999999580979998,0.00011048411469636092,-0.00026744544047007046,-8.378269102244333e-06,0.0,0.0,0.9999998187327281,-1.344266277213894e-05,0.0005798518736300022,0.00016163418651244556,0.9999999884390077,0.0,0.0,-0.00011866306898476018,0.9999984325753614,5.57131694959383e-06,0.0017695078718802223,-6.047869225134641e-05,0.0,0.0,1.0,0.0,0.0,0.0,1.0,0.0,0.0,0.0,1.0,0.0,0.0,0.0,0.0,0.0,0.0,1.0,0.0,0.0,0.0,1.0,0.0,0.0,0.0,0.0,0.0,0.0
0.0,0.0,0.0,0.9999998301545818,-8.117056780752704e-06,-0.0005812232812072168,-4.2478443611442463e-05,0.9999997647606412,4.2742536290524974e-05,0.0005818504555232257,0.0003606962507746302,0.9999999007184759,0.0,0.0,-0.0002977696210024439,0.9999999626947216,7.352121419560971e-05,-0.00026151118999128564,2.85846804022894e-05,0.0,0.0,0.9999998187327281,-1.344266277213894e-05,0.0005798518736300022,0.00016163418651244556,0.9999999884390077,0.0,0.0,-0.00011866306898476018,0.9999984325753614,5.57131694959383e-06,0.0017695078718802223,-6.047869225134641e-05,0.0,0.0,1.0,0.0,0.0,0.0,1.0,0.0,0.0,0.0,1.0,0.0,0.0,0.0,0.0,0.0,0.0,1.0,0.0,0.0,0.0,1.0,0.0,0.0,0.0,0.0,0.0,0.0
0.0,0.0,0.0,0.9999998301545818,-8.117056780752704e-06,-0.0005812232812072168,-4.2478443611442463e-05,0.9999997647606412,4.2742536290524974e-05,0.0005818504555232257,0.0003606962507746302,0.9999999007184759,0.0,0.0,-0.0002977696210024439,0.9999999626947216,7.352121419560971e-05,-0.00026151118999128564,2.85846804022894e-05,0.0,0.0,0.9999998187327281,-1.344266277213894e-05,0.0005798518736300022,0.00016163418651244556,0.9999999874224903,0.0,0.0,-0.00014294538389070658,0.9999984059827673,4.684070246332013e-05,0.0017843807824074742,-4.2697732823035796e-05,0.0,0.0,1.0,0.0,0.0,0.0,1.0,0.0,0.0,0.0,1.0,0.0,0.0,0.0,0.0,0.0,0.0,1.0,0.0,0.0,0.0,1.0,0.0,0.0,0.0,0.0,0.0,0.0
0.0,0.0,0.0,0.9999998301545818,-8.117056780752704e-06,-0.0005812232812072168,-4.2478443611442463e-05,0.9999997647606412,4.2742536290524974e-05,0.0005818504555232257,0.0003606962507746302,0.9999999007184759,0.0,0.0,-0.0002977696210024439,0.9999999626947216,7.352121419560971e-05,-0.00026151118999128564,2.85846804022894e-05,0.0,0.0,0.9999998187327281,-1.344266277213894e-05,0.0005798518736300022,0.00016163418651244556,0.9999999874224903,0.0,0.0,-0.00014294538389070658,0.9999984059827673,4.684070246332013e-05,0.0017843807824074742,-4.2697732823035796e-05,0.0,0.0,1.0,0.0,0.0,0.0,1.0,0.0,0.0,0.0,1.0,0.0,0.0,0.0,0.0,0.0,0.0,1.0,0.0,0.0,0.0,1.0,0.0,0.0,0.0,0.0,0.0,0.0
0.0,0.0,0.0,0.9999998301545818,-8.117056780752704e-06,-0.0005812232812072168,-4.2478443611442463e-05,0.9999997680374765,4.306083600296388e-05,0.0005818914782917277,0.00035138734308963265,0.9999999004243073,0.0,0.0,-0.00028522309724554384,0.9999999594618332,8.726864979140218e-05,-0.0002698481385144876,2.5347519830013354e-05,0.0,0.0,0.9999998187327281,-1.344266277213894e-05,0.0005798518736300022,0.00016163418651244556,0.9999999874224903,0.0,0.0,-0.00014294538389070658,0.9999984059827673,4.684070246332013e-05,0.0017843807824074742,-4.2697732823035796e-05,0.0,0.0,1.0,0.0,0.0,0.0,1.0,0.0,0.0,0.0,1.0,0.0,0.0,0.0,0.0,0.0,0.0,1.0,0.0,0.0,0.0,1.0,0.0,0.0,0.0,0.0,0.0,0.0
0.0,0.0,0.0,0.9999998301545818,-8.117056780752704e-06,-0.0005812232812072168,-4.2478443611442463e-05,0.9999997680374765,4.306083600296388e-05,0.0005818914782917277,0.00035138734308963265,0.9999999004243073,0.0,0.0,-0.00028522309724554384,0.9999999586668954,0.00010601457113638319,-0.00026591572243274804,-2.6757181594581282e-05,0.0,0.0,0.9999998187327281,-1.344266277213894e-05,0.0005798518736300022,0.00016163418651244556,0.9999999874224903,0.0,0.0,-0.00014294538389070658,0.9999984059827673,4.684070246332013e-05,0.0017843807824074742,-4.2697732823035796e-05,0.0,0.0,1.0,0.0,0.0,0.0,1.0,0.0,0.0,0.0,1.0,0.0,0.0,0.0,0.0,0.0,0.0,1.0,0.0,0.0,0.0,1.0,0.0,0.0,0.0,0.0,0.0,0.0
0.0,0.0,0.0,0.9999998260097432,-1.489008067405282e-05,-0.0005875242430646732,-5.0734923921255873e-05,0.9999997611022946,4.9835800449996256e-05,0.0005881906344877884,0.0003596436072046354,0.9999999004243073,0.0,0.0,-0.00028522309724554384,0.9999999586668954,0.00010601457113638319,-0.00026591572243274804,-2.6757181594581282e-05,0.0,0.0,0.9999998155823647,-2.041025811968471e-06,0.0005864100004745966,0.00015796956137765773,0.9999999880699983,0.0,0.0,-0.00014188764483594546,0.999998411231092,5.048243783569613e-05,0.0017815649464312114,-3.183012371153262e-05,0.0,0.0,1.0,0.0,0.0,0.0,1.0,0.0,0.0,0.0,1.0,0.0,0.0,0.0,0.0,0.0,0.0,1.0,0.0,0.0,0.0,1.0,0.0,0.0,0.0,0.0,0.0,0.0
0.0,0.0,0.0,0.9999998260097432,-1.489008067405282e-05,-0.0005875242430646732,-5.0734923921255873e-05,0.9999997611022946,4.9835800449996256e-05,0.0005881906344877884,0.0003596436072046354,0.9999999004243073,0.0,0.0,-0.00028522309724554384,0.9999999586668954,0.00010601457113638319,-0.00026591572243274804,-2.6757181594581282e-05,0.0,0.0,0.9999998155823647,-2.041025811968471e-06,0.0005864100004745966,0.00015796956137765773,0.9999999880699983,0.0,0.0,-0.00014188764483594546,0.999998411231092,5.048243783569613e-05,0.0017815649464312114,-3.183012371153262e-05,0.0,0.0,1.0,0.0,0.0,0.0,1.0,0.0,0.0,0.0,1.0,0.0,0.0,0.0,0.0,0.0,0.0,1.0,0.0,0.0,0.0,1.0,0.0,0.0,0.0,0.0,0.0,0.0
0.0,0.0,0.0,0.9999998207923866,8.812422017162625e-05,-0.0005760792425912235,-0.00013704752016084162,0.9999997328093362,-5.318208905864234e-05,0.0005767804592780423,0.0004459565265955194,0.9999999004243073,0.0,0.0,-0.00028522309724554384,0.9999999586668954,0.00010601457113638319,-0.00026591572243274804,-2.6757181594581282e-05,0.0,0.0,0.9999998043977373,-9.89889034064642e-05,0.000570229672122052,0.00023715776445551708,0.9999999894899324,0.0,0.0,-0.0001347662488475886,0.999998411231092,5.048243783569613e-05,0.0017815649464312114,-3.183012371153262e-05,0.0,0.0,1.0,0.0,0.0,0.0,1.0,0.0,0.0,0.0,1.0,0.0,0.0,0.0,0.0,0.0,0.0,1.0,0.0,0.0,0.0,1.0,0.0,0.0,0.0,0.0,0.0,0.0
0.0,0.0,0.0,0.9999998207923866,8.812422017162625e-05,-0.0005760792425912235,-0.00013704752016084162,0.9999997328093362,-5.318208905864234e-05,0.0005767804592780423,0.0004459565265955194,0.9999999004243073,0.0,0.0,-0.00028522309724554384,0.9999999586668954,0.00010601457113638319,-0.00026591572243274804,-2.6757181594581282e-05,0.0,0.0,0.9999998043977373,-9.89889034064642e-05,0.000570229672122052,0.00023715776445551708,0.9999999894899324,0.0,0.0,-0.0001347662488475886,0.999998411231092,5.048243783569613e-05,0.0017815649464312114,-3.183012371153262e-05,0.0,0.0,1.0,0.0,0.0,0.0,1.0,0.0,0.0,0.0,1.0,0.0,0.0,0.0,0.0,0.0,0.0,1.0,0.0,0.0,0.0,1.0,0.0,0.0,0.0,0.0,0.0,0.0
0.0,0.0,0.0,0.9999998207923866,8.812422017162625e-05,-0.0005760792425912235,-0.00013704752016084162,0.9999997282054147,-4.4770501566891956e-05,0.0005885558653359321,0.0004417993801337662,0.999999908351208,0.0,0.0,-0.00026410270711183024,0.9999999575549111,9.505991315642318e-05,-0.0002719217604115089,-4.3730369114304304e-05,0.0,0.0,0.9999998043977373,-9.89889034064642e-05,0.000570229672122052,0.00023715776445551708,0.9999999894899324,0.0,0.0,-0.0001347662488475886,0.999998411231092,5.048243783569613e-05,0.0017815649464312114,-3.183012371153262e-05,0.0,0.0,1.0,0.0,0.0,0.0,1.0,0.0,0.0,0.0,1.0,0.0,0.0,0.0,0.0,0.0,0.0,1.0,0.0,0.0,0.0,1.0,0.0,0.0,0.0,0.0,0.0,0.0
0.0,0.0,0.0,0.9999998207923866,8.812422017162625e-05,-0.0005760792425912235,-0.00013704752016084162,0.9999997282054147,-4.4770501566891956e-05,0.0005885558653359321,0.0004417993801337662,0.999999908351208,0.0,0.0,-0.00026410270711183024,0.9999999598247783,6.426841366249776e-05,-0.0002758370271267109,-1.1573554618823487e-05,0.0,0.0,0.9999998043977373,-9.89889034064642e-05,0.000570229672122052,0.00023715776445551708,0.9999999896301757,0.0,0.0,-0.00012100016842696187,0.9999984229920572,-4.1560091976717734e-05,0.0017754646784595989,-3.366452935834089e-06,0.0,0.0,1.0,0.0,0.0,0.0,1.0,0.0,0.0,0.0,1.0,0.0,0.0,0.0,0.0,0.0,0.0,1.0,0.0,0.0,0.0,1.0,0.0,0.0,0.0,0.0,0.0,0.0
0.0,0.0,0.0,0.9999998207923866,8.812422017162625e-05,-0.0005760792425912235,-0.00013704752016084162,0.9999997282054147,-4.4770501566891956e-05,0.0005885558653359321,0.0004417993801337662,0.999999908351208,0.0,0.0,-0.00026410270711183024,0.9999999598247783,6.426841366249776e-05,-0.0002758370271267109,-1.1573554618823487e-05,0.0,0.0,0.9999998043977373,-9.89889034064642e-05,0.000570229672122052,0.00023715776445551708,0.9999999896301757,0.0,0.0,-0.00012100016842696187,0.9999984229920572,-4.1560091976717734e-05,0.0017754646784595989,-3.366452935834089e-06,0.0,0.0,1.0,0.0,0.0,0.0,1.0,0.0,0.0,0.0,1.0,0.0,0.0,0.0,0.0,0.0,0.0,1.0,0.0,0.0,0.0,1.0,0.0,0.0,0.0,0.0,0.0,0.0
0.0,0.0,0.0,0.9999998228452248,9.061645348891623e-05,-0.0005758061847460883,-0.00012060437349765736,0.9999997292895187,-5.275337827795198e-05,0.0005918615380395765,0.00043397913569915403,0.9999999113848155,0.0,0.0,-0.00026461487146408605,0.9999999609338175,5.8256733871365884e-05,-0.00027267419037385225,-1.967999655007247e-05,0.0,0.0,0.9999998054507033,-0.00010362500934311315,0.0005693076714896543,0.00023291455088532854,0.9999999879405302,0.0,0.0,-0.00013319891001368337,0.9999984229920572,-4.1560091976717734e-05,0.0017754646784595989,-3.366452935834089e-06,0.0,0.0,1.0,0.0,0.0,0.0,1.0,0.0,0.0,0.0,1.0,0.0,0.0,0.0,0.0,0.0,0.0,1.0,0.0,0.0,0.0,1.0,0.0,0.0,0.0,0.0,0.0,0.0
0.0,0.0,0.0,0.9999998228452248,9.061645348891623e-05,-0.0005758061847460883,-0.00012060437349765736,0.9999997292895187,-5.275337827795198e-05,0.0005918615380395765,0.00043397913569915403,0.9999999113848155,0.0,0.0,-0.00026461487146408605,0.9999999609338175,5.8256733871365884e-05,-0.00027267419037385225,-1.967999655007247e-05,0.0,0.0,0.9999998054507033,-0.00010362500934311315,0.0005693076714896543,0.00023291455088532854,0.9999999879405302,0.0,0.0,-0.00013319891001368337,0.9999984229920572,-4.1560091976717734e-05,0.0017754646784595989,-3.366452935834089e-06,0.0,0.0,1.0,0.0,0.0,0.0,1.0,0.0,0.0,0.0,1.0,0.0,0.0,0.0,0.0,0.0,0.0,1.0,0.0,0.0,0.0,1.0,0.0,0.0,0.0,0.0,0.0,0.0
0.0,0.0,0.0,0.9999998228452248,9.061645348891623e-05,-0.0005758061847460883,-0.00012060437349765736,0.9999997292895187,-5.275337827795198e-05,0.0005918615380395765,0.00043397913569915403,0.9999999113848155,0.0,0.0,-0.00026461487146408605,0.9999999624647519,4.938202533600988e-05,-0.00026910993096879935,-1.455181681812399e-05,0.0,0.0,0.9999998054507033,-0.00010362500934311315,0.0005693076714896543,0.00023291455088532854,0.9999999890423827,0.0,0.0,-0.00012803608721386153,0.9999984219826014,1.5190425099421358e-06,0.0017760345384275962,-4.16091093649293e-05,0.0,0.0,1.0,0.0,0.0,0.0,1.0,0.0,0.0,0.0,1.0,0.0,0.0,0.0,0.0,0.0,0.0,1.0,0.0,0.0,0.0,1.0,0.0,0.0,0.0,0.0,0.0,0.0
0.0,0.0,0.0,0.9999998228452248,9.061645348891623e-05,-0.0005758061847460883,-0.00012060437349765736,0.9999997292895187,-5.275337827795198e-05,0.0005918615380395765,0.00043397913569915403,0.9999999113848155,0.0,0.0,-0.00026461487146408605,0.9999999624647519,4.938202533600988e-05,-0.00026910993096879935,-1.455181681812399e-05,0.0,0.0,0.9999998054507033,-0.00010362500934311315,0.0005693076714896543,0.00023291455088532854,0.9999999890423827,0.0,0.0,-0.00012803608721386153,0.9999984219826014,1.5190425099421358e-06,0.0017760345384275962,-4.16091093649293e-05,0.0,0.0,1.0,0.0,0.0,0.0,1.0,0.0,0.0,0.0,1.0,0.0,0.0,0.0,0.0,0.0,0.0,1.0,0.0,0.0,0.0,1.0,0.0,0.0,0.0,0.0,0.0,0.0
0.0,0.0,0.0,0.999999826224741,8.15445221996666e-05,-0.0005752854446626197,-9.97378347923422e-05,0.9999997390630246,-3.852809513720536e-05,0.0005908194447515616,0.00041391044003035745,0.999999910572475,0.0,0.0,-0.0002654171626042067,0.9999999624647519,4.938202533600988e-05,-0.00026910993096879935,-1.455181681812399e-05,0.0,0.0,0.9999998102626755,-0.00010051611804841962,0.0005636948278675009,0.00022719873284837364,0.9999999866585333,0.0,0.0,-0.00014318349812739942,0.9999984219826014,1.5190425099421358e-06,0.0017760345384275962,-4.16091093649293e-05,0.0,0.0,1.0,0.0,0.0,0.0,1.0,0.0,0.0,0.0,1.0,0.0,0.0,0.0,0.0,0.0,0.0,1.0,0.0,0.0,0.0,1.0,0.0,0.0,0.0,0.0,0.0,0.0
0.0,0.0,0.0,0.999999826224741,8.15445221996666e-05,-0.0005752854446626197,-9.97378347923422e-05,0.9999997390630246,-3.852809513720536e-05,0.0005908194447515616,0.00041391044003035745,0.999999910572475,0.0,0.0,-0.0002654171626042067,0.9999999624647519,4.938202533600988e-05,-0.00026910993096879935,-1.455181681812399e-05,0.0,0.0,0.9999998102626755,-0.00010051611804841962,0.0005636948278675009,0.00022719873284837364,0.9999999866585333,0.0,0.0,-0.00014318349812739942,0.9999984219826014,1.5190425099421358e-06,0.0017760345384275962,-4.16091093649293e-05,0.0,0.0,1.0,0.0,0.0,0.0,1.0,0.0,0.0,0.0,1.0,0.0,0.0,0.0,0.0,0.0,0.0,1.0,0.0,0.0,0.0,1.0,0.0,0.0,0.0,0.0,0.0,0.0
0.0,0.0,0.0,0.999999826224741,8.15445221996666e-05,-0.0005752854446626197,-9.97378347923422e-05,0.9999997390630246,-3.852809513720536e-05,0.0005908194447515616,0.00041391044003035745,0.9999999080670153,0.0,0.0,-0.0002810274698957053,0.9999999636630246,3.3859515108442116e-05,-0.0002674441319577879,1.057802064921332e-06,0.0,0.0,0.9999998102626755,-0.00010051611804841962,0.0005636948278675009,0.00022719873284837364,0.9999999855322184,0.0,0.0,-0.00015981780659855632,0.9999984343000706,2.0834713959233667e-05,0.001769277056688803,-2.49403059138391e-05,0.0,0.0,1.0,0.0,0.0,0.0,1.0,0.0,0.0,0.0,1.0,0.0,0.0,0.0,0.0,0.0,0.0,1.0,0.0,0.0,0.0,1.0,0.0,0.0,0.0,0.0,0.0,0.0
0.0,0.0,0.0,0.999999826224741,8.15445221996666e-05,-0.0005752854446626197,-9.97378347923422e-05,0.9999997390630246,-3.852809513720536e-05,0.0005908194447515616,0.00041391044003035745,0.9999999080670153,0.0,0.0,-0.0002810274698957053,0.9999999636630246,3.3859515108442116e-05,-0.0002674441319577879,1.057802064921332e-06,0.0,0.0,0.9999998102626755,-0.00010051611804841962,0.0005636948278675009,0.00022719873284837364,0.9999999855322184,0.0,0.0,-0.00015981780659855632,0.9999984343000706,2.0834713959233667e-05,0.001769277056688803,-2.49403059138391e-05,0.0,0.0,1.0,0.0,0.0,0.0,1.0,0.0,0.0,0.0,1.0,0.0,0.0,0.0,0.0,0.0,0.0,1.0,0.0,0.0,0.0,1.0,0.0,0.0,0.0,0.0,0.0,0.0
0.0,0.0,0.0,0.9999998285457445,7.47586916262752e-05,-0.0005715748946481035,-0.00010306191988209782,0.999999735766458,-3.4683712113372115e-05,0.0005921887965463686,0.0004202100469262348,0.9999999090254972,0.0,0.0,-0.00028400059773392525,0.9999999640149313,5.93104057382571e-05,-0.00026150524092956377,-8.211015284046501e-06,0.0,0.0,0.999999817432691,-9.852920627562442e-05,0.00055387310877506,0.00022057007869074685,0.9999999868435158,0.0,0.0,-0.0001498623631723037,0.9999984375193698,4.642246839156115e-06,0.0017674891078933424,-3.0323619948354226e-05,0.0,0.0,1.0,0.0,0.0,0.0,1.0,0.0,0.0,0.0,1.0,0.0,0.0,0.0,0.0,0.0,0.0,1.0,0.0,0.0,0.0,1.0,0.0,0.0,0.0,0.0,0.0,0.0
0.0,0.0,0.0,0.9999998285457445,7.47586916262752e-05,-0.0005715748946481035,-0.00010306191988209782,0.999999735766458,-3.4683712113372115e-05,0.0005921887965463686,0.0004202100469262348,0.9999999090254972,0.0,0.0,-0.00028400059773392525,0.9999999640149313,5.93104057382571e-05,-0.00026150524092956377,-8.211015284046501e-06,0.0,0.0,0.999999817432691,-9.852920627562442e-05,0.00055387310877506,0.00022057007869074685,0.9999999868435158,0.0,0.0,-0.0001498623631723037,0.9999984375193698,4.642246839156115e-06,0.0017674891078933424,-3.0323619948354226e-05,0.0,0.0,1.0,0.0,0.0,0.0,1.0,0.0,0.0,0.0,1.0,0.0,0.0,0.0,0.0,0.0,0.0,1.0,0.0,0.0,0.0,1.0,0.0,0.0,0.0,0.0,0.0,0.0
0.0,0.0,0.0,0.9999998285457445,7.47586916262752e-05,-0.0005715748946481035,-0.00010306191988209782,0.999999735766458,-3.4683712113372115e-05,0.0005921887965463686,0.0004202100469262348,0.9999999142269551,0.0,0.0,-0.0002783322231608672,0.9999999657941675,5.154894980825844e-05,-0.0002545985786353591,-3.0560322810887496e-05,0.0,0.0,0.999999817432691,-9.852920627562442e-05,0.00055387310877506,0.00022057007869074685,0.9999999881199565,0.0,0.0,-0.00014406130716310362,0.9999984330706169,2.045398307880066e-05,0.001769784796145675,-3.6051644833196406e-05,0.0,0.0,1.0,0.0,0.0,0.0,1.0,0.0,0.0,0.0,1.0,0.0,0.0,0.0,0.0,0.0,0.0,1.0,0.0,0.0,0.0,1.0,0.0,0.0,0.0,0.0,0.0,0.0
0.0,0.0,0.0,0.9999998285457445,7.47586916262752e-05,-0.0005715748946481035,-0.00010306191988209782,0.999999735766458,-3.4683712113372115e-05,0.0005921887965463686,0.0004202100469262348,0.9999999142269551,0.0,0.0,-0.0002783322231608672,0.9999999657941675,5.154894980825844e-05,-0.0002545985786353591,-3.0560322810887496e-05,0.0,0.0,0.999999817432691,-9.852920627562442e-05,0.00055387310877506,0.00022057007869074685,0.9999999881199565,0.0,0.0,-0.00014406130716310362,0.9999984330706169,2.045398307880066e-05,0.001769784796145675,-3.6051644833196406e-05,0.0,0.0,1.0,0.0,0.0,0.0,1.0,0.0,0.0,0.0,1.0,0.0,0.0,0.0,0.0,0.0,0.0,1.0,0.0,0.0,0.0,1.0,0.0,0.0,0.0,0.0,0.0,0.0
0.0,0.0,0.0,0.9999998233864548,0.00010182212002688523,-0.0005696831247185063,-0.0001353530659707829,0.9999997286439688,-7.343558827931356e-05,0.0005813933220344983,0.0004464314149952774,0.9999999115909365,0.0,0.0,-0.00028445961517511775,0.9999999671295906,4.535712811223693e-05,-0.0002516877724435895,-1.835248858977048e-05,0.0,0.0,0.9999998066275425,-0.0001311209560255966,0.0005514335877123821,0.00025587725726920985,0.9999999873644894,0.0,0.0,-0.0001470738294348918,0.9999984330706169,2.045398307880066e-05,0.001769784796145675,-3.6051644833196406e-05,0.0,0.0,1.0,0.0,0.0,0.0,1.0,0.0,0.0,0.0,1.0,0.0,0.0,0.0,0.0,0.0,0.0,1.0,0.0,0.0,0.0,1.0,0.0,0.0,0.0,0.0,0.0,0.0
0.0,0.0,0.0,0.9999998233864548,0.00010182212002688523,-0.0005696831247185063,-0.0001353530659707829,0.9999997286439688,-7.343558827931356e-05,0.0005813933220344983,0.0004464314149952774,0.9999999115909365,0.0,0.0,-0.00028445961517511775,0.9999999671295906,4.535712811223693e-05,-0.0002516877724435895,-1.835248858977048e-05,0.0,0.0,0.9999998066275425,-0.0001311209560255966,0.0005514335877123821,0.00025587725726920985,0.9999999873644894,0.0,0.0,-0.0001470738294348918,0.9999984330706169,2.045398307880066e-05,0.001769784796145675,-3.6051644833196406e-05,0.0,0.0,1.0,0.0,0.0,0.0,1.0,0.0,0.0,0.0,1.0,0.0,0.0,0.0,0.0,0.0,0.0,1.0,0.0,0.0,0.0,1.0,0.0,0.0,0.0,0.0,0.0,0.0
0.0,0.0,0.0,0.9999998233864548,0.00010182212002688523,-0.0005696831247185063,-0.0001353530659707829,0.9999997286439688,-7.343558827931356e-05,0.0005813933220344983,0.0004464314149952774,0.9999999115909365,0.0,0.0,-0.00028445961517511775,0.9999999671295906,4.535712811223693e-05,-0.0002516877724435895,-1.835248858977048e-05,0.0,0.0,0.9999998066275425,-0.0001311209560255966,0.0005514335877123821,0.00025587725726920985,0.9999999848813701,0.0,0.0,-0.00016842540174237113,0.9999984224414769,3.822029906933764e-05,0.0017757923818855212,-1.4669116628164789e-05,0.0,0.0,1.0,0.0,0.0,0.0,1.0,0.0,0.0,0.0,1.0,0.0,0.0,0.0,0.0,0.0,0.0,1.0,0.0,0.0,0.0,1.0,0.0,0.0,0.0,0.0,0.0,0.0
0.0,0.0,0.0,0.9999998213605791,9.814320196062461e-05,-0.0005748767721144533,-0.00013100923154348845,0.9999997287002359,-6.730310715594087e-05,0.0005888590152017163,0.00043739548067805626,0.9999999107973451,0.0,0.0,-0.000284273998905706,0.9999999663178372,5.0377291474284476e-05,-0.00025439391147041054,-1.0497184744860262e-05,0.0,0.0,0.9999998118961331,-0.0001092839307645909,0.0005499335792088673,0.00024867203175646244,0.9999999859957067,0.0,0.0,-0.00016557331751616166,0.9999984165290772,3.894364121168285e-05,0.0017791417151271887,-8.802765886551245e-06,0.0,0.0,1.0,0.0,0.0,0.0,1.0,0.0,0.0,0.0,1.0,0.0,0.0,0.0,0.0,0.0,0.0,1.0,0.0,0.0,0.0,1.0,0.0,0.0,0.0,0.0,0.0,0.0
0.0,0.0,0.0,0.9999998213605791,9.814320196062461e-05,-0.0005748767721144533,-0.00013100923154348845,0.9999997287002359,-6.730310715594087e-05,0.0005888590152017163,0.00043739548067805626,0.9999999107973451,0.0,0.0,-0.000284273998905706,0.9999999663178372,5.0377291474284476e-05,-0.00025439391147041054,-1.0497184744860262e-05,0.0,0.0,0.9999998118961331,-0.0001092839307645909,0.0005499335792088673,0.00024867203175646244,0.9999999859957067,0.0,0.0,-0.00016557331751616166,0.9999984165290772,3.894364121168285e-05,0.0017791417151271887,-8.802765886551245e-06,0.0,0.0,1.0,0.0,0.0,0.0,1.0,0.0,0.0,0.0,1.0,0.0,0.0,0.0,0.0,0.0,0.0,1.0,0.0,0.0,0.0,1.0,0.0,0.0,0.0,0.0,0.0,0.0
0.0,0.0,0.0,0.9999998213605791,9.814320196062461e-05,-0.0005748767721144533,-0.00013100923154348845,0.9999997287002359,-6.730310715594087e-05,0.0005888590152017163,0.00043739548067805626,0.9999999107973451,0.0,0.0,-0.000284273998905706,0.9999999656453854,2.478349954374963e-05,-0.0002605343457385001,-1.4726187595153578e-05,0.0,0.0,0.9999998115522718,-0.00010563141823781602,0.0005452250961617861,0.0002616620317714655,0.9999999833058084,0.0,0.0,-0.00018090305586115744,0.9999984048720164,1.88230156280964e-05,0.0017860283782623516,-1.3224709601020435e-06,0.0,0.0,1.0,0.0,0.0,0.0,1.0,0.0,0.0,0.0,1.0,0.0,0.0,0.0,0.0,0.0,0.0,1.0,0.0,0.0,0.0,1.0,0.0,0.0,0.0,0.0,0.0,0.0
0.0,0.0,0.0,0.999999823825917,9.72348978623785e-05,-0.0005665811092095797,-0.00014791672049763527,0.9999997124584317,-5.5633799761683956e-05,0.000593625528928194,0.00046861142286253044,0.9999999069815431,0.0,0.0,-0.0003141282631699782,0.9999999673273144,2.881231261964609e-05,-0.000253997176920397,8.092133891821159e-07,0.0,0.0,0.9999998115695162,-0.0001047236964225442,0.0005369291866500486,0.00027856943117697796,0.9999999833058084,0.0,0.0,-0.00018090305586115744,0.9999984048720164,1.88230156280964e-05,0.0017860283782623516,-1.3224709601020435e-06,0.0,0.0,1.0,0.0,0.0,0.0,1.0,0.0,0.0,0.0,1.0,0.0,0.0,0.0,0.0,0.0,0.0,1.0,0.0,0.0,0.0,1.0,0.0,0.0,0.0,0.0,0.0,0.0
0.0,0.0,0.0,0.999999823825917,9.72348978623785e-05,-0.0005665811092095797,-0.00014791672049763527,0.9999997124584317,-5.5633799761683956e-05,0.000593625528928194,0.00046861142286253044,0.9999999069815431,0.0,0.0,-0.0003141282631699782,0.9999999673273144,2.881231261964609e-05,-0.000253997176920397,8.092133891821159e-07,0.0,0.0,0.9999998115695162,-0.0001047236964225442,0.0005369291866500486,0.00027856943117697796,0.9999999833058084,0.0,0.0,-0.00018090305586115744,0.9999984048720164,1.88230156280964e-05,0.0017860283782623516,-1.3224709601020435e-06,0.0,0.0,1.0,0.0,0.0,0.0,1.0,0.0,0.0,0.0,1.0,0.0,0.0,0.0,0.0,0.0,0.0,1.0,0.0,0.0,0.0,1.0,0.0,0.0,0.0,0.0,0.0,0.0
0.0,0.0,0.0,0.999999823825917,9.72348978623785e-05,-0.0005665811092095797,-0.00014791672049763527,0.9999997124584317,-5.5633799761683956e-05,0.000593625528928194,0.00046861142286253044,0.9999999069815431,0.0,0.0,-0.0003141282631699782,0.9999999673273144,2.881231261964609e-05,-0.000253997176920397,8.092133891821159e-07,0.0,0.0,0.9999998115695162,-0.0001047236964225442,0.0005369291866500486,0.00027856943117697796,0.9999999859744996,0.0,0.0,-0.0001639966749241038,0.9999984090874993,1.0651195231941946e-05,0.001783641276207187,-1.8243365226337144e-05,0.0,0.0,1.0,0.0,0.0,0.0,1.0,0.0,0.0,0.0,1.0,0.0,0.0,0.0,0.0,0.0,0.0,1.0,0.0,0.0,0.0,1.0,0.0,0.0,0.0,0.0,0.0,0.0
0.0,0.0,0.0,0.999999823825917,9.72348978623785e-05,-0.0005665811092095797,-0.00014791672049763527,0.9999997124584317,-5.5633799761683956e-05,0.000593625528928194,0.00046861142286253044,0.9999999069815431,0.0,0.0,-0.0003141282631699782,0.9999999656729639,3.895488713304918e-05,-0.00025854787985942515,-1.7017099455681077e-05,0.0,0.0,0.9999998115695162,-0.0001047236964225442,0.0005369291866500486,0.00027856943117697796,0.9999999843337923,0.0,0.0,-0.00017375897902357858,0.9999984003622622,1.0928750981339263e-05,0.001788597650557773,-8.480770623179893e-06,0.0,0.0,1.0,0.0,0.0,0.0,1.0,0.0,0.0,0.0,1.0,0.0,0.0,0.0,0.0,0.0,0.0,1.0,0.0,0.0,0.0,1.0,0.0,0.0,0.0,0.0,0.0,0.0
0.0,0.0,0.0,0.9999998218168455,9.241240702947121e-05,-0.0005711378319962517,-0.00014706393492900657,0.999999709546766,-4.767864025597e-05,0.0006035806287786586,0.0004629509213005013,0.9999999146416667,0.0,0.0,-0.00029668332530195313,0.9999999660375485,2.6306239028397412e-05,-0.00025759131052638016,-2.9658059248723908e-05,0.0,0.0,0.9999998098435186,-9.990063559884473e-05,0.0005414852858714701,0.00027771653678323874,0.9999999843337923,0.0,0.0,-0.00017375897902357858,0.9999984035539201,9.173728223116325e-07,0.001786864792365459,-1.7272556963861358e-06,0.0,0.0,1.0,0.0,0.0,0.0,1.0,0.0,0.0,0.0,1.0,0.0,0.0,0.0,0.0,0.0,0.0,1.0,0.0,0.0,0.0,1.0,0.0,0.0,0.0,0.0,0.0,0.0
0.0,0.0,0.0,0.9999998218168455,9.241240702947121e-05,-0.0005711378319962517,-0.00014706393492900657,0.999999709546766,-4.767864025597e-05,0.0006035806287786586,0.0004629509213005013,0.9999999146416667,0.0,0.0,-0.00029668332530195313,0.9999999660375485,2.6306239028397412e-05,-0.00025759131052638016,-2.9658059248723908e-05,0.0,0.0,0.9999998098435186,-9.990063559884473e-05,0.0005414852858714701,0.00027771653678323874,0.9999999843337923,0.0,0.0,-0.00017375897902357858,0.9999984035539201,9.173728223116325e-07,0.001786864792365459,-1.7272556963861358e-06,0.0,0.0,1.0,0.0,0.0,0.0,1.0,0.0,0.0,0.0,1.0,0.0,0.0,0.0,0.0,0.0,0.0,1.0,0.0,0.0,0.0,1.0,0.0,0.0,0.0,0.0,0.0,0.0
0.0,0.0,0.0,0.9999998246339313,0.00010463394767201402,-0.0005686964858387574,-0.0001279380736555945,0.9999997190296931,-5.990033159024206e-05,0.0006011422915999106,0.000443824774617742,0.9999999146416667,0.0,0.0,-0.00029668332530195313,0.9999999648121655,2.3709192094348044e-05,-0.0002634370937182799,-2.0357791255128305e-05,0.0,0.0,0.9999998165935758,-0.00010152175307523496,0.0005454462806203604,0.000242887841046949,0.99999998719974,0.0,0.0,-0.00015806198888169726,0.9999984073715779,-1.1551756026647989e-06,0.001784460028259201,-3.090923774131241e-05,0.0,0.0,1.0,0.0,0.0,0.0,1.0,0.0,0.0,0.0,1.0,0.0,0.0,0.0,0.0,0.0,0.0,1.0,0.0,0.0,0.0,1.0,0.0,0.0,0.0,0.0,0.0,0.0
0.0,0.0,0.0,0.9999998246339313,0.00010463394767201402,-0.0005686964858387574,-0.0001279380736555945,0.9999997190296931,-5.990033159024206e-05,0.0006011422915999106,0.000443824774617742,0.9999999146416667,0.0,0.0,-0.00029668332530195313,0.9999999648121655,2.3709192094348044e-05,-0.0002634370937182799,-2.0357791255128305e-05,0.0,0.0,0.9999998165935758,-0.00010152175307523496,0.0005454462806203604,0.000242887841046949,0.99999998719974,0.0,0.0,-0.00015806198888169726,0.9999984073715779,-1.1551756026647989e-06,0.001784460028259201,-3.090923774131241e-05,0.0,0.0,1.0,0.0,0.0,0.0,1.0,0.0,0.0,0.0,1.0,0.0,0.0,0.0,0.0,0.0,0.0,1.0,0.0,0.0,0.0,1.0,0.0,0.0,0.0,0.0,0.0,0.0
0.0,0.0,0.0,0.9999998246339313,0.00010463394767201402,-0.0005686964858387574,-0.0001279380736555945,0.9999997226411924,-5.8645215450533186e-05,0.0005987030639693528,0.000439127450889341,0.9999999152676108,0.0,0.0,-0.0002919868471790876,0.9999999648121655,2.3709192094348044e-05,-0.0002634370937182799,-2.0357791255128305e-05,0.0,0.0,0.9999998218500571,-9.677171428382854e-05,0.0005367373706423489,0.00024258624098918101,0.9999999906806556,0.0,0.0,-0.00013464231029210625,0.9999984241719969,-3.362319424838866e-06,0.001774464047120281,-5.403298188695882e-05,0.0,0.0,1.0,0.0,0.0,0.0,1.0,0.0,0.0,0.0,1.0,0.0,0.0,0.0,0.0,0.0,0.0,1.0,0.0,0.0,0.0,1.0,0.0,0.0,0.0,0.0,0.0,0.0
0.0,0.0,0.0,0.9999998246339313,0.00010463394767201402,-0.0005686964858387574,-0.0001279380736555945,0.9999997226411924,-5.8645215450533186e-05,0.0005987030639693528,0.000439127450889341,0.9999999152676108,0.0,0.0,-0.0002919868471790876,0.9999999648121655,2.3709192094348044e-05,-0.0002634370937182799,-2.0357791255128305e-05,0.0,0.0,0.9999998218500571,-9.677171428382854e-05,0.0005367373706423489,0.00024258624098918101,0.9999999906806556,0.0,0.0,-0.00013464231029210625,0.9999984241719969,-3.362319424838866e-06,0.001774464047120281,-5.403298188695882e-05,0.0,0.0,1.0,0.0,0.0,0.0,1.0,0.0,0.0,0.0,1.0,0.0,0.0,0.0,0.0,0.0,0.0,1.0,0.0,0.0,0.0,1.0,0.0,0.0,0.0,0.0,0.0,0.0
0.0,0.0,0.0,0.9999998246339313,0.00010463394767201402,-0.0005686964858387574,-0.0001279380736555945,0.9999997226411924,-5.8645215450533186e-05,0.0005987030639693528,0.000439127450889341,0.9999999198862027,0.0,0.0,-0.0002753545032902229,0.9999999642451216,2.6867171513706516e-05,-0.0002612111261534813,-5.0563405521180685e-05,0.0,0.0,0.9999998218500571,-9.677171428382854e-05,0.0005367373706423489,0.00024258624098918101,0.9999999906806556,0.0,0.0,-0.00013464231029210625,0.9999984241719969,-3.362319424838866e-06,0.001774464047120281,-5.403298188695882e-05,0.0,0.0,1.0,0.0,0.0,0.0,1.0,0.0,0.0,0.0,1.0,0.0,0.0,0.0,0.0,0.0,0.0,1.0,0.0,0.0,0.0,1.0,0.0,0.0,0.0,0.0,0.0,0.0
0.0,0.0,0.0,0.9999998246339313,0.00010463394767201402,-0.0005686964858387574,-0.0001279380736555945,0.9999997226411924,-5.8645215450533186e-05,0.0005987030639693528,0.000439127450889341,0.9999999198862027,0.0,0.0,-0.0002753545032902229,0.9999999642451216,2.6867171513706516e-05,-0.0002612111261534813,-5.0563405521180685e-05,0.0,0.0,0.9999998218500571,-9.677171428382854e-05,0.0005367373706423489,0.00024258624098918101,0.9999999906806556,0.0,0.0,-0.00013464231029210625,0.9999984241719969,-3.362319424838866e-06,0.001774464047120281,-5.403298188695882e-05,0.0,0.0,1.0,0.0,0.0,0.0,1.0,0.0,0.0,0.0,1.0,0.0,0.0,0.0,0.0,0.0,0.0,1.0,0.0,0.0,0.0,1.0,0.0,0.0,0.0,0.0,0.0,0.0
0.0,0.0,0.0,0.9999998246339313,0.00010463394767201402,-0.0005686964858387574,-0.0001279380736555945,0.9999997226411924,-5.8645215450533186e-05,0.0005987030639693528,0.000439127450889341,0.9999999198862027,0.0,0.0,-0.0002753545032902229,0.9999999642451216,2.6867171513706516e-05,-0.0002612111261534813,-5.0563405521180685e-05,0.0,0.0,0.9999998218500571,-9.677171428382854e-05,0.0005367373706423489,0.00024258624098918101,0.9999999906806556,0.0,0.0,-0.00013464231029210625,0.9999984257359025,1.2458389031111885e-05,0.001773063920313849,-6.793261072676156e-05,0.0,0.0,1.0,0.0,0.0,0.0,1.0,0.0,0.0,0.0,1.0,0.0,0.0,0.0,0.0,0.0,0.0,1.0,0.0,0.0,0.0,1.0,0.0,0.0,0.0,0.0,0.0,0.0
0.0,0.0,0.0,0.9999998246339313,0.00010463394767201402,-0.0005686964858387574,-0.0001279380736555945,0.9999997226411924,-5.8645215450533186e-05,0.0005987030639693528,0.000439127450889341,0.9999999198862027,0.0,0.0,-0.0002753545032902229,0.9999999642451216,2.6867171513706516e-05,-0.0002612111261534813,-5.0563405521180685e-05,0.0,0.0,0.9999998218500571,-9.677171428382854e-05,0.0005367373706423489,0.00024258624098918101,0.9999999906806556,0.0,0.0,-0.00013464231029210625,0.9999984257359025,1.2458389031111885e-05,0.001773063920313849,-6.793261072676156e-05,0.0,0.0,1.0,0.0,0.0,0.0,1.0,0.0,0.0,0.0,1.0,0.0,0.0,0.0,0.0,0.0,0.0,1.0,0.0,0.0,0.0,1.0,0.0,0.0,0.0,0.0,0.0,0.0
0.0,0.0,0.0,0.9999998246339313,0.00010463394767201402,-0.0005686964858387574,-0.0001279380736555945,0.9999997226411924,-5.8645215450533186e-05,0.0005987030639693528,0.000439127450889341,0.9999999198862027,0.0,0.0,-0.0002753545032902229,0.99999996013594,4.15070102502972e-05,-0.0002624252651951792,-9.55942830770877e-05,0.0,0.0,0.9999998122590151,-0.00011713778302628155,0.0005354230327587495,0.00027401250042579235,0.9999999853178966,0.0,0.0,-0.00016605734282997353,0.9999984285911985,3.465100780263931e-05,0.0017713269676058816,-6.336572516987432e-05,0.0,0.0,1.0,0.0,0.0,0.0,1.0,0.0,0.0,0.0,1.0,0.0,0.0,0.0,0.0,0.0,0.0,1.0,0.0,0.0,0.0,1.0,0.0,0.0,0.0,0.0,0.0,0.0
0.0,0.0,0.0,0.9999998246339313,0.00010463394767201402,-0.0005686964858387574,-0.0001279380736555945,0.9999997226411924,-5.8645215450533186e-05,0.0005987030639693528,0.000439127450889341,0.9999999198862027,0.0,0.0,-0.0002753545032902229,0.99999996013594,4.15070102502972e-05,-0.0002624252651951792,-9.55942830770877e-05,0.0,0.0,0.9999998122590151,-0.00011713778302628155,0.0005354230327587495,0.00027401250042579235,0.9999999853178966,0.0,0.0,-0.00016605734282997353,0.9999984285911985,3.465100780263931e-05,0.0017713269676058816,-6.336572516987432e-05,0.0,0.0,1.0,0.0,0.0,0.0,1.0,0.0,0.0,0.0,1.0,0.0,0.0,0.0,0.0,0.0,0.0,1.0,0.0,0.0,0.0,1.0,0.0,0.0,0.0,0.0,0.0,0.0
0.0,0.0,0.0,0.9999998246339313,0.00010463394767201402,-0.0005686964858387574,-0.0001279380736555945,0.9999997284734905,-5.928618390412598e-05,0.0005889068928755695,0.0004390065663209173,0.9999999171457503,0.0,0.0,-0.0002798049081260719,0.9999999617639528,3.635167329472775e-05,-0.0002585840542554888,-9.102162182611508e-05,0.0,0.0,0.9999998135723169,-0.00011576661525171729,0.0005335678211171898,0.0002734205599097809,0.9999999833838564,0.0,0.0,-0.00017255737267819624,0.9999984133489419,1.5495356340453533e-05,0.0017804181439300029,-5.6309196096892175e-05,0.0,0.0,1.0,0.0,0.0,0.0,1.0,0.0,0.0,0.0,1.0,0.0,0.0,0.0,0.0,0.0,0.0,1.0,0.0,0.0,0.0,1.0,0.0,0.0,0.0,0.0,0.0,0.0
0.0,0.0,0.0,0.9999998246339313,0.00010463394767201402,-0.0005686964858387574,-0.0001279380736555945,0.9999997284734905,-5.928618390412598e-05,0.0005889068928755695,0.0004390065663209173,0.9999999171457503,0.0,0.0,-0.0002798049081260719,0.9999999617639528,3.635167329472775e-05,-0.0002585840542554888,-9.102162182611508e-05,0.0,0.0,0.9999998135723169,-0.00011576661525171729,0.0005335678211171898,0.0002734205599097809,0.9999999833838564,0.0,0.0,-0.00017255737267819624,0.9999984133489419,1.5495356340453533e-05,0.0017804181439300029,-5.6309196096892175e-05,0.0,0.0,1.0,0.0,0.0,0.0,1.0,0.0,0.0,0.0,1.0,0.0,0.0,0.0,0.0,0.0,0.0,1.0,0.0,0.0,0.0,1.0,0.0,0.0,0.0,0.0,0.0,0.0
0.0,0.0,0.0,0.9999998219845319,0.00011462867677512042,-0.0005718823305106171,-0.00012586409765579076,0.9999997278934006,-5.979579848096487e-05,0.0005929551624003852,0.0004347893312120933,0.9999999133335689,0.0,0.0,-0.0002926437509212239,0.9999999630163734,3.783087724740839e-05,-0.00025836550138445743,-7.604830319631884e-05,0.0,0.0,0.9999998112244424,-0.00012576095364449325,0.0005367551430738583,0.00027134697053203766,0.9999999833838564,0.0,0.0,-0.00017255737267819624,0.9999984133489419,1.5495356340453533e-05,0.0017804181439300029,-5.6309196096892175e-05,0.0,0.0,1.0,0.0,0.0,0.0,1.0,0.0,0.0,0.0,1.0,0.0,0.0,0.0,0.0,0.0,0.0,1.0,0.0,0.0,0.0,1.0,0.0,0.0,0.0,0.0,0.0,0.0
0.0,0.0,0.0,0.9999998219845319,0.00011462867677512042,-0.0005718823305106171,-0.00012586409765579076,0.9999997278934006,-5.979579848096487e-05,0.0005929551624003852,0.0004347893312120933,0.9999999133335689,0.0,0.0,-0.0002926437509212239,0.9999999630163734,3.783087724740839e-05,-0.00025836550138445743,-7.604830319631884e-05,0.0,0.0,0.9999998112244424,-0.00012576095364449325,0.0005367551430738583,0.00027134697053203766,0.9999999833838564,0.0,0.0,-0.00017255737267819624,0.9999984133489419,1.5495356340453533e-05,0.0017804181439300029,-5.6309196096892175e-05,0.0,0.0,1.0,0.0,0.0,0.0,1.0,0.0,0.0,0.0,1.0,0.0,0.0,0.0,0.0,0.0,0.0,1.0,0.0,0.0,0.0,1.0,0.0,0.0,0.0,0.0,0.0,0.0
0.0,0.0,0.0,0.9999998156001849,0.00012650943788505844,-0.0005821730270603302,-0.00011776894758073052,0.9999997244430925,-7.167320970389204e-05,0.0006032490865031519,0.0004266933672280664,0.9999999133335689,0.0,0.0,-0.0002926437509212239,0.9999999619331527,2.550702303871636e-05,-0.0002647844660522177,-7.329578133727512e-05,0.0,0.0,0.9999998062460562,-0.00013764050201951875,0.0005470476588822797,0.00026325235259900236,0.9999999833838564,0.0,0.0,-0.00017255737267819624,0.9999984150027244,1.007752560866307e-05,0.0017797055974354218,-5.0383221844453054e-05,0.0,0.0,1.0,0.0,0.0,0.0,1.0,0.0,0.0,0.0,1.0,0.0,0.0,0.0,0.0,0.0,0.0,1.0,0.0,0.0,0.0,1.0,0.0,0.0,0.0,0.0,0.0,0.0
0.0,0.0,0.0,0.9999998156001849,0.00012650943788505844,-0.0005821730270603302,-0.00011776894758073052,0.9999997244430925,-7.167320970389204e-05,0.0006032490865031519,0.0004266933672280664,0.9999999133335689,0.0,0.0,-0.0002926437509212239,0.9999999619331527,2.550702303871636e-05,-0.0002647844660522177,-7.329578133727512e-05,0.0,0.0,0.9999998062460562,-0.00013764050201951875,0.0005470476588822797,0.00026325235259900236,0.9999999833838564,0.0,0.0,-0.00017255737267819624,0.9999984150027244,1.007752560866307e-05,0.0017797055974354218,-5.0383221844453054e-05,0.0,0.0,1.0,0.0,0.0,0.0,1.0,0.0,0.0,0.0,1.0,0.0,0.0,0.0,0.0,0.0,0.0,1.0,0.0,0.0,0.0,1.0,0.0,0.0,0.0,0.0,0.0,0.0
0.0,0.0,0.0,0.9999998156001849,0.00012650943788505844,-0.0005821730270603302,-0.00011776894758073052,0.9999997244430925,-7.167320970389204e-05,0.0006032490865031519,0.0004266933672280664,0.9999999133335689,0.0,0.0,-0.0002926437509212239,0.9999999611589832,1.9116651489756102e-05,-0.00027161314651394136,-5.9522134569160845e-05,0.0,0.0,0.9999998062460562,-0.00013764050201951875,0.0005470476588822797,0.00026325235259900236,0.9999999839617019,0.0,0.0,-0.00016782203295696973,0.9999984169587112,1.1202951077364134e-05,0.0017777476610304525,-7.46178221304149e-05,0.0,0.0,1.0,0.0,0.0,0.0,1.0,0.0,0.0,0.0,1.0,0.0,0.0,0.0,0.0,0.0,0.0,1.0,0.0,0.0,0.0,1.0,0.0,0.0,0.0,0.0,0.0,0.0
0.0,0.0,0.0,0.9999998156001849,0.00012650943788505844,-0.0005821730270603302,-0.00011776894758073052,0.9999997244430925,-7.167320970389204e-05,0.0006032490865031519,0.0004266933672280664,0.9999999133335689,0.0,0.0,-0.0002926437509212239,0.9999999611589832,1.9116651489756102e-05,-0.00027161314651394136,-5.9522134569160845e-05,0.0,0.0,0.9999998062460562,-0.00013764050201951875,0.0005470476588822797,0.00026325235259900236,0.9999999839617019,0.0,0.0,-0.00016782203295696973,0.9999984169587112,1.1202951077364134e-05,0.0017777476610304525,-7.46178221304149e-05,0.0,0.0,1.0,0.0,0.0,0.0,1.0,0.0,0.0,0.0,1.0,0.0,0.0,0.0,0.0,0.0,0.0,1.0,0.0,0.0,0.0,1.0,0.0,0.0,0.0,0.0,0.0,0.0
0.0,0.0,0.0,0.9999998156001849,0.00012650943788505844,-0.0005821730270603302,-0.00011776894758073052,0.9999997244430925,-7.167320970389204e-05,0.0006032490865031519,0.0004266933672280664,0.9999999133335689,0.0,0.0,-0.0002926437509212239,0.9999999611589832,1.9116651489756102e-05,-0.00027161314651394136,-5.9522134569160845e-05,0.0,0.0,0.9999998091023372,-0.000131163502889409,0.0005516373158224716,0.00024553553004180153,0.9999999871769946,0.0,0.0,-0.000150109140869935,0.9999984169587112,1.1202951077364134e-05,0.0017777476610304525,-7.46178221304149e-05,0.0,0.0,1.0,0.0,0.0,0.0,1.0,0.0,0.0,0.0,1.0,0.0,0.0,0.0,0.0,0.0,0.0,1.0,0.0,0.0,0.0,1.0,0.0,0.0,0.0,0.0,0.0,0.0
0.0,0.0,0.0,0.9999998156001849,0.00012650943788505844,-0.0005821730270603302,-0.00011776894758073052,0.9999997286334048,-7.864834819653824e-05,0.0005954422874573159,0.0004266099347304028,0.9999999128634085,0.0,0.0,-0.00029150818886342815,0.9999999621117801,1.4581374012420111e-05,-0.00026813325497376,-6.056714737272464e-05,0.0,0.0,0.9999998091023372,-0.000131163502889409,0.0005516373158224716,0.00024553553004180153,0.999999987424882,0.0,0.0,-0.0001557675421265348,0.9999984150059217,3.7197860871796066e-05,0.001778722274602745,-6.891322972589051e-05,0.0,0.0,1.0,0.0,0.0,0.0,1.0,0.0,0.0,0.0,1.0,0.0,0.0,0.0,0.0,0.0,0.0,1.0,0.0,0.0,0.0,1.0,0.0,0.0,0.0,0.0,0.0,0.0
0.0,0.0,0.0,0.9999998156001849,0.00012650943788505844,-0.0005821730270603302,-0.00011776894758073052,0.9999997286334048,-7.864834819653824e-05,0.0005954422874573159,0.0004266099347304028,0.9999999128634085,0.0,0.0,-0.00029150818886342815,0.9999999621117801,1.4581374012420111e-05,-0.00026813325497376,-6.056714737272464e-05,0.0,0.0,0.9999998091023372,-0.000131163502889409,0.0005516373158224716,0.00024553553004180153,0.999999987424882,0.0,0.0,-0.0001557675421265348,0.9999984150059217,3.7197860871796066e-05,0.001778722274602745,-6.891322972589051e-05,0.0,0.0,1.0,0.0,0.0,0.0,1.0,0.0,0.0,0.0,1.0,0.0,0.0,0.0,0.0,0.0,0.0,1.0,0.0,0.0,0.0,1.0,0.0,0.0,0.0,0.0,0.0,0.0
0.0,0.0,0.0,0.9999998178780931,0.00013005086706065173,-0.0005769833215657663,-0.00012008663178555585,0.9999997273519362,-9.03095336333204e-05,0.0005968341506058822,0.0004253577763582118,0.999999916084158,0.0,0.0,-0.00028793172137524936,0.9999999621117801,1.4581374012420111e-05,-0.00026813325497376,-6.056714737272464e-05,0.0,0.0,0.9999998077505402,-0.00015376870138365171,0.0005477574392688845,0.0002466087117793266,0.999999986869902,0.0,0.0,-0.00015451267004591593,0.9999984150059217,3.7197860871796066e-05,0.001778722274602745,-6.891322972589051e-05,0.0,0.0,1.0,0.0,0.0,0.0,1.0,0.0,0.0,0.0,1.0,0.0,0.0,0.0,0.0,0.0,0.0,1.0,0.0,0.0,0.0,1.0,0.0,0.0,0.0,0.0,0.0,0.0
0.0,0.0,0.0,0.9999998178780931,0.00013005086706065173,-0.0005769833215657663,-0.00012008663178555585,0.9999997273519362,-9.03095336333204e-05,0.0005968341506058822,0.0004253577763582118,0.999999916084158,0.0,0.0,-0.00028793172137524936,0.9999999621117801,1.4581374012420111e-05,-0.00026813325497376,-6.056714737272464e-05,0.0,0.0,0.9999998077505402,-0.00015376870138365171,0.0005477574392688845,0.0002466087117793266,0.999999986869902,0.0,0.0,-0.00015451267004591593,0.9999984150059217,3.7197860871796066e-05,0.001778722274602745,-6.891322972589051e-05,0.0,0.0,1.0,0.0,0.0,0.0,1.0,0.0,0.0,0.0,1.0,0.0,0.0,0.0,0.0,0.0,0.0,1.0,0.0,0.0,0.0,1.0,0.0,0.0,0.0,0.0,0.0,0.0
0.0,0.0,0.0,0.9999998178780931,0.00013005086706065173,-0.0005769833215657663,-0.00012008663178555585,0.9999997273519362,-9.03095336333204e-05,0.0005968341506058822,0.0004253577763582118,0.9999999118628752,0.0,0.0,-0.000292989633128474,0.9999999570763725,5.553157380746667e-05,-0.00027343283013331777,-8.943145354382625e-05,0.0,0.0,0.9999998077505402,-0.00015376870138365171,0.0005477574392688845,0.0002466087117793266,0.999999986869902,0.0,0.0,-0.00015451267004591593,0.999998410100602,2.8695220846418588e-05,0.0017810323479381953,-8.304593984365302e-05,0.0,0.0,1.0,0.0,0.0,0.0,1.0,0.0,0.0,0.0,1.0,0.0,0.0,0.0,0.0,0.0,0.0,1.0,0.0,0.0,0.0,1.0,0.0,0.0,0.0,0.0,0.0,0.0
0.0,0.0,0.0,0.9999998178780931,0.00013005086706065173,-0.0005769833215657663,-0.00012008663178555585,0.9999997273519362,-9.03095336333204e-05,0.0005968341506058822,0.0004253577763582118,0.9999999118628752,0.0,0.0,-0.000292989633128474,0.9999999570763725,5.553157380746667e-05,-0.00027343283013331777,-8.943145354382625e-05,0.0,0.0,0.9999998077505402,-0.00015376870138365171,0.0005477574392688845,0.0002466087117793266,0.999999986869902,0.0,0.0,-0.00015451267004591593,0.999998410100602,2.8695220846418588e-05,0.0017810323479381953,-8.304593984365302e-05,0.0,0.0,1.0,0.0,0.0,0.0,1.0,0.0,0.0,0.0,1.0,0.0,0.0,0.0,0.0,0.0,0.0,1.0,0.0,0.0,0.0,1.0,0.0,0.0,0.0,0.0,0.0,0.0
0.0,0.0,0.0,0.9999998178801581,0.00011452041821019307,-0.0005804289648292118,-0.00011927674195099503,0.99999972691851,-7.477801753753052e-05,0.000600275020266642,0.000424548057829466,0.9999999118628752,0.0,0.0,-0.000292989633128474,0.9999999570763725,5.553157380746667e-05,-0.00027343283013331777,-8.943145354382625e-05,0.0,0.0,0.9999998083253455,-0.00013823784045967477,0.0005512011371002529,0.00024579844983669175,0.999999985871623,0.0,0.0,-0.00016028039473114504,0.9999984158886936,2.6898560219203342e-05,0.0017780675439036803,-7.72811747399314e-05,0.0,0.0,1.0,0.0,0.0,0.0,1.0,0.0,0.0,0.0,1.0,0.0,0.0,0.0,0.0,0.0,0.0,1.0,0.0,0.0,0.0,1.0,0.0,0.0,0.0,0.0,0.0,0.0
0.0,0.0,0.0,0.9999998178801581,0.00011452041821019307,-0.0005804289648292118,-0.00011927674195099503,0.99999972691851,-7.477801753753052e-05,0.000600275020266642,0.000424548057829466,0.9999999118628752,0.0,0.0,-0.000292989633128474,0.9999999570763725,5.553157380746667e-05,-0.00027343283013331777,-8.943145354382625e-05,0.0,0.0,0.9999998083253455,-0.00013823784045967477,0.0005512011371002529,0.00024579844983669175,0.999999985871623,0.0,0.0,-0.00016028039473114504,0.9999984158886936,2.6898560219203342e-05,0.0017780675439036803,-7.72811747399314e-05,0.0,0.0,1.0,0.0,0.0,0.0,1.0,0.0,0.0,0.0,1.0,0.0,0.0,0.0,0.0,0.0,0.0,1.0,0.0,0.0,0.0,1.0,0.0,0.0,0.0,0.0,0.0,0.0
0.0,0.0,0.0,0.9999998178801581,0.00011452041821019307,-0.0005804289648292118,-0.00011927674195099503,0.999999725215363,-7.434768698673684e-05,0.0005954570718776155,0.00043528438487409616,0.9999999071934829,0.0,0.0,-0.00030372582950040003,0.9999999602340424,3.5533181543009894e-05,-0.0002722627464439193,-6.436073115170973e-05,0.0,0.0,0.9999998025805489,-0.0001441289874758924,0.0005631981034212335,0.00023848185366883405,0.9999999866548156,0.0,0.0,-0.00015296159335370608,0.9999984169186431,3.348833188903662e-05,0.0017771722376768511,-8.183872562325899e-05,0.0,0.0,1.0,0.0,0.0,0.0,1.0,0.0,0.0,0.0,1.0,0.0,0.0,0.0,0.0,0.0,0.0,1.0,0.0,0.0,0.0,1.0,0.0,0.0,0.0,0.0,0.0,0.0
0.0,0.0,0.0,0.9999998178801581,0.00011452041821019307,-0.0005804289648292118,-0.00011927674195099503,0.999999725215363,-7.434768698673684e-05,0.0005954570718776155,0.00043528438487409616,0.9999999071934829,0.0,0.0,-0.00030372582950040003,0.9999999602340424,3.5533181543009894e-05,-0.0002722627464439193,-6.436073115170973e-05,0.0,0.0,0.9999998025805489,-0.0001441289874758924,0.0005631981034212335,0.00023848185366883405,0.9999999866548156,0.0,0.0,-0.00015296159335370608,0.9999984169186431,3.348833188903662e-05,0.0017771722376768511,-8.183872562325899e-05,0.0,0.0,1.0,0.0,0.0,0.0,1.0,0.0,0.0,0.0,1.0,0.0,0.0,0.0,0.0,0.0,0.0,1.0,0.0,0.0,0.0,1.0,0.0,0.0,0.0,0.0,0.0,0.0
0.0,0.0,0.0,0.9999998178801581,0.00011452041821019307,-0.0005804289648292118,-0.00011927674195099503,0.999999725215363,-7.434768698673684e-05,0.0005954570718776155,0.00043528438487409616,0.9999999056184269,0.0,0.0,-0.00031460837862872513,0.9999999624689404,3.6650540079391856e-05,-0.0002661934281607983,-5.347816822014194e-05,0.0,0.0,0.9999998025805489,-0.0001441289874758924,0.0005631981034212335,0.00023848185366883405,0.9999999872854277,0.0,0.0,-0.00013475913070337258,0.9999984205297154,5.08866645620747e-06,0.001774512310049029,-0.00010009116569676253,0.0,0.0,1.0,0.0,0.0,0.0,1.0,0.0,0.0,0.0,1.0,0.0,0.0,0.0,0.0,0.0,0.0,1.0,0.0,0.0,0.0,1.0,0.0,0.0,0.0,0.0,0.0,0.0
0.0,0.0,0.0,0.9999998178801581,0.00011452041821019307,-0.0005804289648292118,-0.00011927674195099503,0.999999725215363,-7.434768698673684e-05,0.0005954570718776155,0.00043528438487409616,0.9999999056184269,0.0,0.0,-0.00031460837862872513,0.9999999624689404,3.6650540079391856e-05,-0.0002661934281607983,-5.347816822014194e-05,0.0,0.0,0.9999997942513786,-0.00014906604148251203,0.0005804292828919933,0.00022886319783614243,0.9999999878298848,0.0,0.0,-0.00012513875404672673,0.9999984205297154,5.08866645620747e-06,0.001774512310049029,-0.00010009116569676253,0.0,0.0,1.0,0.0,0.0,0.0,1.0,0.0,0.0,0.0,1.0,0.0,0.0,0.0,0.0,0.0,0.0,1.0,0.0,0.0,0.0,1.0,0.0,0.0,0.0,0.0,0.0,0.0
0.0,0.0,0.0,0.9999998191919057,0.00011154246832885135,-0.0005790300014219368,-0.0001178927107458484,0.9999997163328527,-6.832239477843688e-05,0.000610299563222861,0.0004361200609886871,0.9999999095161685,0.0,0.0,-0.00031683240400909665,0.9999999624689404,3.6650540079391856e-05,-0.0002661934281607983,-5.347816822014194e-05,0.0,0.0,0.9999997958178225,-0.00014608824495680134,0.0005790300411109819,0.00022747911834269946,0.9999999878298848,0.0,0.0,-0.00012513875404672673,0.9999984205297154,5.08866645620747e-06,0.001774512310049029,-0.00010009116569676253,0.0,0.0,1.0,0.0,0.0,0.0,1.0,0.0,0.0,0.0,1.0,0.0,0.0,0.0,0.0,0.0,0.0,1.0,0.0,0.0,0.0,1.0,0.0,0.0,0.0,0.0,0.0,0.0
0.0,0.0,0.0,0.9999998191919057,0.00011154246832885135,-0.0005790300014219368,-0.0001178927107458484,0.9999997163328527,-6.832239477843688e-05,0.000610299563222861,0.0004361200609886871,0.9999999092834873,0.0,0.0,-0.0003195537985882449,0.9999999632376684,2.3099907172759408e-05,-0.00026535784334118966,-5.075698238045225e-05,0.0,0.0,0.9999997958178225,-0.00014608824495680134,0.0005790300411109819,0.00022747911834269946,0.9999999878298848,0.0,0.0,-0.00012513875404672673,0.9999984205297154,5.08866645620747e-06,0.001774512310049029,-0.00010009116569676253,0.0,0.0,1.0,0.0,0.0,0.0,1.0,0.0,0.0,0.0,1.0,0.0,0.0,0.0,0.0,0.0,0.0,1.0,0.0,0.0,0.0,1.0,0.0,0.0,0.0,0.0,0.0,0.0
0.0,0.0,0.0,0.9999998191919057,0.00011154246832885135,-0.0005790300014219368,-0.0001178927107458484,0.9999997163328527,-6.832239477843688e-05,0.000610299563222861,0.0004361200609886871,0.9999999092834873,0.0,0.0,-0.0003195537985882449,0.9999999632376684,2.3099907172759408e-05,-0.00026535784334118966,-5.075698238045225e-05,0.0,0.0,0.9999997958178225,-0.00014608824495680134,0.0005790300411109819,0.00022747911834269946,0.9999999878298848,0.0,0.0,-0.00012513875404672673,0.9999984205297154,5.08866645620747e-06,0.001774512310049029,-0.00010009116569676253,0.0,0.0,1.0,0.0,0.0,0.0,1.0,0.0,0.0,0.0,1.0,0.0,0.0,0.0,0.0,0.0,0.0,1.0,0.0,0.0,0.0,1.0,0.0,0.0,0.0,0.0,0.0,0.0
0.0,0.0,0.0,0.999999827933268,9.769207398778809e-05,-0.0005670868382272422,-0.00011402723723848972,0.9999997260812837,-5.447568104837315e-05,0.0005983518265863317,0.000432255537026352,0.9999999092834873,0.0,0.0,-0.0003195537985882449,0.9999999642557457,1.3300390064660486e-05,-0.0002647207533075928,-3.51358751499712e-05,0.0,0.0,0.9999998054619657,-0.00013223915961024817,0.000567085494238433,0.0002236132323628185,0.9999999878298848,0.0,0.0,-0.00012513875404672673,0.9999984133806351,-1.2495404683754523e-05,0.001778616146756065,-9.800346908334684e-05,0.0,0.0,1.0,0.0,0.0,0.0,1.0,0.0,0.0,0.0,1.0,0.0,0.0,0.0,0.0,0.0,0.0,1.0,0.0,0.0,0.0,1.0,0.0,0.0,0.0,0.0,0.0,0.0
0.0,0.0,0.0,0.999999827933268,9.769207398778809e-05,-0.0005670868382272422,-0.00011402723723848972,0.9999997260812837,-5.447568104837315e-05,0.0005983518265863317,0.000432255537026352,0.9999999092834873,0.0,0.0,-0.0003195537985882449,0.9999999642557457,1.3300390064660486e-05,-0.0002647207533075928,-3.51358751499712e-05,0.0,0.0,0.9999998054619657,-0.00013223915961024817,0.000567085494238433,0.0002236132323628185,0.9999999878298848,0.0,0.0,-0.00012513875404672673,0.9999984133806351,-1.2495404683754523e-05,0.001778616146756065,-9.800346908334684e-05,0.0,0.0,1.0,0.0,0.0,0.0,1.0,0.0,0.0,0.0,1.0,0.0,0.0,0.0,0.0,0.0,0.0,1.0,0.0,0.0,0.0,1.0,0.0,0.0,0.0,0.0,0.0,0.0
0.0,0.0,0.0,0.999999827933268,9.769207398778809e-05,-0.0005670868382272422,-0.00011402723723848972,0.999999729482257,-5.5362633029410727e-05,0.0005947415984902854,0.0004292468084972878,0.9999999092403404,0.0,0.0,-0.0003165440120965159,0.9999999630225326,7.2356366376008645e-06,-0.0002676556413217796,-4.7571387415256555e-05,0.0,0.0,0.9999998054619657,-0.00013223915961024817,0.000567085494238433,0.0002236132323628185,0.9999999878298848,0.0,0.0,-0.00012513875404672673,0.9999984148130856,-6.199622185552341e-06,0.0017769775730894196,-0.00011262142534214931,0.0,0.0,1.0,0.0,0.0,0.0,1.0,0.0,0.0,0.0,1.0,0.0,0.0,0.0,0.0,0.0,0.0,1.0,0.0,0.0,0.0,1.0,0.0,0.0,0.0,0.0,0.0,0.0
0.0,0.0,0.0,0.999999827933268,9.769207398778809e-05,-0.0005670868382272422,-0.00011402723723848972,0.999999729482257,-5.5362633029410727e-05,0.0005947415984902854,0.0004292468084972878,0.9999999092403404,0.0,0.0,-0.0003165440120965159,0.9999999630225326,7.2356366376008645e-06,-0.0002676556413217796,-4.7571387415256555e-05,0.0,0.0,0.9999998054619657,-0.00013223915961024817,0.000567085494238433,0.0002236132323628185,0.9999999878298848,0.0,0.0,-0.00012513875404672673,0.9999984148130856,-6.199622185552341e-06,0.0017769775730894196,-0.00011262142534214931,0.0,0.0,1.0,0.0,0.0,0.0,1.0,0.0,0.0,0.0,1.0,0.0,0.0,0.0,0.0,0.0,0.0,1.0,0.0,0.0,0.0,1.0,0.0,0.0,0.0,0.0,0.0,0.0
0.0,0.0,0.0,0.9999998245060815,6.39501358467081e-05,-0.0005725748558384313,-0.0001380442713757702,0.9999997169098648,-2.1619630006435296e-05,0.0006002199911179577,0.00045326454091434965,0.9999999106507401,0.0,0.0,-0.00031976379840793605,0.9999999656225593,1.991856928238643e-05,-0.00025766469987806675,-4.4351245414054776e-05,0.0,0.0,0.9999998017016589,-9.609417306297764e-05,0.0005695728120168319,0.0002508971193647539,0.9999999876975494,0.0,0.0,-0.00012840670767741492,0.9999984148130856,-6.199622185552341e-06,0.0017769775730894196,-0.00011262142534214931,0.0,0.0,1.0,0.0,0.0,0.0,1.0,0.0,0.0,0.0,1.0,0.0,0.0,0.0,0.0,0.0,0.0,1.0,0.0,0.0,0.0,1.0,0.0,0.0,0.0,0.0,0.0,0.0
0.0,0.0,0.0,0.9999998245060815,6.39501358467081e-05,-0.0005725748558384313,-0.0001380442713757702,0.9999997169098648,-2.1619630006435296e-05,0.0006002199911179577,0.00045326454091434965,0.9999999106507401,0.0,0.0,-0.00031976379840793605,0.9999999656225593,1.991856928238643e-05,-0.00025766469987806675,-4.4351245414054776e-05,0.0,0.0,0.9999998017016589,-9.609417306297764e-05,0.0005695728120168319,0.0002508971193647539,0.9999999876975494,0.0,0.0,-0.00012840670767741492,0.9999984148130856,-6.199622185552341e-06,0.0017769775730894196,-0.00011262142534214931,0.0,0.0,1.0,0.0,0.0,0.0,1.0,0.0,0.0,0.0,1.0,0.0,0.0,0.0,0.0,0.0,0.0,1.0,0.0,0.0,0.0,1.0,0.0,0.0,0.0,0.0,0.0,0.0
0.0,0.0,0.0,0.9999998245060815,6.39501358467081e-05,-0.0005725748558384313,-0.0001380442713757702,0.9999997143388245,-2.2444557345545798e-05,0.000606638067787387,0.0004503429427505506,0.9999999139280806,0.0,0.0,-0.00031191365115678526,0.9999999617144851,5.970065223903134e-05,-0.00025890779349260035,-7.728916418578136e-05,0.0,0.0,0.9999998017016589,-9.609417306297764e-05,0.0005695728120168319,0.0002508971193647539,0.9999999884703845,0.0,0.0,-0.00011278299033065191,0.9999984178649961,-1.8645564915510074e-05,0.0017741103348597215,-0.00012826678223451166,0.0,0.0,1.0,0.0,0.0,0.0,1.0,0.0,0.0,0.0,1.0,0.0,0.0,0.0,0.0,0.0,0.0,1.0,0.0,0.0,0.0,1.0,0.0,0.0,0.0,0.0,0.0,0.0
0.0,0.0,0.0,0.9999998245060815,6.39501358467081e-05,-0.0005725748558384313,-0.0001380442713757702,0.9999997143388245,-2.2444557345545798e-05,0.000606638067787387,0.0004503429427505506,0.9999999139280806,0.0,0.0,-0.00031191365115678526,0.9999999617144851,5.970065223903134e-05,-0.00025890779349260035,-7.728916418578136e-05,0.0,0.0,0.9999998017016589,-9.609417306297764e-05,0.0005695728120168319,0.0002508971193647539,0.9999999884703845,0.0,0.0,-0.00011278299033065191,0.9999984178649961,-1.8645564915510074e-05,0.0017741103348597215,-0.00012826678223451166,0.0,0.0,1.0,0.0,0.0,0.0,1.0,0.0,0.0,0.0,1.0,0.0,0.0,0.0,0.0,0.0,0.0,1.0,0.0,0.0,0.0,1.0,0.0,0.0,0.0,0.0,0.0,0.0
0.0,0.0,0.0,0.9999998208751373,5.987141757822232e-05,-0.0005766530337982597,-0.00014878301462457273,0.9999997070465164,-1.8364931237415087e-05,0.0006107154153827759,0.00046108165459879597,0.9999999139280806,0.0,0.0,-0.00031191365115678526,0.9999999617144851,5.970065223903134e-05,-0.00025890779349260035,-7.728916418578136e-05,0.0,0.0,0.9999998011169411,-4.800767963752101e-05,0.0005818481970420303,0.00023856658743591697,0.9999999940480567,0.0,0.0,-8.97379576265351e-05,0.9999984225831026,-1.9236871613854876e-05,0.0017707081147369278,-0.00013803630622503206,0.0,0.0,1.0,0.0,0.0,0.0,1.0,0.0,0.0,0.0,1.0,0.0,0.0,0.0,0.0,0.0,0.0,1.0,0.0,0.0,0.0,1.0,0.0,0.0,0.0,0.0,0.0,0.0
0.0,0.0,0.0,0.9999998208751373,5.987141757822232e-05,-0.0005766530337982597,-0.00014878301462457273,0.9999997070465164,-1.8364931237415087e-05,0.0006107154153827759,0.00046108165459879597,0.9999999139280806,0.0,0.0,-0.00031191365115678526,0.9999999617144851,5.970065223903134e-05,-0.00025890779349260035,-7.728916418578136e-05,0.0,0.0,0.9999998011169411,-4.800767963752101e-05,0.0005818481970420303,0.00023856658743591697,0.9999999940480567,0.0,0.0,-8.97379576265351e-05,0.9999984225831026,-1.9236871613854876e-05,0.0017707081147369278,-0.00013803630622503206,0.0,0.0,1.0,0.0,0.0,0.0,1.0,0.0,0.0,0.0,1.0,0.0,0.0,0.0,0.0,0.0,0.0,1.0,0.0,0.0,0.0,1.0,0.0,0.0,0.0,0.0,0.0,0.0
0.0,0.0,0.0,0.9999998208751373,5.987141757822232e-05,-0.0005766530337982597,-0.00014878301462457273,0.9999997070465164,-1.8364931237415087e-05,0.0006107154153827759,0.00046108165459879597,0.9999999139280806,0.0,0.0,-0.00031191365115678526,0.9999999623575069,3.0494420806592476e-05,-0.000268733389583638,-4.623245995277773e-05,0.0,0.0,0.9999998011169411,-4.800767963752101e-05,0.0005818481970420303,0.00023856658743591697,0.9999999938683045,0.0,0.0,-0.0001015483086563397,0.9999984373547496,1.118598734617964e-05,0.0017635900772932688,-0.0001221186800726915,0.0,0.0,1.0,0.0,0.0,0.0,1.0,0.0,0.0,0.0,1.0,0.0,0.0,0.0,0.0,0.0,0.0,1.0,0.0,0.0,0.0,1.0,0.0,0.0,0.0,0.0,0.0,0.0
0.0,0.0,0.0,0.9999998208751373,5.987141757822232e-05,-0.0005766530337982597,-0.00014878301462457273,0.9999997070465164,-1.8364931237415087e-05,0.0006107154153827759,0.00046108165459879597,0.9999999139280806,0.0,0.0,-0.00031191365115678526,0.9999999623575069,3.0494420806592476e-05,-0.000268733389583638,-4.623245995277773e-05,0.0,0.0,0.9999998011169411,-4.800767963752101e-05,0.0005818481970420303,0.00023856658743591697,0.9999999938683045,0.0,0.0,-0.0001015483086563397,0.9999984373547496,1.118598734617964e-05,0.0017635900772932688,-0.0001221186800726915,0.0,0.0,1.0,0.0,0.0,0.0,1.0,0.0,0.0,0.0,1.0,0.0,0.0,0.0,0.0,0.0,0.0,1.0,0.0,0.0,0.0,1.0,0.0,0.0,0.0,0.0,0.0,0.0
0.0,0.0,0.0,0.9999998208751373,5.987141757822232e-05,-0.0005766530337982597,-0.00014878301462457273,0.9999997039924299,-2.550945819669775e-05,0.0006126399484567432,0.00046479739011214477,0.9999999164835554,0.0,0.0,-0.00030688251719832157,0.999999962089746,3.106964513599785e-05,-0.0002680170429204396,-5.497316174737313e-05,0.0,0.0,0.9999998011169411,-4.800767963752101e-05,0.0005818481970420303,0.00023856658743591697,0.9999999938683045,0.0,0.0,-0.0001015483086563397,0.9999984373547496,1.118598734617964e-05,0.0017635900772932688,-0.0001221186800726915,0.0,0.0,1.0,0.0,0.0,0.0,1.0,0.0,0.0,0.0,1.0,0.0,0.0,0.0,0.0,0.0,0.0,1.0,0.0,0.0,0.0,1.0,0.0,0.0,0.0,0.0,0.0,0.0
0.0,0.0,0.0,0.9999998208751373,5.987141757822232e-05,-0.0005766530337982597,-0.00014878301462457273,0.9999997039924299,-2.550945819669775e-05,0.0006126399484567432,0.00046479739011214477,0.9999999164835554,0.0,0.0,-0.00030688251719832157,0.999999962089746,3.106964513599785e-05,-0.0002680170429204396,-5.497316174737313e-05,0.0,0.0,0.9999998011169411,-4.800767963752101e-05,0.0005818481970420303,0.00023856658743591697,0.9999999938683045,0.0,0.0,-0.0001015483086563397,0.9999984373547496,1.118598734617964e-05,0.0017635900772932688,-0.0001221186800726915,0.0,0.0,1.0,0.0,0.0,0.0,1.0,0.0,0.0,0.0,1.0,0.0,0.0,0.0,0.0,0.0,0.0,1.0,0.0,0.0,0.0,1.0,0.0,0.0,0.0,0.0,0.0,0.0
0.0,0.0,0.0,0.9999998208751373,5.987141757822232e-05,-0.0005766530337982597,-0.00014878301462457273,0.9999996987548313,-4.359396077979695e-05,0.0006236377558536155,0.0004600714757650726,0.9999999264180649,0.0,0.0,-0.00027919819715421584,0.9999999588817898,2.7865832390292454e-05,-0.0002745705061462839,-7.791630866662614e-05,0.0,0.0,0.9999998021162969,-5.1554431879119e-05,0.000576751052123133,0.0002459018736123694,0.9999999930751906,0.0,0.0,-0.00010888155912984665,0.9999984373547496,1.118598734617964e-05,0.0017635900772932688,-0.0001221186800726915,0.0,0.0,1.0,0.0,0.0,0.0,1.0,0.0,0.0,0.0,1.0,0.0,0.0,0.0,0.0,0.0,0.0,1.0,0.0,0.0,0.0,1.0,0.0,0.0,0.0,0.0,0.0,0.0
0.0,0.0,0.0,0.9999998208751373,5.987141757822232e-05,-0.0005766530337982597,-0.00014878301462457273,0.9999996987548313,-4.359396077979695e-05,0.0006236377558536155,0.0004600714757650726,0.9999999264180649,0.0,0.0,-0.00027919819715421584,0.9999999588817898,2.7865832390292454e-05,-0.0002745705061462839,-7.791630866662614e-05,0.0,0.0,0.9999998021162969,-5.1554431879119e-05,0.000576751052123133,0.0002459018736123694,0.9999999930751906,0.0,0.0,-0.00010888155912984665,0.9999984373547496,1.118598734617964e-05,0.0017635900772932688,-0.0001221186800726915,0.0,0.0,1.0,0.0,0.0,0.0,1.0,0.0,0.0,0.0,1.0,0.0,0.0,0.0,0.0,0.0,0.0,1.0,0.0,0.0,0.0,1.0,0.0,0.0,0.0,0.0,0.0,0.0
0.0,0.0,0.0,0.9999998208751373,5.987141757822232e-05,-0.0005766530337982597,-0.00014878301462457273,0.9999996987548313,-4.359396077979695e-05,0.0006236377558536155,0.0004600714757650726,0.9999999264180649,0.0,0.0,-0.00027919819715421584,0.9999999605987174,3.682420748452573e-05,-0.00026835150923409327,-7.371572890770638e-05,0.0,0.0,0.9999998006875006,-4.175540519829099e-05,0.0005773356580901507,0.0002521209691514943,0.9999999921642447,0.0,0.0,-0.00011826819690567436,0.9999984288299709,-8.660499532157045e-06,0.0017685154036202575,-0.00012089603967038302,0.0,0.0,1.0,0.0,0.0,0.0,1.0,0.0,0.0,0.0,1.0,0.0,0.0,0.0,0.0,0.0,0.0,1.0,0.0,0.0,0.0,1.0,0.0,0.0,0.0,0.0,0.0,0.0
0.0,0.0,0.0,0.9999998208751373,5.987141757822232e-05,-0.0005766530337982597,-0.00014878301462457273,0.9999996987548313,-4.359396077979695e-05,0.0006236377558536155,0.0004600714757650726,0.9999999264180649,0.0,0.0,-0.00027919819715421584,0.9999999605987174,3.682420748452573e-05,-0.00026835150923409327,-7.371572890770638e-05,0.0,0.0,0.9999998006875006,-4.175540519829099e-05,0.0005773356580901507,0.0002521209691514943,0.9999999921642447,0.0,0.0,-0.00011826819690567436,0.9999984288299709,-8.660499532157045e-06,0.0017685154036202575,-0.00012089603967038302,0.0,0.0,1.0,0.0,0.0,0.0,1.0,0.0,0.0,0.0,1.0,0.0,0.0,0.0,0.0,0.0,0.0,1.0,0.0,0.0,0.0,1.0,0.0,0.0,0.0,0.0,0.0,0.0
0.0,0.0,0.0,0.9999998208751373,5.987141757822232e-05,-0.0005766530337982597,-0.00014878301462457273,0.9999996987548313,-4.359396077979695e-05,0.0006236377558536155,0.0004600714757650726,0.9999999264180649,0.0,0.0,-0.00027919819715421584,0.9999999583813399,3.902012616934699e-05,-0.00026173903563649667,-0.00011492356269978288,0.0,0.0,0.9999998006875006,-4.175540519829099e-05,0.0005773356580901507,0.0002521209691514943,0.9999999917236772,0.0,0.0,-0.00011885937304046784,0.9999984200214218,6.816933522468598e-07,0.0017737152818176236,-0.00011784860762341685,0.0,0.0,1.0,0.0,0.0,0.0,1.0,0.0,0.0,0.0,1.0,0.0,0.0,0.0,0.0,0.0,0.0,1.0,0.0,0.0,0.0,1.0,0.0,0.0,0.0,0.0,0.0,0.0
0.0,0.0,0.0,0.9999998208751373,5.987141757822232e-05,-0.0005766530337982597,-0.00014878301462457273,0.9999996987548313,-4.359396077979695e-05,0.0006236377558536155,0.0004600714757650726,0.9999999264180649,0.0,0.0,-0.00027919819715421584,0.9999999583813399,3.902012616934699e-05,-0.00026173903563649667,-0.00011492356269978288,0.0,0.0,0.9999998006875006,-4.175540519829099e-05,0.0005773356580901507,0.0002521209691514943,0.9999999917236772,0.0,0.0,-0.00011885937304046784,0.9999984200214218,6.816933522468598e-07,0.0017737152818176236,-0.00011784860762341685,0.0,0.0,1.0,0.0,0.0,0.0,1.0,0.0,0.0,0.0,1.0,0.0,0.0,0.0,0.0,0.0,0.0,1.0,0.0,0.0,0.0,1.0,0.0,0.0,0.0,0.0,0.0,0.0
0.0,0.0,0.0,0.9999998187490338,4.376517573741094e-05,-0.0005828001188228154,-0.0001446738759113029,0.999999690905374,-2.541199381014721e-05,0.0006390159019193905,0.00045738612131968667,0.9999999284461925,0.0,0.0,-0.0002842180911876305,0.9999999601091305,2.829636824807675e-05,-0.0002580443650363933,-0.00011132905579300336,0.0,0.0,0.999999798691106,-2.5648525424401923e-05,0.0005834810043279481,0.00024801173009778715,0.9999999917236772,0.0,0.0,-0.00011885937304046784,0.9999984200214218,6.816933522468598e-07,0.0017737152818176236,-0.00011784860762341685,0.0,0.0,1.0,0.0,0.0,0.0,1.0,0.0,0.0,0.0,1.0,0.0,0.0,0.0,0.0,0.0,0.0,1.0,0.0,0.0,0.0,1.0,0.0,0.0,0.0,0.0,0.0,0.0
0.0,0.0,0.0,0.9999998187490338,4.376517573741094e-05,-0.0005828001188228154,-0.0001446738759113029,0.999999690905374,-2.541199381014721e-05,0.0006390159019193905,0.00045738612131968667,0.9999999284461925,0.0,0.0,-0.0002842180911876305,0.9999999601091305,2.829636824807675e-05,-0.0002580443650363933,-0.00011132905579300336,0.0,0.0,0.999999798691106,-2.5648525424401923e-05,0.0005834810043279481,0.00024801173009778715,0.9999999917236772,0.0,0.0,-0.00011885937304046784,0.9999984200214218,6.816933522468598e-07,0.0017737152818176236,-0.00011784860762341685,0.0,0.0,1.0,0.0,0.0,0.0,1.0,0.0,0.0,0.0,1.0,0.0,0.0,0.0,0.0,0.0,0.0,1.0,0.0,0.0,0.0,1.0,0.0,0.0,0.0,0.0,0.0,0.0
0.0,0.0,0.0,0.999999818998265,3.57938945900811e-05,-0.0005826860126976198,-0.00014559960542814672,0.9999996888237145,-2.5495751791824546e-05,0.0006361025548089307,0.00046591413432304677,0.9999999248823986,0.0,0.0,-0.00029220921179538606,0.9999999600618046,7.116106179416111e-06,-0.0002598456496764357,-0.00011093236085552772,0.0,0.0,0.9999998012834199,-2.3760535332747254e-05,0.0005817659296263471,0.00024169600853949042,0.9999999923408306,0.0,0.0,-0.00011161457628841889,0.9999984200214218,6.816933522468598e-07,0.0017737152818176236,-0.00011784860762341685,0.0,0.0,1.0,0.0,0.0,0.0,1.0,0.0,0.0,0.0,1.0,0.0,0.0,0.0,0.0,0.0,0.0,1.0,0.0,0.0,0.0,1.0,0.0,0.0,0.0,0.0,0.0,0.0
0.0,0.0,0.0,0.999999818998265,3.57938945900811e-05,-0.0005826860126976198,-0.00014559960542814672,0.9999996888237145,-2.5495751791824546e-05,0.0006361025548089307,0.00046591413432304677,0.9999999248823986,0.0,0.0,-0.00029220921179538606,0.9999999600618046,7.116106179416111e-06,-0.0002598456496764357,-0.00011093236085552772,0.0,0.0,0.9999998012834199,-2.3760535332747254e-05,0.0005817659296263471,0.00024169600853949042,0.9999999923408306,0.0,0.0,-0.00011161457628841889,0.9999984200214218,6.816933522468598e-07,0.0017737152818176236,-0.00011784860762341685,0.0,0.0,1.0,0.0,0.0,0.0,1.0,0.0,0.0,0.0,1.0,0.0,0.0,0.0,0.0,0.0,0.0,1.0,0.0,0.0,0.0,1.0,0.0,0.0,0.0,0.0,0.0,0.0
0.0,0.0,0.0,0.999999818998265,3.57938945900811e-05,-0.0005826860126976198,-0.00014559960542814672,0.9999996888237145,-2.5495751791824546e-05,0.0006361025548089307,0.00046591413432304677,0.9999999248823986,0.0,0.0,-0.00029220921179538606,0.9999999610639317,5.526987579560353e-06,-0.00026074152067407524,-9.92746025114124e-05,0.0,0.0,0.9999997989874848,-2.146966523958941e-05,0.000584468483784079,0.0002448686074574786,0.9999999916618038,0.0,0.0,-0.00011673732047387403,0.9999984012552542,-9.82153598408365e-07,0.001784311530510694,-0.00011712528808295883,0.0,0.0,1.0,0.0,0.0,0.0,1.0,0.0,0.0,0.0,1.0,0.0,0.0,0.0,0.0,0.0,0.0,1.0,0.0,0.0,0.0,1.0,0.0,0.0,0.0,0.0,0.0,0.0
0.0,0.0,0.0,0.999999818998265,3.57938945900811e-05,-0.0005826860126976198,-0.00014559960542814672,0.9999996888237145,-2.5495751791824546e-05,0.0006361025548089307,0.00046591413432304677,0.9999999248823986,0.0,0.0,-0.00029220921179538606,0.9999999610639317,5.526987579560353e-06,-0.00026074152067407524,-9.92746025114124e-05,0.0,0.0,0.9999997989874848,-2.146966523958941e-05,0.000584468483784079,0.0002448686074574786,0.9999999916618038,0.0,0.0,-0.00011673732047387403,0.9999984012552542,-9.82153598408365e-07,0.001784311530510694,-0.00011712528808295883,0.0,0.0,1.0,0.0,0.0,0.0,1.0,0.0,0.0,0.0,1.0,0.0,0.0,0.0,0.0,0.0,0.0,1.0,0.0,0.0,0.0,1.0,0.0,0.0,0.0,0.0,0.0,0.0
0.0,0.0,0.0,0.999999818998265,3.57938945900811e-05,-0.0005826860126976198,-0.00014559960542814672,0.9999996888237145,-2.5495751791824546e-05,0.0006361025548089307,0.00046591413432304677,0.9999999248823986,0.0,0.0,-0.00029220921179538606,0.9999999652108024,-1.993558788769242e-05,-0.00025569125831009863,-6.16680364405866e-05,0.0,0.0,0.9999997989874848,-2.146966523958941e-05,0.000584468483784079,0.0002448686074574786,0.9999999916618038,0.0,0.0,-0.00011673732047387403,0.9999984012552542,-9.82153598408365e-07,0.001784311530510694,-0.00011712528808295883,0.0,0.0,1.0,0.0,0.0,0.0,1.0,0.0,0.0,0.0,1.0,0.0,0.0,0.0,0.0,0.0,0.0,1.0,0.0,0.0,0.0,1.0,0.0,0.0,0.0,0.0,0.0,0.0
0.0,0.0,0.0,0.999999818998265,3.57938945900811e-05,-0.0005826860126976198,-0.00014559960542814672,0.9999996888237145,-2.5495751791824546e-05,0.0006361025548089307,0.00046591413432304677,0.9999999248823986,0.0,0.0,-0.00029220921179538606,0.9999999652108024,-1.993558788769242e-05,-0.00025569125831009863,-6.16680364405866e-05,0.0,0.0,0.9999997989874848,-2.146966523958941e-05,0.000584468483784079,0.0002448686074574786,0.9999999916618038,0.0,0.0,-0.00011673732047387403,0.9999984012552542,-9.82153598408365e-07,0.001784311530510694,-0.00011712528808295883,0.0,0.0,1.0,0.0,0.0,0.0,1.0,0.0,0.0,0.0,1.0,0.0,0.0,0.0,0.0,0.0,0.0,1.0,0.0,0.0,0.0,1.0,0.0,0.0,0.0,0.0,0.0,0.0
0.0,0.0,0.0,0.9999998152743442,4.6429547481343584e-05,-0.0005821519308132659,-0.00016850728189054514,0.9999996830265205,-3.900759645433603e-05,0.0006288298837838034,0.00048682465336816633,0.9999999257132227,0.0,0.0,-0.00028800005516239186,0.9999999664441631,-1.7301486649831292e-05,-0.0002504634574319781,-6.387791329612036e-05,0.0,0.0,0.9999997931420337,-3.2105411856085754e-05,0.0005839357845913732,0.0002677762721565833,0.9999999916618038,0.0,0.0,-0.00011673732047387403,0.9999984190137758,7.805856284714193e-06,0.0017752862627776996,-0.00010132967288046522,0.0,0.0,1.0,0.0,0.0,0.0,1.0,0.0,0.0,0.0,1.0,0.0,0.0,0.0,0.0,0.0,0.0,1.0,0.0,0.0,0.0,1.0,0.0,0.0,0.0,0.0,0.0,0.0
0.0,0.0,0.0,0.9999998152743442,4.6429547481343584e-05,-0.0005821519308132659,-0.00016850728189054514,0.9999996830265205,-3.900759645433603e-05,0.0006288298837838034,0.00048682465336816633,0.9999999257132227,0.0,0.0,-0.00028800005516239186,0.9999999664441631,-1.7301486649831292e-05,-0.0002504634574319781,-6.387791329612036e-05,0.0,0.0,0.9999997931420337,-3.2105411856085754e-05,0.0005839357845913732,0.0002677762721565833,0.9999999916618038,0.0,0.0,-0.00011673732047387403,0.9999984190137758,7.805856284714193e-06,0.0017752862627776996,-0.00010132967288046522,0.0,0.0,1.0,0.0,0.0,0.0,1.0,0.0,0.0,0.0,1.0,0.0,0.0,0.0,0.0,0.0,0.0,1.0,0.0,0.0,0.0,1.0,0.0,0.0,0.0,0.0,0.0,0.0
0.0,0.0,0.0,0.9999998105534403,3.582453415660403e-05,-0.0005883168601178818,-0.0001774625548030288,0.9999996714649001,-2.4626811759367957e-05,0.0006495000038644623,0.00048436902977085365,0.999999932598149,0.0,0.0,-0.0002765922254292471,0.9999999664441631,-1.7301486649831292e-05,-0.0002504634574319781,-6.387791329612036e-05,0.0,0.0,0.9999997865085865,-3.260110370038626e-05,0.0005930484572451129,0.00027242150587679706,0.9999999915425893,0.0,0.0,-0.00011242118386575589,0.9999984190137758,7.805856284714193e-06,0.0017752862627776996,-0.00010132967288046522,0.0,0.0,1.0,0.0,0.0,0.0,1.0,0.0,0.0,0.0,1.0,0.0,0.0,0.0,0.0,0.0,0.0,1.0,0.0,0.0,0.0,1.0,0.0,0.0,0.0,0.0,0.0,0.0
0.0,0.0,0.0,0.9999998105534403,3.582453415660403e-05,-0.0005883168601178818,-0.0001774625548030288,0.9999996714649001,-2.4626811759367957e-05,0.0006495000038644623,0.00048436902977085365,0.999999932598149,0.0,0.0,-0.0002765922254292471,0.9999999664441631,-1.7301486649831292e-05,-0.0002504634574319781,-6.387791329612036e-05,0.0,0.0,0.9999997865085865,-3.260110370038626e-05,0.0005930484572451129,0.00027242150587679706,0.9999999915425893,0.0,0.0,-0.00011242118386575589,0.9999984190137758,7.805856284714193e-06,0.0017752862627776996,-0.00010132967288046522,0.0,0.0,1.0,0.0,0.0,0.0,1.0,0.0,0.0,0.0,1.0,0.0,0.0,0.0,0.0,0.0,0.0,1.0,0.0,0.0,0.0,1.0,0.0,0.0,0.0,0.0,0.0,0.0
0.0,0.0,0.0,0.9999998105534403,3.582453415660403e-05,-0.0005883168601178818,-0.0001774625548030288,0.9999996714649001,-2.4626811759367957e-05,0.0006495000038644623,0.00048436902977085365,0.999999932598149,0.0,0.0,-0.0002765922254292471,0.9999999664441631,-1.7301486649831292e-05,-0.0002504634574319781,-6.387791329612036e-05,0.0,0.0,0.9999997865085865,-3.260110370038626e-05,0.0005930484572451129,0.00027242150587679706,0.9999999915425893,0.0,0.0,-0.00011242118386575589,0.9999984190137758,7.805856284714193e-06,0.0017752862627776996,-0.00010132967288046522,0.0,0.0,1.0,0.0,0.0,0.0,1.0,0.0,0.0,0.0,1.0,0.0,0.0,0.0,0.0,0.0,0.0,1.0,0.0,0.0,0.0,1.0,0.0,0.0,0.0,0.0,0.0,0.0
0.0,0.0,0.0,0.9999998105534403,3.582453415660403e-05,-0.0005883168601178818,-0.0001774625548030288,0.9999996714649001,-2.4626811759367957e-05,0.0006495000038644623,0.00048436902977085365,0.9999999363890965,0.0,0.0,-0.0002658216799017816,0.9999999667560231,-1.1994929588970183e-05,-0.0002460414476825582,-7.620813769220067e-05,0.0,0.0,0.9999997866930542,-3.53230988440635e-05,0.0005883997883268792,0.0002813393213910561,0.999999988789789,0.0,0.0,-0.00012561379167402997,0.9999983861569061,-7.76307838637168e-06,0.0017938208381211576,-9.914695583208396e-05,0.0,0.0,1.0,0.0,0.0,0.0,1.0,0.0,0.0,0.0,1.0,0.0,0.0,0.0,0.0,0.0,0.0,1.0,0.0,0.0,0.0,1.0,0.0,0.0,0.0,0.0,0.0,0.0
0.0,0.0,0.0,0.9999998105534403,3.582453415660403e-05,-0.0005883168601178818,-0.0001774625548030288,0.9999996714649001,-2.4626811759367957e-05,0.0006495000038644623,0.00048436902977085365,0.9999999363890965,0.0,0.0,-0.0002658216799017816,0.9999999667560231,-1.1994929588970183e-05,-0.0002460414476825582,-7.620813769220067e-05,0.0,0.0,0.9999997866930542,-3.53230988440635e-05,0.0005883997883268792,0.0002813393213910561,0.999999988789789,0.0,0.0,-0.00012561379167402997,0.9999983861569061,-7.76307838637168e-06,0.0017938208381211576,-9.914695583208396e-05,0.0,0.0,1.0,0.0,0.0,0.0,1.0,0.0,0.0,0.0,1.0,0.0,0.0,0.0,0.0,0.0,0.0,1.0,0.0,0.0,0.0,1.0,0.0,0.0,0.0,0.0,0.0,0.0
0.0,0.0,0.0,0.9999998105534403,3.582453415660403e-05,-0.0005883168601178818,-0.0001774625548030288,0.9999996714649001,-2.4626811759367957e-05,0.0006495000038644623,0.00048436902977085365,0.9999999363890965,0.0,0.0,-0.0002658216799017816,0.9999999645993559,4.074480500295485e-05,-0.00023493201365491583,-0.00011810206128632465,0.0,0.0,0.9999997866930542,-3.53230988440635e-05,0.0005883997883268792,0.0002813393213910561,0.9999999905081457,0.0,0.0,-0.00012234591787392313,0.9999983852141199,-1.9846584585579416e-05,0.0017937039660225161,-0.0001086340092029832,0.0,0.0,1.0,0.0,0.0,0.0,1.0,0.0,0.0,0.0,1.0,0.0,0.0,0.0,0.0,0.0,0.0,1.0,0.0,0.0,0.0,1.0,0.0,0.0,0.0,0.0,0.0,0.0
0.0,0.0,0.0,0.9999998105534403,3.582453415660403e-05,-0.0005883168601178818,-0.0001774625548030288,0.9999996714649001,-2.4626811759367957e-05,0.0006495000038644623,0.00048436902977085365,0.9999999363890965,0.0,0.0,-0.0002658216799017816,0.9999999645993559,4.074480500295485e-05,-0.00023493201365491583,-0.00011810206128632465,0.0,0.0,0.9999997866930542,-3.53230988440635e-05,0.0005883997883268792,0.0002813393213910561,0.9999999905081457,0.0,0.0,-0.00012234591787392313,0.9999983852141199,-1.9846584585579416e-05,0.0017937039660225161,-0.0001086340092029832,0.0,0.0,1.0,0.0,0.0,0.0,1.0,0.0,0.0,0.0,1.0,0.0,0.0,0.0,0.0,0.0,0.0,1.0,0.0,0.0,0.0,1.0,0.0,0.0,0.0,0.0,0.0,0.0
0.0,0.0,0.0,0.9999998085073109,4.704362658841648e-05,-0.0005917052629141603,-0.0001750917498691409,0.9999996661161075,-4.051708599026123e-05,0.0006538681419842316,0.0004884490682212536,0.9999999335815345,0.0,0.0,-0.0002783799582323782,0.9999999657212668,4.0701967051052486e-05,-0.00023314965508833342,-0.00011199130883014321,0.0,0.0,0.9999997848978689,-4.6541839051356315e-05,0.0005917893554669776,0.00027896851387758744,0.9999999905081457,0.0,0.0,-0.00012234591787392313,0.9999983852141199,-1.9846584585579416e-05,0.0017937039660225161,-0.0001086340092029832,0.0,0.0,1.0,0.0,0.0,0.0,1.0,0.0,0.0,0.0,1.0,0.0,0.0,0.0,0.0,0.0,0.0,1.0,0.0,0.0,0.0,1.0,0.0,0.0,0.0,0.0,0.0,0.0
0.0,0.0,0.0,0.9999998085073109,4.704362658841648e-05,-0.0005917052629141603,-0.0001750917498691409,0.9999996661161075,-4.051708599026123e-05,0.0006538681419842316,0.0004884490682212536,0.9999999335815345,0.0,0.0,-0.0002783799582323782,0.9999999657212668,4.0701967051052486e-05,-0.00023314965508833342,-0.00011199130883014321,0.0,0.0,0.9999997848978689,-4.6541839051356315e-05,0.0005917893554669776,0.00027896851387758744,0.9999999905081457,0.0,0.0,-0.00012234591787392313,0.9999983852141199,-1.9846584585579416e-05,0.0017937039660225161,-0.0001086340092029832,0.0,0.0,1.0,0.0,0.0,0.0,1.0,0.0,0.0,0.0,1.0,0.0,0.0,0.0,0.0,0.0,0.0,1.0,0.0,0.0,0.0,1.0,0.0,0.0,0.0,0.0,0.0,0.0
0.0,0.0,0.0,0.9999998085073109,4.704362658841648e-05,-0.0005917052629141603,-0.0001750917498691409,0.9999996721890798,-4.743444742974701e-05,0.0006391137844805191,0.0004948790522829366,0.999999926793133,0.0,0.0,-0.0002877605296270012,0.9999999662371841,2.9999899572669524e-05,-0.00023395975266137946,-0.0001090342644345415,0.0,0.0,0.9999997848545356,-4.289562489085767e-05,0.0005912668370901681,0.00028081021195471305,0.9999999904564966,0.0,0.0,-0.00012418960351936138,0.9999983852141199,-1.9846584585579416e-05,0.0017937039660225161,-0.0001086340092029832,0.0,0.0,1.0,0.0,0.0,0.0,1.0,0.0,0.0,0.0,1.0,0.0,0.0,0.0,0.0,0.0,0.0,1.0,0.0,0.0,0.0,1.0,0.0,0.0,0.0,0.0,0.0,0.0
0.0,0.0,0.0,0.9999998085073109,4.704362658841648e-05,-0.0005917052629141603,-0.0001750917498691409,0.9999996721890798,-4.743444742974701e-05,0.0006391137844805191,0.0004948790522829366,0.999999926793133,0.0,0.0,-0.0002877605296270012,0.9999999662371841,2.9999899572669524e-05,-0.00023395975266137946,-0.0001090342644345415,0.0,0.0,0.9999997848545356,-4.289562489085767e-05,0.0005912668370901681,0.00028081021195471305,0.9999999904564966,0.0,0.0,-0.00012418960351936138,0.9999983852141199,-1.9846584585579416e-05,0.0017937039660225161,-0.0001086340092029832,0.0,0.0,1.0,0.0,0.0,0.0,1.0,0.0,0.0,0.0,1.0,0.0,0.0,0.0,0.0,0.0,0.0,1.0,0.0,0.0,0.0,1.0,0.0,0.0,0.0,0.0,0.0,0.0
0.0,0.0,0.0,0.9999998085073109,4.704362658841648e-05,-0.0005917052629141603,-0.0001750917498691409,0.9999996721890798,-4.743444742974701e-05,0.0006391137844805191,0.0004948790522829366,0.999999926793133,0.0,0.0,-0.0002877605296270012,0.999999966923393,4.044407438631735e-05,-0.00023369943541183175,-9.950911285215056e-05,0.0,0.0,0.9999997835881785,-5.7367293496230576e-05,0.0005875269357019753,0.00029042157211333475,0.9999999873216306,0.0,0.0,-0.00014019989209923758,0.9999983882223814,-2.7373515091925842e-05,0.0017924190163281872,-0.00010018682529920625,0.0,0.0,1.0,0.0,0.0,0.0,1.0,0.0,0.0,0.0,1.0,0.0,0.0,0.0,0.0,0.0,0.0,1.0,0.0,0.0,0.0,1.0,0.0,0.0,0.0,0.0,0.0,0.0
0.0,0.0,0.0,0.9999998085073109,4.704362658841648e-05,-0.0005917052629141603,-0.0001750917498691409,0.9999996721890798,-4.743444742974701e-05,0.0006391137844805191,0.0004948790522829366,0.999999926793133,0.0,0.0,-0.0002877605296270012,0.999999966923393,4.044407438631735e-05,-0.00023369943541183175,-9.950911285215056e-05,0.0,0.0,0.9999997835881785,-5.7367293496230576e-05,0.0005875269357019753,0.00029042157211333475,0.9999999873216306,0.0,0.0,-0.00014019989209923758,0.9999983882223814,-2.7373515091925842e-05,0.0017924190163281872,-0.00010018682529920625,0.0,0.0,1.0,0.0,0.0,0.0,1.0,0.0,0.0,0.0,1.0,0.0,0.0,0.0,0.0,0.0,0.0,1.0,0.0,0.0,0.0,1.0,0.0,0.0,0.0,0.0,0.0,0.0
0.0,0.0,0.0,0.9999997967223897,2.065202550366003e-05,-0.0006064314509183091,-0.00019588151654634868,0.9999996531382209,-2.9455885127699605e-05,0.0006531090266616539,0.0005160468852291767,0.9999999262264194,0.0,0.0,-0.0002881297350088843,0.999999966923393,4.044407438631735e-05,-0.00023369943541183175,-9.950911285215056e-05,0.0,0.0,0.9999997697415711,-3.097390724927718e-05,0.0006022498640242275,0.0003112113799680499,0.9999999878025778,0.0,0.0,-0.00013514123782648705,0.9999983753041063,-2.5127374095240278e-05,0.0017993559761250522,-0.00010524178741498095,0.0,0.0,1.0,0.0,0.0,0.0,1.0,0.0,0.0,0.0,1.0,0.0,0.0,0.0,0.0,0.0,0.0,1.0,0.0,0.0,0.0,1.0,0.0,0.0,0.0,0.0,0.0,0.0
0.0,0.0,0.0,0.9999997967223897,2.065202550366003e-05,-0.0006064314509183091,-0.00019588151654634868,0.9999996531382209,-2.9455885127699605e-05,0.0006531090266616539,0.0005160468852291767,0.9999999262264194,0.0,0.0,-0.0002881297350088843,0.999999966923393,4.044407438631735e-05,-0.00023369943541183175,-9.950911285215056e-05,0.0,0.0,0.9999997697415711,-3.097390724927718e-05,0.0006022498640242275,0.0003112113799680499,0.9999999878025778,0.0,0.0,-0.00013514123782648705,0.9999983753041063,-2.5127374095240278e-05,0.0017993559761250522,-0.00010524178741498095,0.0,0.0,1.0,0.0,0.0,0.0,1.0,0.0,0.0,0.0,1.0,0.0,0.0,0.0,0.0,0.0,0.0,1.0,0.0,0.0,0.0,1.0,0.0,0.0,0.0,0.0,0.0,0.0
0.0,0.0,0.0,0.9999997967223897,2.065202550366003e-05,-0.0006064314509183091,-0.00019588151654634868,0.9999996531382209,-2.9455885127699605e-05,0.0006531090266616539,0.0005160468852291767,0.9999999262264194,0.0,0.0,-0.0002881297350088843,0.9999999695140278,4.567929904922931e-06,-0.00023874213308358223,-6.287504648665213e-05,0.0,0.0,0.9999997697415711,-3.097390724927718e-05,0.0006022498640242275,0.0003112113799680499,0.9999999878025778,0.0,0.0,-0.00013514123782648705,0.9999983599891221,-1.1789720073036742e-05,0.0018064085212831946,-0.00012949255969629174,0.0,0.0,1.0,0.0,0.0,0.0,1.0,0.0,0.0,0.0,1.0,0.0,0.0,0.0,0.0,0.0,0.0,1.0,0.0,0.0,0.0,1.0,0.0,0.0,0.0,0.0,0.0,0.0
0.0,0.0,0.0,0.9999997967223897,2.065202550366003e-05,-0.0006064314509183091,-0.00019588151654634868,0.9999996531382209,-2.9455885127699605e-05,0.0006531090266616539,0.0005160468852291767,0.9999999262264194,0.0,0.0,-0.0002881297350088843,0.9999999695140278,4.567929904922931e-06,-0.00023874213308358223,-6.287504648665213e-05,0.0,0.0,0.9999997697415711,-3.097390724927718e-05,0.0006022498640242275,0.0003112113799680499,0.9999999878025778,0.0,0.0,-0.00013514123782648705,0.9999983599891221,-1.1789720073036742e-05,0.0018064085212831946,-0.00012949255969629174,0.0,0.0,1.0,0.0,0.0,0.0,1.0,0.0,0.0,0.0,1.0,0.0,0.0,0.0,0.0,0.0,0.0,1.0,0.0,0.0,0.0,1.0,0.0,0.0,0.0,0.0,0.0,0.0
0.0,0.0,0.0,0.9999997967223897,2.065202550366003e-05,-0.0006064314509183091,-0.00019588151654634868,0.999999646986763,-1.9896916884894578e-05,0.0006594238494221022,0.0005203754884790686,0.999999929883092,0.0,0.0,-0.0002883944855040996,0.9999999711901292,3.414971637888289e-07,-0.00023051598211937946,-6.694778848476901e-05,0.0,0.0,0.9999997697415711,-3.097390724927718e-05,0.0006022498640242275,0.0003112113799680499,0.9999999878025778,0.0,0.0,-0.00013514123782648705,0.9999983599891221,-1.1789720073036742e-05,0.0018064085212831946,-0.00012949255969629174,0.0,0.0,1.0,0.0,0.0,0.0,1.0,0.0,0.0,0.0,1.0,0.0,0.0,0.0,0.0,0.0,0.0,1.0,0.0,0.0,0.0,1.0,0.0,0.0,0.0,0.0,0.0,0.0
0.0,0.0,0.0,0.9999997967223897,2.065202550366003e-05,-0.0006064314509183091,-0.00019588151654634868,0.999999646986763,-1.9896916884894578e-05,0.0006594238494221022,0.0005203754884790686,0.999999929883092,0.0,0.0,-0.0002883944855040996,0.9999999711901292,3.414971637888289e-07,-0.00023051598211937946,-6.694778848476901e-05,0.0,0.0,0.9999997697415711,-3.097390724927718e-05,0.0006022498640242275,0.0003112113799680499,0.9999999878025778,0.0,0.0,-0.00013514123782648705,0.9999983599891221,-1.1789720073036742e-05,0.0018064085212831946,-0.00012949255969629174,0.0,0.0,1.0,0.0,0.0,0.0,1.0,0.0,0.0,0.0,1.0,0.0,0.0,0.0,0.0,0.0,0.0,1.0,0.0,0.0,0.0,1.0,0.0,0.0,0.0,0.0,0.0,0.0
0.0,0.0,0.0,0.9999997967223897,2.065202550366003e-05,-0.0006064314509183091,-0.00019588151654634868,0.999999646986763,-1.9896916884894578e-05,0.0006594238494221022,0.0005203754884790686,0.9999999323717434,0.0,0.0,-0.0002659886274597809,0.9999999662659969,-1.4143463207370994e-05,-0.00024348296160211255,-8.935331643959002e-05,0.0,0.0,0.9999997705179936,-2.8926346480779127e-05,0.0006018292697433072,0.00030972367821712724,0.9999999899282067,0.0,0.0,-0.00011778008759117753,0.9999983590649142,-1.6045147997076938e-05,0.0018056788913635294,-0.00014537459774338385,0.0,0.0,1.0,0.0,0.0,0.0,1.0,0.0,0.0,0.0,1.0,0.0,0.0,0.0,0.0,0.0,0.0,1.0,0.0,0.0,0.0,1.0,0.0,0.0,0.0,0.0,0.0,0.0
0.0,0.0,0.0,0.9999997967223897,2.065202550366003e-05,-0.0006064314509183091,-0.00019588151654634868,0.999999646986763,-1.9896916884894578e-05,0.0006594238494221022,0.0005203754884790686,0.9999999323717434,0.0,0.0,-0.0002659886274597809,0.9999999662659969,-1.4143463207370994e-05,-0.00024348296160211255,-8.935331643959002e-05,0.0,0.0,0.9999997705179936,-2.8926346480779127e-05,0.0006018292697433072,0.00030972367821712724,0.9999999899282067,0.0,0.0,-0.00011778008759117753,0.9999983590649142,-1.6045147997076938e-05,0.0018056788913635294,-0.00014537459774338385,0.0,0.0,1.0,0.0,0.0,0.0,1.0,0.0,0.0,0.0,1.0,0.0,0.0,0.0,0.0,0.0,0.0,1.0,0.0,0.0,0.0,1.0,0.0,0.0,0.0,0.0,0.0,0.0
0.0,0.0,0.0,0.9999997916083736,2.6864521429844776e-05,-0.0006135890054788392,-0.000198922194098906,0.9999996405103465,-2.6107250996242266e-05,0.000666583420980914,0.0005234158309642716,0.9999999323717434,0.0,0.0,-0.0002659886274597809,0.9999999662659969,-1.4143463207370994e-05,-0.00024348296160211255,-8.935331643959002e-05,0.0,0.0,0.9999997690153163,-2.7559905580503263e-05,0.000607172792569926,0.0003042219018652453,0.9999999914132035,0.0,0.0,-0.00010924181006419867,0.99999835652672,-1.1566189126812463e-05,0.0018082784427312336,-0.00013015051300976,0.0,0.0,1.0,0.0,0.0,0.0,1.0,0.0,0.0,0.0,1.0,0.0,0.0,0.0,0.0,0.0,0.0,1.0,0.0,0.0,0.0,1.0,0.0,0.0,0.0,0.0,0.0,0.0
0.0,0.0,0.0,0.9999997916083736,2.6864521429844776e-05,-0.0006135890054788392,-0.000198922194098906,0.9999996405103465,-2.6107250996242266e-05,0.000666583420980914,0.0005234158309642716,0.9999999323717434,0.0,0.0,-0.0002659886274597809,0.9999999662659969,-1.4143463207370994e-05,-0.00024348296160211255,-8.935331643959002e-05,0.0,0.0,0.9999997690153163,-2.7559905580503263e-05,0.000607172792569926,0.0003042219018652453,0.9999999914132035,0.0,0.0,-0.00010924181006419867,0.99999835652672,-1.1566189126812463e-05,0.0018082784427312336,-0.00013015051300976,0.0,0.0,1.0,0.0,0.0,0.0,1.0,0.0,0.0,0.0,1.0,0.0,0.0,0.0,0.0,0.0,0.0,1.0,0.0,0.0,0.0,1.0,0.0,0.0,0.0,0.0,0.0,0.0
0.0,0.0,0.0,0.9999997916083736,2.6864521429844776e-05,-0.0006135890054788392,-0.000198922194098906,0.9999996405103465,-2.6107250996242266e-05,0.000666583420980914,0.0005234158309642716,0.9999999323717434,0.0,0.0,-0.0002659886274597809,0.999999964137138,7.806239922966332e-06,-0.00024332016443372,-0.00011162474114450463,0.0,0.0,0.9999997690153163,-2.7559905580503263e-05,0.000607172792569926,0.0003042219018652453,0.9999999926077022,0.0,0.0,-0.00010420061226656057,0.9999983550570234,-9.834722511137962e-06,0.0018102530482411255,-0.00011300631380779111,0.0,0.0,1.0,0.0,0.0,0.0,1.0,0.0,0.0,0.0,1.0,0.0,0.0,0.0,0.0,0.0,0.0,1.0,0.0,0.0,0.0,1.0,0.0,0.0,0.0,0.0,0.0,0.0
0.0,0.0,0.0,0.9999997916083736,2.6864521429844776e-05,-0.0006135890054788392,-0.000198922194098906,0.9999996405103465,-2.6107250996242266e-05,0.000666583420980914,0.0005234158309642716,0.9999999323717434,0.0,0.0,-0.0002659886274597809,0.999999964137138,7.806239922966332e-06,-0.00024332016443372,-0.00011162474114450463,0.0,0.0,0.9999997690153163,-2.7559905580503263e-05,0.000607172792569926,0.0003042219018652453,0.9999999926077022,0.0,0.0,-0.00010420061226656057,0.9999983550570234,-9.834722511137962e-06,0.0018102530482411255,-0.00011300631380779111,0.0,0.0,1.0,0.0,0.0,0.0,1.0,0.0,0.0,0.0,1.0,0.0,0.0,0.0,0.0,0.0,0.0,1.0,0.0,0.0,0.0,1.0,0.0,0.0,0.0,0.0,0.0,0.0
0.0,0.0,0.0,0.9999997998366844,1.9232182612299565e-05,-0.000602311705870088,-0.0001928142190765664,0.9999996482628527,-1.243824346734262e-05,0.000662746130228881,0.00051389398525493,0.999999933248374,0.0,0.0,-0.0002682712357412871,0.9999999592935098,3.0286870202495556e-05,-0.0002462240302948588,-0.00014095889838894193,0.0,0.0,0.9999997778202139,-1.9928793507504387e-05,0.0005958946939426013,0.0002981138701671108,0.9999999926077022,0.0,0.0,-0.00010420061226656057,0.9999983550570234,-9.834722511137962e-06,0.0018102530482411255,-0.00011300631380779111,0.0,0.0,1.0,0.0,0.0,0.0,1.0,0.0,0.0,0.0,1.0,0.0,0.0,0.0,0.0,0.0,0.0,1.0,0.0,0.0,0.0,1.0,0.0,0.0,0.0,0.0,0.0,0.0
0.0,0.0,0.0,0.9999997998366844,1.9232182612299565e-05,-0.000602311705870088,-0.0001928142190765664,0.9999996441253902,-1.4263715377847282e-05,0.000674836889339502,0.0005061035586595653,0.999999937607005,0.0,0.0,-0.00026392022034912686,0.9999999600203092,3.244556632108913e-05,-0.00024493991842348354,-0.00013751764072364765,0.0,0.0,0.9999997778202139,-1.9928793507504387e-05,0.0005958946939426013,0.0002981138701671108,0.9999999926077022,0.0,0.0,-0.00010420061226656057,0.9999983550570234,-9.834722511137962e-06,0.0018102530482411255,-0.00011300631380779111,0.0,0.0,1.0,0.0,0.0,0.0,1.0,0.0,0.0,0.0,1.0,0.0,0.0,0.0,0.0,0.0,0.0,1.0,0.0,0.0,0.0,1.0,0.0,0.0,0.0,0.0,0.0,0.0
0.0,0.0,0.0,0.9999997998366844,1.9232182612299565e-05,-0.000602311705870088,-0.0001928142190765664,0.9999996441253902,-1.4263715377847282e-05,0.000674836889339502,0.0005061035586595653,0.999999937607005,0.0,0.0,-0.00026392022034912686,0.9999999600203092,3.244556632108913e-05,-0.00024493991842348354,-0.00013751764072364765,0.0,0.0,0.9999997767834002,-2.3220295243171285e-05,0.0005940330543569306,0.0003049896685810445,0.9999999918094348,0.0,0.0,-0.00011107464251450045,0.9999983550570234,-9.834722511137962e-06,0.0018102530482411255,-0.00011300631380779111,0.0,0.0,1.0,0.0,0.0,0.0,1.0,0.0,0.0,0.0,1.0,0.0,0.0,0.0,0.0,0.0,0.0,1.0,0.0,0.0,0.0,1.0,0.0,0.0,0.0,0.0,0.0,0.0
0.0,0.0,0.0,0.9999997998366844,1.9232182612299565e-05,-0.000602311705870088,-0.0001928142190765664,0.9999996441253902,-1.4263715377847282e-05,0.000674836889339502,0.0005061035586595653,0.999999937607005,0.0,0.0,-0.00026392022034912686,0.9999999600203092,3.244556632108913e-05,-0.00024493991842348354,-0.00013751764072364765,0.0,0.0,0.9999997733732887,-2.9334399689280625e-05,0.0005926196346031974,0.00031811135279152103,0.9999999901788715,0.0,0.0,-0.00012181116785127515,0.9999983643093129,-2.3041737761527544e-05,0.001805770078074748,-0.00010021078802768551,0.0,0.0,1.0,0.0,0.0,0.0,1.0,0.0,0.0,0.0,1.0,0.0,0.0,0.0,0.0,0.0,0.0,1.0,0.0,0.0,0.0,1.0,0.0,0.0,0.0,0.0,0.0,0.0
0.0,0.0,0.0,0.9999997991391477,2.881241698022594e-05,-0.0006045412940745639,-0.00018820555966958522,0.9999996447559567,-2.3842916525676205e-05,0.0006770694567123445,0.0005014941938421976,0.999999937607005,0.0,0.0,-0.00026392022034912686,0.9999999600203092,3.244556632108913e-05,-0.00024493991842348354,-0.00013751764072364765,0.0,0.0,0.9999997731772626,-3.891439929648251e-05,0.0005948504700264401,0.0003135028088865506,0.9999999877777807,0.0,0.0,-0.00013420281537689322,0.999998341959156,-9.95575560238557e-06,0.0018166878290339138,-0.000125000613962562,0.0,0.0,1.0,0.0,0.0,0.0,1.0,0.0,0.0,0.0,1.0,0.0,0.0,0.0,0.0,0.0,0.0,1.0,0.0,0.0,0.0,1.0,0.0,0.0,0.0,0.0,0.0,0.0
0.0,0.0,0.0,0.9999997907384051,2.6851668182539918e-05,-0.0006150583750359628,-0.00019875947593948583,0.9999996334533156,-9.178120565535143e-06,0.0006902464369341349,0.0005065262608124474,0.9999999413609945,0.0,0.0,-0.0002484333230401352,0.9999999567947795,4.065472194257186e-05,-0.000251004279799033,-0.0001474940144387945,0.0,0.0,0.9999997635761075,-3.695223044093354e-05,0.0006053671978876658,0.0003240568120746236,0.9999999877777807,0.0,0.0,-0.00013420281537689322,0.999998341959156,-9.95575560238557e-06,0.0018166878290339138,-0.000125000613962562,0.0,0.0,1.0,0.0,0.0,0.0,1.0,0.0,0.0,0.0,1.0,0.0,0.0,0.0,0.0,0.0,0.0,1.0,0.0,0.0,0.0,1.0,0.0,0.0,0.0,0.0,0.0,0.0
0.0,0.0,0.0,0.9999997907384051,2.6851668182539918e-05,-0.0006150583750359628,-0.00019875947593948583,0.9999996334533156,-9.178120565535143e-06,0.0006902464369341349,0.0005065262608124474,0.9999999413609945,0.0,0.0,-0.0002484333230401352,0.9999999567947795,4.065472194257186e-05,-0.000251004279799033,-0.0001474940144387945,0.0,0.0,0.9999997635761075,-3.695223044093354e-05,0.0006053671978876658,0.0003240568120746236,0.9999999877777807,0.0,0.0,-0.00013420281537689322,0.999998341959156,-9.95575560238557e-06,0.0018166878290339138,-0.000125000613962562,0.0,0.0,1.0,0.0,0.0,0.0,1.0,0.0,0.0,0.0,1.0,0.0,0.0,0.0,0.0,0.0,0.0,1.0,0.0,0.0,0.0,1.0,0.0,0.0,0.0,0.0,0.0,0.0
0.0,0.0,0.0,0.9999997907384051,2.6851668182539918e-05,-0.0006150583750359628,-0.00019875947593948583,0.9999996625227706,-5.285204888487209e-06,0.0006618545081372561,0.0004866980803994167,0.999999939346465,0.0,0.0,-0.00022066330871559458,0.9999999533299575,5.5925769741713515e-05,-0.0002570040036627336,-0.000155439161929799,0.0,0.0,0.9999997624718178,-4.118634194043325e-05,0.0006019143056124479,0.0003332554006245821,0.9999999864025759,0.0,0.0,-0.00014339914172138577,0.999998341959156,-9.95575560238557e-06,0.0018166878290339138,-0.000125000613962562,0.0,0.0,1.0,0.0,0.0,0.0,1.0,0.0,0.0,0.0,1.0,0.0,0.0,0.0,0.0,0.0,0.0,1.0,0.0,0.0,0.0,1.0,0.0,0.0,0.0,0.0,0.0,0.0
0.0,0.0,0.0,0.9999997907384051,2.6851668182539918e-05,-0.0006150583750359628,-0.00019875947593948583,0.9999996625227706,-5.285204888487209e-06,0.0006618545081372561,0.0004866980803994167,0.999999939346465,0.0,0.0,-0.00022066330871559458,0.9999999533299575,5.5925769741713515e-05,-0.0002570040036627336,-0.000155439161929799,0.0,0.0,0.9999997624718178,-4.118634194043325e-05,0.0006019143056124479,0.0003332554006245821,0.9999999864025759,0.0,0.0,-0.00014339914172138577,0.999998341959156,-9.95575560238557e-06,0.0018166878290339138,-0.000125000613962562,0.0,0.0,1.0,0.0,0.0,0.0,1.0,0.0,0.0,0.0,1.0,0.0,0.0,0.0,0.0,0.0,0.0,1.0,0.0,0.0,0.0,1.0,0.0,0.0,0.0,0.0,0.0,0.0
0.0,0.0,0.0,0.9999997867443817,2.339844224184262e-05,-0.0006218745598485598,-0.00019808012451123105,0.9999996583315849,-1.8299846566049457e-06,0.0006686696835670954,0.00048601874354928823,0.999999939346465,0.0,0.0,-0.00022066330871559458,0.9999999568839911,5.171908175433439e-05,-0.000256162160888535,-0.00013393319129872147,0.0,0.0,0.9999997511967137,-4.778231261002965e-05,0.0006200797451126676,0.00033290309551361184,0.9999999858238934,0.0,0.0,-0.0001296989171751903,0.9999983226134211,-1.742443077540719e-05,0.0018261615619433224,-0.00014000243914004737,0.0,0.0,1.0,0.0,0.0,0.0,1.0,0.0,0.0,0.0,1.0,0.0,0.0,0.0,0.0,0.0,0.0,1.0,0.0,0.0,0.0,1.0,0.0,0.0,0.0,0.0,0.0,0.0
0.0,0.0,0.0,0.9999997867443817,2.339844224184262e-05,-0.0006218745598485598,-0.00019808012451123105,0.9999996583315849,-1.8299846566049457e-06,0.0006686696835670954,0.00048601874354928823,0.999999939346465,0.0,0.0,-0.00022066330871559458,0.9999999568839911,5.171908175433439e-05,-0.000256162160888535,-0.00013393319129872147,0.0,0.0,0.9999997511967137,-4.778231261002965e-05,0.0006200797451126676,0.00033290309551361184,0.9999999858238934,0.0,0.0,-0.0001296989171751903,0.9999983226134211,-1.742443077540719e-05,0.0018261615619433224,-0.00014000243914004737,0.0,0.0,1.0,0.0,0.0,0.0,1.0,0.0,0.0,0.0,1.0,0.0,0.0,0.0,0.0,0.0,0.0,1.0,0.0,0.0,0.0,1.0,0.0,0.0,0.0,0.0,0.0,0.0
0.0,0.0,0.0,0.9999997867443817,2.339844224184262e-05,-0.0006218745598485598,-0.00019808012451123105,0.9999996583315849,-1.8299846566049457e-06,0.0006686696835670954,0.00048601874354928823,0.999999939346465,0.0,0.0,-0.00022066330871559458,0.9999999587680098,2.477658154577519e-05,-0.0002565414859703399,-0.0001266355625635664,0.0,0.0,0.9999997511967137,-4.778231261002965e-05,0.0006200797451126676,0.00033290309551361184,0.9999999843118028,0.0,0.0,-0.00012798678101010443,0.999998334014794,-3.9652030321583676e-05,0.0018194233602971581,-0.00014175326786484413,0.0,0.0,1.0,0.0,0.0,0.0,1.0,0.0,0.0,0.0,1.0,0.0,0.0,0.0,0.0,0.0,0.0,1.0,0.0,0.0,0.0,1.0,0.0,0.0,0.0,0.0,0.0,0.0
0.0,0.0,0.0,0.9999997867443817,2.339844224184262e-05,-0.0006218745598485598,-0.00019808012451123105,0.9999996583315849,-1.8299846566049457e-06,0.0006686696835670954,0.00048601874354928823,0.999999939346465,0.0,0.0,-0.00022066330871559458,0.9999999587680098,2.477658154577519e-05,-0.0002565414859703399,-0.0001266355625635664,0.0,0.0,0.9999997511967137,-4.778231261002965e-05,0.0006200797451126676,0.00033290309551361184,0.9999999843118028,0.0,0.0,-0.00012798678101010443,0.999998334014794,-3.9652030321583676e-05,0.0018194233602971581,-0.00014175326786484413,0.0,0.0,1.0,0.0,0.0,0.0,1.0,0.0,0.0,0.0,1.0,0.0,0.0,0.0,0.0,0.0,0.0,1.0,0.0,0.0,0.0,1.0,0.0,0.0,0.0,0.0,0.0,0.0
0.0,0.0,0.0,0.9999997893815937,8.134384596260884e-06,-0.0006266066221169324,-0.00016892229308383181,0.9999996720308895,1.9916909256130956e-05,0.000669334654999966,0.0004555574056916289,0.9999999337445447,0.0,0.0,-0.00023988756097777857,0.9999999611543701,2.271420961748643e-05,-0.00025673970170595866,-0.00010611337630859883,0.0,0.0,0.9999997581465941,-3.251766953703135e-05,0.0006248104630544197,0.0003037453531296133,0.9999999843118028,0.0,0.0,-0.00012798678101010443,0.9999983170492606,-0.00012862277306348714,0.0018281619312472592,-8.472769289734744e-05,0.0,0.0,1.0,0.0,0.0,0.0,1.0,0.0,0.0,0.0,1.0,0.0,0.0,0.0,0.0,0.0,0.0,1.0,0.0,0.0,0.0,1.0,0.0,0.0,0.0,0.0,0.0,0.0
0.0,0.0,0.0,0.9999997893815937,8.134384596260884e-06,-0.0006266066221169324,-0.00016892229308383181,0.9999996720308895,1.9916909256130956e-05,0.000669334654999966,0.0004555574056916289,0.9999999337445447,0.0,0.0,-0.00023988756097777857,0.9999999611543701,2.271420961748643e-05,-0.00025673970170595866,-0.00010611337630859883,0.0,0.0,0.9999997581465941,-3.251766953703135e-05,0.0006248104630544197,0.0003037453531296133,0.9999999843118028,0.0,0.0,-0.00012798678101010443,0.9999983170492606,-0.00012862277306348714,0.0018281619312472592,-8.472769289734744e-05,0.0,0.0,1.0,0.0,0.0,0.0,1.0,0.0,0.0,0.0,1.0,0.0,0.0,0.0,0.0,0.0,0.0,1.0,0.0,0.0,0.0,1.0,0.0,0.0,0.0,0.0,0.0,0.0
0.0,0.0,0.0,0.9999997893815937,8.134384596260884e-06,-0.0006266066221169324,-0.00016892229308383181,0.999999669295673,2.1013683309162667e-05,0.0006737534843847025,0.0004549980353321386,0.9999999317236511,0.0,0.0,-0.000248320492438423,0.99999996036441,5.921953921273741e-05,-0.00025754926449818045,-9.71215785275564e-05,0.0,0.0,0.9999997592520103,-2.884667526521365e-05,0.0006282191608202048,0.00029326519860645606,0.9999999868768544,0.0,0.0,-0.00011647710662775067,0.9999983158319394,-0.00011791430859113304,0.0018295021556696692,-8.574009022426804e-05,0.0,0.0,1.0,0.0,0.0,0.0,1.0,0.0,0.0,0.0,1.0,0.0,0.0,0.0,0.0,0.0,0.0,1.0,0.0,0.0,0.0,1.0,0.0,0.0,0.0,0.0,0.0,0.0
0.0,0.0,0.0,0.9999997895337285,7.685642515905354e-06,-0.0006290740328962828,-0.00015855374711391338,0.9999996722848742,2.1463620057063993e-05,0.0006762204662369436,0.000444629439501918,0.9999999317236511,0.0,0.0,-0.000248320492438423,0.9999999583192437,5.712096052148407e-05,-0.0002630473696769094,-0.00010442599266536843,0.0,0.0,0.9999997549870648,-3.213956237968123e-05,0.0006351901670975537,0.0002924488165905771,0.9999999850682983,0.0,0.0,-0.00012602680123291964,0.9999983152472006,-9.538145439106542e-05,0.0018310189668558068,-8.817415401088767e-05,0.0,0.0,1.0,0.0,0.0,0.0,1.0,0.0,0.0,0.0,1.0,0.0,0.0,0.0,0.0,0.0,0.0,1.0,0.0,0.0,0.0,1.0,0.0,0.0,0.0,0.0,0.0,0.0
0.0,0.0,0.0,0.9999997895337285,7.685642515905354e-06,-0.0006290740328962828,-0.00015855374711391338,0.9999996722848742,2.1463620057063993e-05,0.0006762204662369436,0.000444629439501918,0.9999999317236511,0.0,0.0,-0.000248320492438423,0.9999999583192437,5.712096052148407e-05,-0.0002630473696769094,-0.00010442599266536843,0.0,0.0,0.9999997549870648,-3.213956237968123e-05,0.0006351901670975537,0.0002924488165905771,0.9999999850682983,0.0,0.0,-0.00012602680123291964,0.9999983152472006,-9.538145439106542e-05,0.0018310189668558068,-8.817415401088767e-05,0.0,0.0,1.0,0.0,0.0,0.0,1.0,0.0,0.0,0.0,1.0,0.0,0.0,0.0,0.0,0.0,0.0,1.0,0.0,0.0,0.0,1.0,0.0,0.0,0.0,0.0,0.0,0.0
0.0,0.0,0.0,0.9999997895337285,7.685642515905354e-06,-0.0006290740328962828,-0.00015855374711391338,0.9999996722848742,2.1463620057063993e-05,0.0006762204662369436,0.000444629439501918,0.9999999317236511,0.0,0.0,-0.000248320492438423,0.9999999562608994,6.276300906375732e-05,-0.00026369016306649457,-0.00011834906775040351,0.0,0.0,0.9999997549870648,-3.213956237968123e-05,0.0006351901670975537,0.0002924488165905771,0.999999983680867,0.0,0.0,-0.0001497576475428276,0.9999983223665417,-5.546419541033886e-05,0.0018285134212382332,-9.34157034180202e-05,0.0,0.0,1.0,0.0,0.0,0.0,1.0,0.0,0.0,0.0,1.0,0.0,0.0,0.0,0.0,0.0,0.0,1.0,0.0,0.0,0.0,1.0,0.0,0.0,0.0,0.0,0.0,0.0
0.0,0.0,0.0,0.9999997895337285,7.685642515905354e-06,-0.0006290740328962828,-0.00015855374711391338,0.9999996722848742,2.1463620057063993e-05,0.0006762204662369436,0.000444629439501918,0.9999999317236511,0.0,0.0,-0.000248320492438423,0.9999999562608994,6.276300906375732e-05,-0.00026369016306649457,-0.00011834906775040351,0.0,0.0,0.9999997549870648,-3.213956237968123e-05,0.0006351901670975537,0.0002924488165905771,0.999999983680867,0.0,0.0,-0.0001497576475428276,0.9999983223665417,-5.546419541033886e-05,0.0018285134212382332,-9.34157034180202e-05,0.0,0.0,1.0,0.0,0.0,0.0,1.0,0.0,0.0,0.0,1.0,0.0,0.0,0.0,0.0,0.0,0.0,1.0,0.0,0.0,0.0,1.0,0.0,0.0,0.0,0.0,0.0,0.0
0.0,0.0,0.0,0.9999997818977485,2.5481567213848944e-06,-0.0006424310785637345,-0.00015323273702053073,0.9999996711059971,2.304691025350103e-05,0.0006779589994552707,0.00044455408315960014,0.9999999254438411,0.0,0.0,-0.0002606959164952561,0.9999999570914466,5.948567559538689e-05,-0.00026440421820811844,-0.00011121586552318422,0.0,0.0,0.9999997481077878,-2.7000255648797374e-05,0.0006485466553517514,0.00028712816470473877,0.999999983680867,0.0,0.0,-0.0001497576475428276,0.9999983223665417,-5.546419541033886e-05,0.0018285134212382332,-9.34157034180202e-05,0.0,0.0,1.0,0.0,0.0,0.0,1.0,0.0,0.0,0.0,1.0,0.0,0.0,0.0,0.0,0.0,0.0,1.0,0.0,0.0,0.0,1.0,0.0,0.0,0.0,0.0,0.0,0.0
0.0,0.0,0.0,0.9999997818977485,2.5481567213848944e-06,-0.0006424310785637345,-0.00015323273702053073,0.9999996592403402,-2.7534459986306524e-06,0.0006751301619556005,0.0004750903982092177,0.9999999120868733,0.0,0.0,-0.00030604280968252217,0.9999999583419118,5.922082007635453e-05,-0.00026555580668182475,-9.638040511439602e-05,0.0,0.0,0.9999997533085525,-7.806116094331998e-06,0.0006472850600046535,0.000272660869764703,0.9999999870279367,0.0,0.0,-0.00013530149835111222,0.9999983223665417,-5.546419541033886e-05,0.0018285134212382332,-9.34157034180202e-05,0.0,0.0,1.0,0.0,0.0,0.0,1.0,0.0,0.0,0.0,1.0,0.0,0.0,0.0,0.0,0.0,0.0,1.0,0.0,0.0,0.0,1.0,0.0,0.0,0.0,0.0,0.0,0.0
0.0,0.0,0.0,0.9999997818977485,2.5481567213848944e-06,-0.0006424310785637345,-0.00015323273702053073,0.9999996592403402,-2.7534459986306524e-06,0.0006751301619556005,0.0004750903982092177,0.9999999120868733,0.0,0.0,-0.00030604280968252217,0.9999999583419118,5.922082007635453e-05,-0.00026555580668182475,-9.638040511439602e-05,0.0,0.0,0.9999997533085525,-7.806116094331998e-06,0.0006472850600046535,0.000272660869764703,0.9999999870279367,0.0,0.0,-0.00013530149835111222,0.9999983223665417,-5.546419541033886e-05,0.0018285134212382332,-9.34157034180202e-05,0.0,0.0,1.0,0.0,0.0,0.0,1.0,0.0,0.0,0.0,1.0,0.0,0.0,0.0,0.0,0.0,0.0,1.0,0.0,0.0,0.0,1.0,0.0,0.0,0.0,0.0,0.0,0.0
